image_id,dataset,class_label,orig_split,source_image,source_mask,width,height,n_lesions,lesion_area_px,lesion_ratio,contrast,edge_sharpness,mean_intensity,image_hash,split
test_0000,TN3K,nodule,test,0000.jpg,0000.jpg,365,332,1,4083,0.03369367882488859,0.10909604287647157,61.94230646580758,65.78933817461628,6a484f765eec9d0c96ea948f064db9f4,
test_0001,TN3K,nodule,test,0001.jpg,0001.jpg,989,689,1,55835,0.08193906557033023,0.12802532395573624,44.71298957241149,65.79406270132561,3a316564909e709710ae560e63bc55bf,
test_0002,TN3K,nodule,test,0002.jpg,0002.jpg,499,334,2,19205,0.11523046092184369,0.05311244895000495,77.97685822727757,92.86538346153385,7744d551ae7036954dfb0b5021d7c403,
test_0003,TN3K,nodule,test,0003.jpg,0003.jpg,496,334,4,20454,0.12346677612516901,0.08470337929686186,80.8659689357012,94.71856891056596,39d1bff287472921b26c0391e38fd070,
test_0004,TN3K,nodule,test,0004.jpg,0004.jpg,402,356,1,1431,0.00999916149589133,0.07282728605068861,109.37560863278512,50.27396025490525,248fd36b10a94978630a1d2916d286a3,
test_0005,TN3K,nodule,test,0005.jpg,0005.jpg,591,472,1,27185,0.09745404227250566,0.035320409127417754,18.30075077944451,26.86154248759643,3994168f3f001c9b1c1311a41e9e19c4,
test_0006,TN3K,nodule,test,0006.jpg,0006.jpg,423,344,1,19056,0.13095827148276432,0.1978370855705727,137.18995451082515,66.14193331134202,b7bd4e8793123739e6b816f07aa65100,
test_0007,TN3K,nodule,test,0007.jpg,0007.jpg,421,345,1,4945,0.034045922406967535,0.2021362016955217,99.51942675857424,89.63017659816173,d1d92b466395d0f0468b83ee492aef58,
test_0008,TN3K,nodule,test,0008.jpg,0008.jpg,324,289,1,10191,0.10883634499551455,0.23890968056704526,107.7293074019964,33.659009355376135,7890e0a413e7db8e765338dcd004d832,
test_0009,TN3K,nodule,test,0009.jpg,0009.jpg,469,380,1,103393,0.5801425204803052,0.17824292231290229,73.44550220946867,38.11432499158344,54903e37500497c76257553bd6428c47,
test_0010,TN3K,nodule,test,0010.jpg,0010.jpg,466,379,1,33145,0.18766915420068625,0.15392778925358586,75.18436454572614,86.39723917696219,2ea6b36424355c9b77427a6b2db1f9ab,
test_0011,TN3K,nodule,test,0011.jpg,0011.jpg,465,381,1,29017,0.16378517201478848,0.008621510927803083,59.56298622644197,67.58137329607993,3412a717e5b69d47314dc02e1af2749b,
test_0012,TN3K,nodule,test,0012.jpg,0012.jpg,467,377,1,42044,0.23880630924860416,0.01045754092915603,70.23723664919461,69.41123714209441,54528015d4a1eb9e0066aab3be5474e2,
test_0013,TN3K,nodule,test,0013.jpg,0013.jpg,421,373,1,13923,0.08866289251303866,0.05297914008771181,58.02641683887304,61.26579763489203,9fa91d9d983519d6eeb55d48287d6327,
test_0014,TN3K,nodule,test,0014.jpg,0014.jpg,421,388,1,52895,0.3238178612532752,0.16013800775736947,61.128377877633845,41.59138159022455,349e6d3dbc406d9b329211229a8a96d7,
test_0015,TN3K,nodule,test,0015.jpg,0015.jpg,434,344,1,1414,0.00947111777944486,0.0052316935756644345,43.85631359465835,59.64118931518594,0d752804bf0897399391a38015db491f,
test_0016,TN3K,nodule,test,0016.jpg,0016.jpg,439,328,1,1880,0.013056280904494694,0.03322501209107254,98.2940020552676,59.28548113784099,e3c55ebc3179e6af69fd4b575f4f3474,
test_0017,TN3K,nodule,test,0017.jpg,0017.jpg,411,335,1,3379,0.024541525946907797,0.13457519489989941,83.62280086706384,100.20613719722554,f8ccca752284eabdcf4ec09521d99640,
test_0018,TN3K,nodule,test,0018.jpg,0018.jpg,418,391,1,61255,0.37479044041165455,0.06317922984682481,86.58936597846404,38.34714693033444,0f94c0cb2663a84a9bf41ce9c33ee516,
test_0019,TN3K,nodule,test,0019.jpg,0019.jpg,418,391,2,19928,0.12193002851234107,0.058816850191073224,40.26315508730473,34.884408766627104,c946a4ce764bdadd15f4846dd0e40a62,
test_0020,TN3K,nodule,test,0020.jpg,0020.jpg,314,280,1,30306,0.3446997270245678,0.13061127783402326,94.69836151668667,46.944347133757965,b7434318e87fcb96f6bce159599673ad,
test_0021,TN3K,nodule,test,0021.jpg,0021.jpg,880,733,1,181934,0.28205072553640087,0.3225238636096119,87.30107173274607,59.05264944809624,58dde744e47807af62b4c65041fd3e80,
test_0022,TN3K,nodule,test,0022.jpg,0022.jpg,416,366,1,13668,0.08976986128625473,0.05977864859236549,60.26882997476599,37.947831284153004,65fba312f917502636b7adaca457c64d,
test_0023,TN3K,nodule,test,0023.jpg,0023.jpg,434,346,1,6798,0.0452705042486881,0.15553134674681782,103.25662077238113,58.527676407128205,2bfceb5d89bddd9e715debc07ae155b8,
test_0024,TN3K,nodule,test,0024.jpg,0024.jpg,412,334,1,34149,0.2481614441020871,0.10578481120663431,80.3411182926318,87.09021277832684,3d4b09fa4d3c6f73a4c85fd4d25c6d4b,
test_0025,TN3K,nodule,test,0025.jpg,0025.jpg,451,353,1,30599,0.19220115198834192,0.16163905992333855,127.14235223314705,67.55467547722091,31cf04c628443e2e53a775b61c17bc44,
test_0026,TN3K,nodule,test,0026.jpg,0026.jpg,342,376,1,9326,0.07252395172327983,0.1802852509733239,71.37584814751717,85.49603396789847,b5dd4db9a9591d0e93dd58aa70ab51f2,
test_0027,TN3K,nodule,test,0027.jpg,0027.jpg,400,357,1,5531,0.03873249299719888,0.07924032728496272,59.91539794252585,72.51429971988796,32a5e1bbb113bcf7b635a472345bcf5c,
test_0028,TN3K,nodule,test,0028.jpg,0028.jpg,419,364,1,28151,0.18457735581840592,0.028645398129387278,55.08614206913527,54.95724383015553,3628ff33863d90150901e3d80a19c009,
test_0029,TN3K,nodule,test,0029.jpg,0029.jpg,434,351,1,51032,0.3350007220974963,0.2454233816992122,69.43429450609162,42.517704517704516,52129a5ac8a4a6e3805c901cf3625b81,
test_0030,TN3K,nodule,test,0030.jpg,0030.jpg,399,363,1,1127,0.007781160891208738,0.052925384200502926,124.62331892609511,42.40280453199114,f7e808431d1739b143ed94954ae3d2bb,
test_0031,TN3K,nodule,test,0031.jpg,0031.jpg,402,374,1,766,0.005094846622502461,0.14033590941899957,137.51028883973095,46.77040599143321,da91a7072f0bbe23f78441aebeac1c68,
test_0032,TN3K,nodule,test,0032.jpg,0032.jpg,419,386,1,21715,0.13426366750343155,0.02490957014166245,54.91458405501435,27.11739646580187,ed9c53f75fd98905ec966b6df41c796d,
test_0033,TN3K,nodule,test,0033.jpg,0033.jpg,420,384,1,4246,0.02632688492063492,0.08859967501815244,60.426581664059995,24.826686507936508,46220ea53561886ad4d9d203ab84ebef,
test_0034,TN3K,nodule,test,0034.jpg,0034.jpg,417,389,1,6381,0.03933716779789536,0.12172384935267873,82.45413574866978,32.145734312293094,aa8b9c2f6afef2002ee47e5f20bd6257,
test_0035,TN3K,nodule,test,0035.jpg,0035.jpg,475,366,1,3497,0.020115041702617197,0.15180892906488558,74.45648328260026,62.61866551624964,84b798fa87a792f41f62acbf4402f00f,
test_0036,TN3K,nodule,test,0036.jpg,0036.jpg,433,319,2,3277,0.023724543355028344,0.01354444058887191,67.32813663475349,50.63327227841045,da34c76f66be3994a988738c9553622e,
test_0037,TN3K,nodule,test,0037.jpg,0037.jpg,416,396,1,1212,0.007357226107226107,0.007286641159548953,37.15120078476773,64.24160474941725,da775d1362eb92136ad3cfebe6af04f4,
test_0038,TN3K,nodule,test,0038.jpg,0038.jpg,1399,752,3,147799,0.14048693595729472,0.004311905571261451,42.27971097372152,63.33085182425137,310132d24675ccd62c66337f4414f89b,
test_0039,TN3K,nodule,test,0039.jpg,0039.jpg,474,379,1,2629,0.014634336417176002,0.11237704033052295,115.27457141001364,40.31973436647629,14591e1630162deb168372f451bdd3e9,
test_0040,TN3K,nodule,test,0040.jpg,0040.jpg,413,336,1,33927,0.24448720166032514,0.05462798514366439,49.33755623861035,65.33641041162228,cccbc7648d94eb43ff7452ac1cfcae44,
test_0041,TN3K,nodule,test,0041.jpg,0041.jpg,462,381,2,22993,0.13062571723989047,0.10710993717295263,66.23755684205327,52.309131813068824,c5816aee524b43e7a45628eaad934011,
test_0042,TN3K,nodule,test,0042.jpg,0042.jpg,463,378,1,86916,0.4966231272926737,0.29190701615241627,109.70958165701943,91.9221947958449,97e5a14bc01625d40a2965dfdf2d19c1,
test_0043,TN3K,nodule,test,0043.jpg,0043.jpg,463,379,1,59102,0.336807672800424,0.3408212733650041,117.44249276492302,70.37248186372003,73b1b7c5469a759d68ba1390efbf63d1,
test_0044,TN3K,nodule,test,0044.jpg,0044.jpg,983,608,2,16767,0.028054224447181024,0.06692767488062487,46.69130509620266,71.76849701504524,aa45dfc3fe40a258cd24279185fc30ec,
test_0045,TN3K,nodule,test,0045.jpg,0045.jpg,416,393,1,13286,0.08126590330788803,0.11841902986141506,84.08986451161249,112.54259028185555,82d77556f41b7aeeed249630b14e5b78,
test_0046,TN3K,nodule,test,0046.jpg,0046.jpg,416,390,1,4286,0.026417652859960554,0.120462032963146,73.22298170107999,103.08615631163708,f75e91d945b913bc496af941d673450d,
test_0047,TN3K,nodule,test,0047.jpg,0047.jpg,426,351,2,16099,0.10766689405187058,0.05790962244772012,73.59176813789269,44.31701510105266,41851659af406d0f5a7681e523ddfcdd,
test_0048,TN3K,nodule,test,0048.jpg,0048.jpg,360,325,2,7132,0.06095726495726496,0.1604090125969111,120.99420182419428,56.54459829059829,fe3a921f3e1244e580d62d963a68bb24,
test_0049,TN3K,nodule,test,0049.jpg,0049.jpg,311,374,1,25629,0.22034320890004644,0.011425347402217376,67.01464452246616,56.53273896521485,04cae5844cc9cde7763e2ef97fa5435a,
test_0050,TN3K,nodule,test,0050.jpg,0050.jpg,327,295,2,3524,0.03653138443995232,0.09358407941654158,53.67396090365579,66.44824547763437,6019c257ac9cf257523a967112541ad2,
test_0051,TN3K,nodule,test,0051.jpg,0051.jpg,330,338,2,13089,0.11734803657880581,0.12203227558892611,71.1090678014706,63.12918235610543,3336736551ba14caee83371dda363dc0,
test_0052,TN3K,nodule,test,0052.jpg,0052.jpg,342,357,1,47441,0.38856127246220123,0.05601847679655264,64.96337551860404,54.58966861598441,be9ec6fd0f2f8501f845360f2df0846c,
test_0053,TN3K,nodule,test,0053.jpg,0053.jpg,342,342,1,12598,0.10770835470743134,0.17934569043571966,81.64088979126865,76.17291645292569,77a5e1fa4d0ebdaf11f09622b2a401aa,
test_0054,TN3K,nodule,test,0054.jpg,0054.jpg,1120,736,2,105923,0.12849742818322982,0.05825426219373138,40.502567016768666,64.17723092973603,0f58a344b0491246268345c7506c51e1,
test_0055,TN3K,nodule,test,0055.jpg,0055.jpg,1125,744,1,92163,0.11011111111111112,0.0450582925475004,36.19623666803195,70.23656989247311,71087c96f7c37ea3feb1fa79b4995ae5,
test_0056,TN3K,nodule,test,0056.jpg,0056.jpg,989,690,1,40677,0.059607860377192595,0.09615169978375661,57.29943786640311,55.702032502454536,24c536e187c9e37939bbd32f2fdb094b,
test_0057,TN3K,nodule,test,0057.jpg,0057.jpg,411,332,1,37828,0.27722569108550993,0.21673422403952128,91.62614896408891,60.5631210975288,0c83b12464a99f70e5f17ba912511093,
test_0058,TN3K,nodule,test,0058.jpg,0058.jpg,1003,743,1,399240,0.5357279440279431,0.21255191726151254,35.822542033055555,52.078610735760414,ad2ffb56becbeb91b90cc1a0b7c1b68e,
test_0059,TN3K,nodule,test,0059.jpg,0059.jpg,421,393,1,29036,0.17549394692148224,0.25180747289439376,78.62711635432885,48.727529872531775,8960080cb08090c80724ce4d06ad308f,
test_0060,TN3K,nodule,test,0060.jpg,0060.jpg,419,389,1,35864,0.22003668914234528,0.12937835315527135,60.68083972550314,83.32071095950083,d7bbce0fde72bfd4bcb553a3f185df5b,
test_0061,TN3K,nodule,test,0061.jpg,0061.jpg,980,607,1,8142,0.013687254143832163,0.07610026580926679,69.37441035704946,63.01331573815688,b612cf5267d9988eb89a7ad3546c4957,
test_0062,TN3K,nodule,test,0062.jpg,0062.jpg,983,769,1,249232,0.32970379414943507,0.020364680635818408,51.6977419797403,67.79336629066034,dbd4a7f83c3e02b5a73679a02524078c,
test_0063,TN3K,nodule,test,0063.jpg,0063.jpg,419,364,1,43027,0.28211466337957986,0.0764870343379133,59.66401807078651,36.15991764798447,2d7445d2f5f33e705bbd5465e8f888bc,
test_0064,TN3K,nodule,test,0064.jpg,0064.jpg,467,378,1,79789,0.4519957400043053,0.16707462064057124,57.13615430375061,39.16372658985079,5a055941992ce69bb86457b226b8feeb,
test_0065,TN3K,nodule,test,0065.jpg,0065.jpg,521,284,1,39970,0.2701332756616474,0.0499717815091844,78.29340107289195,80.13118055743288,361d2b3564de7f6d5b9d408d55dc50ee,
test_0066,TN3K,nodule,test,0066.jpg,0066.jpg,411,336,1,51022,0.36946761673039047,0.24141691720394795,73.12718208331746,66.18101900127448,b89b496c36dd651e38ea8eeab40df16d,
test_0067,TN3K,nodule,test,0067.jpg,0067.jpg,464,379,1,12026,0.06838549722500227,0.007933150367912567,50.294359285804376,56.48055795650987,6ae3e9609c3e1b1fe6426ecc27843f79,
test_0068,TN3K,nodule,test,0068.jpg,0068.jpg,465,379,1,53160,0.3016426929951485,0.02878159569521675,72.5560219755257,66.37992453258434,579ed8deee9871400fd9ef3774c763aa,
test_0069,TN3K,nodule,test,0069.jpg,0069.jpg,357,398,1,81145,0.5710977858480075,0.09461876834883129,39.19079895874727,56.053896935658685,b021093fc41f778590f1f6e537c0fa8a,
test_0070,TN3K,nodule,test,0070.jpg,0070.jpg,355,398,1,77807,0.5506900700686531,0.15103611796343835,48.2307357622246,44.89209427418784,2aed9867133e75dc713f94889f11faed,
test_0071,TN3K,nodule,test,0071.jpg,0071.jpg,416,382,1,71216,0.448147402335884,0.18593619327056338,88.73035142247561,88.51262333870318,2c2d62786f0280fc15bddef907efa24a,
test_0072,TN3K,nodule,test,0072.jpg,0072.jpg,414,325,1,12386,0.09205499814195467,0.24594836707491005,95.2618412493813,47.7725232255667,34fadf937684ab6d17d68d3c4671376d,
test_0073,TN3K,nodule,test,0073.jpg,0073.jpg,555,335,1,7933,0.04266774236923491,0.10741563568634956,130.48511483427126,38.21233830845771,6b70b2c87d677e2ae4e2a83310c389b1,
test_0074,TN3K,nodule,test,0074.jpg,0074.jpg,432,367,1,2790,0.01759763851044505,0.0703447775905639,68.05596184491893,60.986319255222526,cc051e0d7e29fe91d613b28e9230ae84,
test_0075,TN3K,nodule,test,0075.jpg,0075.jpg,659,665,1,13374,0.030517872830787135,0.16680357821304673,53.05780614261154,59.434675459513734,1353a1c957f97bc67ac88d7774918a18,
test_0076,TN3K,nodule,test,0076.jpg,0076.jpg,653,638,2,29364,0.07048250898913623,0.11784776593017174,30.741021811856868,63.637866226291,8827552aa10e44b7f46d18eaab425aa4,
test_0077,TN3K,nodule,test,0077.jpg,0077.jpg,327,337,1,5611,0.0509169774680351,0.16780405748181024,54.52963635260381,62.993548035826095,596c4f6cdb204d24a0eb136a8375b2fd,
test_0078,TN3K,nodule,test,0078.jpg,0078.jpg,419,388,1,1127,0.006932313067440888,0.1626116667402747,123.47856755853925,38.204549368895016,54ccf22f581cc6ccff551ad726c294dd,
test_0079,TN3K,nodule,test,0079.jpg,0079.jpg,436,307,2,20575,0.1537145503989481,0.09210071117132222,71.94456260140043,36.87774556973373,1e309a32d3839743724edef9d0630860,
test_0080,TN3K,nodule,test,0080.jpg,0080.jpg,464,382,1,48709,0.2748070500090269,0.2066037740134948,85.47830199758161,55.452196921827046,f3f2baf56b6f3c7ea1f1b4769a25a0b4,
test_0081,TN3K,nodule,test,0081.jpg,0081.jpg,464,380,1,4408,0.025,0.09326964300541753,58.82864552189428,78.7812726860254,7e2913d15686e1d0f0053117bb2731bf,
test_0082,TN3K,nodule,test,0082.jpg,0082.jpg,466,381,1,7587,0.042732587611097966,0.08822225654177063,53.55541007845534,77.1953634551046,9de41259d6b29bb324d769d67e97adfd,
test_0083,TN3K,nodule,test,0083.jpg,0083.jpg,486,536,1,124591,0.47828373564277377,0.18865882091481037,49.57852432387803,31.259378263005956,d0b0277b6cb624793bc6784b09cc7b63,
test_0084,TN3K,nodule,test,0084.jpg,0084.jpg,365,333,1,46047,0.37884734049117613,0.2959096386618851,88.9175643436591,79.34596240075692,5a88d89d907b80c204d3cd6c0e322f68,
test_0085,TN3K,nodule,test,0085.jpg,0085.jpg,988,670,1,4836,0.007305577376276512,0.04378454200427208,23.665355498424418,26.66985920599432,6ddca87ddf66e926398177d2abb6d4db,
test_0086,TN3K,nodule,test,0086.jpg,0086.jpg,986,720,1,23268,0.03277552400270453,0.05528679181259347,39.34017258777702,20.551231124633762,1441a0250803ceea08492f39cd7e49a8,
test_0087,TN3K,nodule,test,0087.jpg,0087.jpg,264,312,1,18697,0.2269934926184926,0.05526245081676769,41.81699370640758,44.05967123154623,af257567f6912e2d9fba79c910287709,
test_0088,TN3K,nodule,test,0088.jpg,0088.jpg,483,339,1,9293,0.05675565083029492,0.2876685482930218,105.70491622612818,60.62368310155921,5e1f11c4207d5e47e190ebb594634533,
test_0089,TN3K,nodule,test,0089.jpg,0089.jpg,400,356,1,31610,0.2219803370786517,0.3226296504049263,106.51273682565949,37.86195926966292,c6a64896be42b42605cbb5b506ea5ba2,
test_0090,TN3K,nodule,test,0090.jpg,0090.jpg,400,357,1,2444,0.01711484593837535,0.10182398836967048,79.43758434970307,89.14041316526611,07384d964e5783d4b74da2523a08a73e,
test_0091,TN3K,nodule,test,0091.jpg,0091.jpg,424,295,1,1066,0.008522545570834665,0.10325925443711348,127.75262430697664,49.076543012472015,9cbb0d4551e032bd65f393c5d233e476,
test_0092,TN3K,nodule,test,0092.jpg,0092.jpg,419,360,1,20343,0.13486475735879078,0.1505264418402498,66.16145544980688,54.38842482100239,bb57633aa950a307a638353d09e358a3,
test_0093,TN3K,nodule,test,0093.jpg,0093.jpg,418,353,1,11267,0.07635848570692763,0.09418413473562623,76.0147079849089,50.42176423546634,af5b387451b6858652bc984183d4389d,
test_0094,TN3K,nodule,test,0094.jpg,0094.jpg,418,360,1,7677,0.05101674641148325,0.04284575974837875,70.71172469602253,63.10603402445508,a0f5279415a1dd142ec36fc7ace66a5f,
test_0095,TN3K,nodule,test,0095.jpg,0095.jpg,468,334,1,488,0.003121961205793541,0.05904829393257551,78.46133851445806,33.89606044321613,5ef981519d8c01bbaa545ee4d8e1b52f,
test_0096,TN3K,nodule,test,0096.jpg,0096.jpg,290,329,1,60165,0.6305942773294204,0.327402901776628,141.50111329163653,95.66126192223038,551b61fd122c1a347b2c347f222758bc,
test_0097,TN3K,nodule,test,0097.jpg,0097.jpg,463,374,1,26004,0.15017151569050946,0.36659336064152376,88.73614246598757,98.37581571014425,58d6aaa0cd3b3bbcf8c99c3bcfa21af8,
test_0098,TN3K,nodule,test,0098.jpg,0098.jpg,463,380,1,40291,0.22900420597931112,0.44013697731723533,101.59857264260879,91.10611572126861,8248069baf84be555a6ca8df982f3539,
test_0099,TN3K,nodule,test,0099.jpg,0099.jpg,502,288,1,21351,0.1476801128818061,0.16510632687860918,91.52189064985508,55.81165615316512,4dc3f1cf1180506e373eade28bd30a01,
test_0100,TN3K,nodule,test,0100.jpg,0100.jpg,498,303,1,22263,0.14754065768022587,0.1755750930579015,93.94557812967291,52.950375760467615,d8a0e1c35f6883164a42ba7d5ee28686,
test_0101,TN3K,nodule,test,0101.jpg,0101.jpg,510,339,1,1843,0.010659957198218521,0.2019668677245067,208.00134052704243,51.87759847301753,094b0e239b0d3f55757c23b9159d2243,
test_0102,TN3K,nodule,test,0102.jpg,0102.jpg,509,342,2,1723,0.009897861878008708,0.12064488608848283,122.8034965295828,48.286136099909235,b11602ae0ce6f1a9e49a826f8da8eb73,
test_0103,TN3K,nodule,test,0103.jpg,0103.jpg,980,593,1,146820,0.2526413600853495,0.22648724574604437,49.673355789723836,65.27914960250543,c44f62d1c746cb564555ed1cf7a59c00,
test_0104,TN3K,nodule,test,0104.jpg,0104.jpg,986,708,1,127443,0.18256007838553306,0.23035168779972998,44.661053850970404,57.02177519166638,4f21e37e40aacd122edee36157dbcc66,
test_0105,TN3K,nodule,test,0105.jpg,0105.jpg,432,320,1,13182,0.09535590277777778,0.07652645524511018,55.65937212980746,33.39853877314815,b2b890b606cae0d2e60bb66e8b755e54,
test_0106,TN3K,nodule,test,0106.jpg,0106.jpg,435,320,1,21793,0.15655890804597702,0.13311166514970144,106.53846093467894,35.44239224137931,dc89ec25f376e6e6c5afe4df7e6e4cb5,
test_0107,TN3K,nodule,test,0107.jpg,0107.jpg,527,332,1,566,0.0032349511899590773,0.08144217178857001,122.19989470803131,46.17115520907158,f7819cdea431d0de0db61804752d3474,
test_0108,TN3K,nodule,test,0108.jpg,0108.jpg,283,282,2,7238,0.09069493521790342,0.06726829413835432,54.23241679790879,68.10219782973711,0ed9f9dd211a7470af38d197839006b1,
test_0109,TN3K,nodule,test,0109.jpg,0109.jpg,284,291,1,13819,0.1672111708048981,0.20113129103220012,95.82258667650538,62.342674604326994,99cecc6678421c0428bfb43c0dea211b,
test_0110,TN3K,nodule,test,0110.jpg,0110.jpg,433,323,1,48815,0.34903009459527096,0.05609087841051909,61.026036667303366,81.50179823965566,ec785c604a594beb316272eb261a5529,
test_0111,TN3K,nodule,test,0111.jpg,0111.jpg,433,398,1,7845,0.045522067612891244,0.04937029841927893,82.00397091002077,106.98980468160664,adcc0dc7fdec9a3095323ade39c22e05,
test_0112,TN3K,nodule,test,0112.jpg,0112.jpg,433,397,1,7420,0.043164379497501466,0.15646052690817763,82.78827879039497,89.36173727901524,0c513c874b3c299b04f44bcc4a05a9d0,
test_0113,TN3K,nodule,test,0113.jpg,0113.jpg,419,394,1,79757,0.4831239475182632,0.20342101128792847,67.45590611633311,41.72146032976752,d59470fce7f328e65af0c0f389d058e4,
test_0114,TN3K,nodule,test,0114.jpg,0114.jpg,464,374,1,95297,0.5491483035220358,0.21297112895230963,87.57373866783412,58.46843882537341,e836d34b841d09f8d2018b96f6c3946f,
test_0115,TN3K,nodule,test,0115.jpg,0115.jpg,419,394,1,34614,0.20967253431544772,0.006649327637367162,60.02843353297921,95.52707073888762,a9d48e23e00ba432d7bf7492aa1bf715,
test_0116,TN3K,nodule,test,0116.jpg,0116.jpg,417,391,1,42502,0.26067330278999307,0.06327296159137255,84.28379600590527,75.10540518991456,d0ecd35c66d6da797ffa3ea1731f2897,
test_0117,TN3K,nodule,test,0117.jpg,0117.jpg,500,375,1,1432,0.007637333333333334,0.0644631968243536,55.792524674772004,47.758112,bee461fc73064ff40d8f066d0f89a325,
test_0118,TN3K,nodule,test,0118.jpg,0118.jpg,467,381,1,2996,0.016838366296290052,0.15759776377437282,142.6622022691398,65.44527249939581,44a1d28ea58028bd6df8b71a3569e8e4,
test_0119,TN3K,nodule,test,0119.jpg,0119.jpg,433,332,1,12691,0.0882815325969003,0.18577545990511177,53.05122104143207,37.159965497092294,43e11611514830beff016dc20a0f2f3d,
test_0120,TN3K,nodule,test,0120.jpg,0120.jpg,436,319,1,30623,0.22017629633890312,0.20469515133552357,79.05441781209025,42.17573552673205,cf4f9003ec28e45cad8a2186f835e132,
test_0121,TN3K,nodule,test,0121.jpg,0121.jpg,784,619,1,71349,0.147021611552537,0.048749623179915325,23.0018584323576,39.750426543800074,00c5440f6d581a5abe5eef5f02523a81,
test_0122,TN3K,nodule,test,0122.jpg,0122.jpg,291,307,1,12999,0.14550522180059774,0.06744424684251728,150.47553605869695,78.09976829309245,79d33de8c7c242584030d7f8bf2b31da,
test_0123,TN3K,nodule,test,0123.jpg,0123.jpg,288,316,1,2956,0.032480661040787624,0.39743151590325293,266.9675289977868,106.58527821729957,eb9e9c8d47044555b4b10dd5278e2d69,
test_0124,TN3K,nodule,test,0124.jpg,0124.jpg,502,326,1,1949,0.011909417544545744,0.06744912731970758,107.4814136586909,44.7279776599125,0b058c4e0aec55841170203035573883,
test_0125,TN3K,nodule,test,0125.jpg,0125.jpg,416,398,1,36594,0.22102097023579437,0.07557409611929156,73.53555966764348,29.936660465790492,705a7a650f158472c656fb23616281f6,
test_0126,TN3K,nodule,test,0126.jpg,0126.jpg,376,354,1,32014,0.24051869215049887,0.03643134344892652,75.65343346741439,43.394961834355094,23394a2723fc7d5618468806ef481793,
test_0127,TN3K,nodule,test,0127.jpg,0127.jpg,436,322,1,24601,0.17523078238076242,0.055947706100600195,53.67451678362341,37.19178443216138,43a074121915de57787a2885ace01269,
test_0128,TN3K,nodule,test,0128.jpg,0128.jpg,412,333,1,3874,0.028236974838916587,0.1498003641311971,84.22715877627745,64.05178722411732,acc55af2da45b405d46dd82da58b6986,
test_0129,TN3K,nodule,test,0129.jpg,0129.jpg,419,390,1,4583,0.02804601921547029,0.1769703877623491,64.89942625401119,64.70123615445812,17577063cee30edc929c8b845a41e58c,
test_0130,TN3K,nodule,test,0130.jpg,0130.jpg,475,371,1,67096,0.3807405305717123,0.03397089740520911,41.833190283294485,34.91827493261456,ed462d91fed93cf6256d5582e0bf182e,
test_0131,TN3K,nodule,test,0131.jpg,0131.jpg,983,771,1,162972,0.2150329927839418,0.2729716474791087,64.88982877102282,84.83535802547325,f4572579d4ef2bbb7cd502036360bccf,
test_0132,TN3K,nodule,test,0132.jpg,0132.jpg,354,363,1,4341,0.03378157538404072,0.0529448476098922,61.67457758252451,33.18922662682293,65824b8a002bd14560dc755f0817635d,
test_0133,TN3K,nodule,test,0133.jpg,0133.jpg,502,352,1,29725,0.16821916877942775,0.06631056987107987,64.86471430664989,58.52431750271641,643f9ba5acb2e5793fa0a98926e8ea63,
test_0134,TN3K,nodule,test,0134.jpg,0134.jpg,529,270,1,6458,0.045214590772246724,0.17252205945943336,106.15683667331618,81.35155079465099,f615970eace5ae41e3ed8575eeb3ae25,
test_0135,TN3K,nodule,test,0135.jpg,0135.jpg,983,605,1,26853,0.045152720210521004,0.23849627847471513,57.12496118221615,93.34101039993946,566799db86e7807ac1487e05fb1aa7b4,
test_0136,TN3K,nodule,test,0136.jpg,0136.jpg,465,378,1,3253,0.018507140012516358,0.19718260439596622,99.61715058707357,52.62445240939864,bb3e30f4ae14e274b7ec8f54180b44cf,
test_0137,TN3K,nodule,test,0137.jpg,0137.jpg,400,359,1,7923,0.05517409470752089,0.16002664159260327,66.78157701862821,39.33317548746518,b6feea46c50f421cdd2e7e6e04d97d73,
test_0138,TN3K,nodule,test,0138.jpg,0138.jpg,627,495,2,25664,0.08268973627825303,0.11409750888054052,61.84217906894176,53.412984711549306,00657a5392d637eb1c2341732449bdb2,
test_0139,TN3K,nodule,test,0139.jpg,0139.jpg,417,387,1,11808,0.07316937147956054,0.056049352998904234,51.127035791259004,32.82925907336146,65e700e6782ea521c0f441a915de1458,
test_0140,TN3K,nodule,test,0140.jpg,0140.jpg,406,366,1,29634,0.19942663328757168,0.0707403014579735,90.82850318262163,34.32726318339659,2d87286c24071790823e59b84aa8de0f,
test_0141,TN3K,nodule,test,0141.jpg,0141.jpg,321,398,1,60760,0.4755866560215407,0.20336543090615475,79.91886037297924,98.40309804474084,c9cf9c6565fd49b9fe34eb117910d795,
test_0142,TN3K,nodule,test,0142.jpg,0142.jpg,322,399,1,35317,0.27488752938246236,0.22453630712476874,62.71490306395757,95.92639206712433,e3b2069133fb1beff2caff956358bc2a,
test_0143,TN3K,nodule,test,0143.jpg,0143.jpg,1290,690,2,73301,0.0823514211886305,0.05082083892819078,35.87429391643636,12.95866981238063,73a5a0aa085bee7d64e449fbb3154438,
test_0144,TN3K,nodule,test,0144.jpg,0144.jpg,417,393,1,20625,0.12585351566075384,0.20729835407816083,62.689391809847486,57.81603724653865,622582d70b43971958e8f37df5c2a8c6,
test_0145,TN3K,nodule,test,0145.jpg,0145.jpg,795,662,1,29474,0.05600334416386403,0.05638251965843076,35.41434844693887,55.26427254935492,cf5564651ec6dcf9fd78bb2406175043,
test_0146,TN3K,nodule,test,0146.jpg,0146.jpg,1122,750,1,55731,0.06622816399286988,0.23625898091583603,46.48102003761135,82.45840522875817,61ee02b5a40d0d82789c57af7202d1c9,
test_0147,TN3K,nodule,test,0147.jpg,0147.jpg,531,377,1,7633,0.038129349058630184,0.11988603298042703,107.73739705172895,85.00007992526987,cd53b10c0248fb5da045fca21ae05454,
test_0148,TN3K,nodule,test,0148.jpg,0148.jpg,989,750,1,196315,0.26466464442197507,0.04675415566379731,25.556879942251154,46.95677923828783,cc4f39992a7f341bc2712c7d0be827e8,
test_0149,TN3K,nodule,test,0149.jpg,0149.jpg,432,355,1,954,0.006220657276995305,0.11664209148141733,71.79096664361181,47.668081637976,3166a9517c0ffaaf079af45d08b0c5fb,
test_0150,TN3K,nodule,test,0150.jpg,0150.jpg,356,393,1,18232,0.13031420647854305,0.019708430349107416,34.26386594878912,41.8087385996512,86a2f411c1c6cec204eabbd55e7855a2,
test_0151,TN3K,nodule,test,0151.jpg,0151.jpg,353,394,1,22030,0.15839576652622195,0.011369840311373777,48.592331168345545,57.75345479645102,7fb18369eb4fdbf347aadf71442d5ed8,
test_0152,TN3K,nodule,test,0152.jpg,0152.jpg,828,619,1,45094,0.08798279912278648,0.28011137832344984,85.34534233245022,54.36062528778691,b4df95a322bc99bb69f2f7c490662cc6,
test_0153,TN3K,nodule,test,0153.jpg,0153.jpg,977,741,1,66169,0.09139907480692915,0.10108895571307204,34.4910453370509,45.907098073504365,89c13c0a5444f27d96ce0c9420a6b4a2,
test_0154,TN3K,nodule,test,0154.jpg,0154.jpg,416,383,1,13564,0.08513255673830086,0.09246069675289757,56.34022094778181,33.788492920265114,dd823aa901ffcc487e2f7278db156673,
test_0155,TN3K,nodule,test,0155.jpg,0155.jpg,1291,708,1,91421,0.10001991186265628,0.03633524027530136,35.918376510949145,52.03283706844867,0c33a35706a5e534f57517105c515f5f,
test_0156,TN3K,nodule,test,0156.jpg,0156.jpg,1345,711,1,55162,0.057683037138121604,0.1248554730177111,37.34664466866139,52.628652246430235,2e3f96e0dec8ae470f1963b008e7e229,
test_0157,TN3K,nodule,test,0157.jpg,0157.jpg,432,351,1,21984,0.14498258942703388,0.1073779855704121,67.69304069944994,47.60022950300728,81cc7fcad145afb343f9ac6f3efe2e87,
test_0158,TN3K,nodule,test,0158.jpg,0158.jpg,983,750,1,59264,0.08038521532722957,0.06959947325801925,47.9345847037528,34.30326347914547,c80a6ae406a8f158a1093c93406ebb0d,
test_0159,TN3K,nodule,test,0159.jpg,0159.jpg,869,700,1,27123,0.04458819661351307,0.11682641582281542,55.1365546440117,38.33457833305935,8411d9736ab5064a0f8a4d71be85baf9,
test_0160,TN3K,nodule,test,0160.jpg,0160.jpg,483,365,1,16702,0.09473893190391106,0.02098096869643529,100.43333869092135,33.241924047760854,08a0a121afb2eb9a33804e78edb54b11,
test_0161,TN3K,nodule,test,0161.jpg,0161.jpg,977,772,1,209220,0.2773903405264079,0.043552045623192114,43.24466755264575,59.95183521512932,821bdb869ef16a3125b9f2bff2433755,
test_0162,TN3K,nodule,test,0162.jpg,0162.jpg,866,772,1,150701,0.22541402912563271,0.06892786305392187,54.76933272653722,57.31247382402565,d56b745f06a9a8fd1c2c86887be24093,
test_0163,TN3K,nodule,test,0163.jpg,0163.jpg,871,772,1,79051,0.11756333914326336,0.04665269157494268,38.782836332965644,47.190780354901456,c552e241420ea62b7f44c08e4908020b,
test_0164,TN3K,nodule,test,0164.jpg,0164.jpg,432,305,1,389,0.0029523375834851246,0.08744798004891759,65.91031383432107,26.42705676988464,0a16748985c83e78a0d2919053033931,
test_0165,TN3K,nodule,test,0165.jpg,0165.jpg,413,377,1,34588,0.22214372418931155,0.3020664155670233,75.36230578866186,81.74530028708871,31314175f9e638582f5b3a524a0ce814,
test_0166,TN3K,nodule,test,0166.jpg,0166.jpg,417,387,1,15193,0.09414483916742575,0.17000537980220565,55.06590324257692,24.69246308379653,f4572160d499fc5b6e07419516343fbf,
test_0167,TN3K,nodule,test,0167.jpg,0167.jpg,432,388,1,66973,0.39956209431080564,0.004700302915485138,93.02155970774557,72.23142182130584,073e2a9d719a5166670b357349e3e20a,
test_0168,TN3K,nodule,test,0168.jpg,0168.jpg,1125,630,1,10919,0.01540599647266314,0.0859690997289852,28.7419005553148,48.98748783068783,16c7d3cc5690cf82843ae946cfcf3ca0,
test_0169,TN3K,nodule,test,0169.jpg,0169.jpg,419,388,1,53244,0.3275102723716261,0.15430866639153115,64.00261387290765,17.55248751322491,392e3ea9ab4c0e45684df4dde81fd8e5,
test_0170,TN3K,nodule,test,0170.jpg,0170.jpg,420,390,1,9342,0.057032967032967036,0.09315655788209236,37.938009220857104,17.666849816849815,1e75480a77554cc28f0928d84392de99,
test_0171,TN3K,nodule,test,0171.jpg,0171.jpg,379,342,1,43037,0.33202950207532905,0.05301329559669207,65.7945304217918,33.75625298955392,0488a34c81d5725b85813e3e8cb503ce,
test_0172,TN3K,nodule,test,0172.jpg,0172.jpg,377,338,1,11321,0.08884372106163577,0.0719830650167846,87.780430912609,39.36352863622808,ebae32f04e0b1c5a7eb43585ff850ee3,
test_0173,TN3K,nodule,test,0173.jpg,0173.jpg,433,341,2,5681,0.038475344219216674,0.07170689518939449,70.44653367860342,28.49589239636174,023f15ccc7a21eafa700ee3dd71a5481,
test_0174,TN3K,nodule,test,0174.jpg,0174.jpg,434,334,1,967,0.006670989817599823,0.11394648653414632,61.43475134318144,26.260630812108502,c0647eee63707d7260f292c9af16ce6c,
test_0175,TN3K,nodule,test,0175.jpg,0175.jpg,467,389,3,39886,0.2195603947969592,0.05467960464326347,48.19645294771472,66.64248636211006,427e4c9fae1dac530f4976d32c7a8488,
test_0176,TN3K,nodule,test,0176.jpg,0176.jpg,625,519,1,3627,0.01118150289017341,0.09299821195122013,117.03070588256313,35.496961849710985,54f82a8dcadc78cc42a5812aed8f60d3,
test_0177,TN3K,nodule,test,0177.jpg,0177.jpg,627,536,1,94027,0.2797823085529291,0.055302333839044315,61.040899542985386,64.20961282106215,3595987e6fc12b1111d0c5f89a6091fe,
test_0178,TN3K,nodule,test,0178.jpg,0178.jpg,360,359,2,4769,0.03690034045187249,0.03658506595529713,103.04994077923057,56.367811822965024,54e4bcd10b2b15f4f64c4f5d4c196631,
test_0179,TN3K,nodule,test,0179.jpg,0179.jpg,412,379,1,61632,0.39470246176704155,0.17949917700725151,72.85952499324421,79.17269513538437,4d56b990217784b930b105e4c4cc127d,
test_0180,TN3K,nodule,test,0180.jpg,0180.jpg,319,376,1,23920,0.19942639898619355,0.10960694377505241,62.119449221079805,76.09729540452211,1c7843a68c2aebbcb54b72f7392291fd,
test_0181,TN3K,nodule,test,0181.jpg,0181.jpg,552,355,1,1470,0.007501530924678506,0.01912767696075194,54.39555753848753,18.352071851398243,a5ae3c634508b0a8c699b868b57fee27,
test_0182,TN3K,nodule,test,0182.jpg,0182.jpg,418,392,1,11411,0.06964041597500244,0.21538860128498427,106.39151203015173,90.53717898642711,1bcf91aa0c55241ac41198f4051c2e46,
test_0183,TN3K,nodule,test,0183.jpg,0183.jpg,467,378,1,3300,0.018694130043166446,0.03058152665454896,113.47116691955928,81.4810566148896,26595bd29addab87a88f489d2eef29e5,
test_0184,TN3K,nodule,test,0184.jpg,0184.jpg,466,378,1,5319,0.030196198651134272,0.04396827773756212,93.46021214039152,66.12151713331971,17f98030615bbf1d6c89f803d3f37bbb,
test_0185,TN3K,nodule,test,0185.jpg,0185.jpg,435,367,1,48656,0.30477622224310186,0.3258948901916956,96.62318843459323,47.95049641391838,2da98fb85ffc4982d0519c9d23d505dd,
test_0186,TN3K,nodule,test,0186.jpg,0186.jpg,401,360,1,639,0.00442643391521197,0.13283228784471537,115.52319368675144,62.85031172069825,c7a5e4c717b8af9d50fe1ed3567170d7,
test_0187,TN3K,nodule,test,0187.jpg,0187.jpg,977,673,2,31860,0.04845472616083745,0.13115376427428777,81.55507321539713,49.861081243032544,aef16b3b2182ae2f7b6c5789a5323622,
test_0188,TN3K,nodule,test,0188.jpg,0188.jpg,983,622,2,34758,0.05684743533968133,0.24016151678887127,95.03297241884836,49.7759810672101,42a530bbb53de425e40a2ca463837431,
test_0189,TN3K,nodule,test,0189.jpg,0189.jpg,319,377,1,14402,0.1197542053665716,0.11076809660616015,84.57473643247444,85.59783973458171,e017b9f90b5fcfdc66d2c5c54364f448,
test_0190,TN3K,nodule,test,0190.jpg,0190.jpg,417,389,1,48912,0.3015294705109948,0.037145542016723015,53.837159758528436,48.54246577031434,9101222e25a2afa3c61973ced02a5d7c,
test_0191,TN3K,nodule,test,0191.jpg,0191.jpg,419,387,1,80066,0.4937682312383983,0.015173449065369148,58.15062286181177,58.58571225940932,ad609be2ea0708c8a806f999f2f15813,
test_0192,TN3K,nodule,test,0192.jpg,0192.jpg,412,336,1,3186,0.02301490984743412,0.23491767457305057,124.59009973373813,72.16388551779936,f1d8b74ba8147f2e1101b8e9fbeb6231,
test_0193,TN3K,nodule,test,0193.jpg,0193.jpg,436,371,1,11051,0.0683189495289201,0.03951219846084755,82.3658035884947,51.02181062835382,0c0f1efff7a0c92988c7ec528a7fc3bb,
test_0194,TN3K,nodule,test,0194.jpg,0194.jpg,433,370,2,7461,0.046570126708694835,0.03770401730407634,55.22542315802357,59.53425504025966,dce2f02ce3c49406fdd00e1715fd3e7d,
test_0195,TN3K,nodule,test,0195.jpg,0195.jpg,433,398,1,1237,0.007177921942274885,0.07266214454245114,73.3682183841266,52.47963837664071,d8385b0d2af6ec2685b40e4d6eae0fec,
test_0196,TN3K,nodule,test,0196.jpg,0196.jpg,432,396,2,5448,0.031846240179573514,0.10635183409190169,54.18397057557186,45.324635241301905,0cf2d3aa84e8da3395ab77e0e341d197,
test_0197,TN3K,nodule,test,0197.jpg,0197.jpg,465,351,1,5424,0.03323223968385259,0.11471090464209287,99.36878173810544,84.83787642067212,3c40164872d8d995d924a0f71f065a17,
test_0198,TN3K,nodule,test,0198.jpg,0198.jpg,412,353,1,910,0.006257047773591133,0.1793670939295043,89.806490779844,68.30980637531285,d6ff6a9d85aab35954ac95f0bdcda36f,
test_0199,TN3K,nodule,test,0199.jpg,0199.jpg,556,377,2,3268,0.015590710455508272,0.09000943100087297,129.22255989308556,89.07416560120603,904949a8c70ac2b17465dbef24db9c98,
test_0200,TN3K,nodule,test,0200.jpg,0200.jpg,418,385,1,969,0.0060212514757969305,0.0263735542969901,117.67344163020134,37.686621512458835,eab1a01550fcfbe3c4aa24b4284cc317,
test_0201,TN3K,nodule,test,0201.jpg,0201.jpg,1119,687,1,15619,0.020317319086884864,0.13153063228633288,49.87333617869665,51.75366730276175,4d87948126612abf87574e1596687c2f,
test_0202,TN3K,nodule,test,0202.jpg,0202.jpg,1122,690,1,75979,0.0981412591387016,0.16984891285938858,45.21340403173647,54.138474256632826,d740cec66a5cb9aa7cbb090f478deb87,
test_0203,TN3K,nodule,test,0203.jpg,0203.jpg,417,391,1,6129,0.03759038804761817,0.023879162696301016,60.205006274617936,62.366434218354215,cec92c7eedd3fda806d7e07fe57d11f5,
test_0204,TN3K,nodule,test,0204.jpg,0204.jpg,425,371,1,2912,0.01846836847946726,0.15566988333795057,105.3947554892019,28.586808308228953,e16a70dc9684d89e362f8f0132d78f32,
test_0205,TN3K,nodule,test,0205.jpg,0205.jpg,466,381,1,37882,0.21336442386761742,0.04261319858336291,63.73649471842913,47.853266195802775,374958b158556e7dd00d03a1a4ec094d,
test_0206,TN3K,nodule,test,0206.jpg,0206.jpg,412,296,1,1206,0.009889136709525058,0.035437809233844556,172.19379905255016,44.49312844397796,b611626407643123e107bceede2fdd28,
test_0207,TN3K,nodule,test,0207.jpg,0207.jpg,413,302,1,5903,0.04732774241136571,0.05751866126394817,82.75760797135986,47.90304347128907,a5047edd0066179f6c1dcd2180de34e9,
test_0208,TN3K,nodule,test,0208.jpg,0208.jpg,1119,772,2,175984,0.20371630851009645,0.09523684302743624,47.276526446856806,40.95918010621993,a02e6184665e1a4a9b66d8f54ed35c9e,
test_0209,TN3K,nodule,test,0209.jpg,0209.jpg,983,772,1,124307,0.16380409974752133,0.3215792739515937,72.71557994856217,63.25397956978479,2bb90af2b34d930c8d5ec873c57caf32,
test_0210,TN3K,nodule,test,0210.jpg,0210.jpg,991,771,1,121679,0.15925299158051517,0.08405765242314621,31.868686980810477,45.1523451661582,4b292834bc7e28fa046cac271f9d71a6,
test_0211,TN3K,nodule,test,0211.jpg,0211.jpg,436,381,1,46233,0.2783175612222784,0.04145204438936544,55.87316436201541,48.58076284042476,9bcebcaa92e3030657f7cb028f3c05e3,
test_0212,TN3K,nodule,test,0212.jpg,0212.jpg,437,390,1,37493,0.21999061198145867,0.31224524202379816,103.93552591127383,52.077562635686206,7c698135ee8390c3320028b4c8f85637,
test_0213,TN3K,nodule,test,0213.jpg,0213.jpg,435,399,1,15225,0.08771929824561403,0.2606803833535553,68.53431815226672,68.08255696713047,d4183dcf4801b57dae2508fa32c56557,
test_0214,TN3K,nodule,test,0214.jpg,0214.jpg,419,398,1,26125,0.1566603902567731,0.14725646868087833,56.72723978694502,30.940436070567635,cfeeff8d19813ea4413a7cc4356a4819,
test_0215,TN3K,nodule,test,0215.jpg,0215.jpg,402,363,1,17594,0.12056795910255882,0.09824616144252643,87.00493739055362,38.47532996176144,86f4efe5e6e6494c090787726e3d21e5,
test_0216,TN3K,nodule,test,0216.jpg,0216.jpg,1214,711,1,199534,0.23116848210168753,0.09801622968839077,36.626012674962325,39.76008336866886,18d2c6ebbdf0fb4095090dbf0290695e,
test_0217,TN3K,nodule,test,0217.jpg,0217.jpg,345,392,1,14924,0.110351966873706,0.05967182496175365,28.210954292769127,14.380841467021591,b8314b6ed1b2003f7ada1e57bb40f5e2,
test_0218,TN3K,nodule,test,0218.jpg,0218.jpg,375,371,1,46476,0.33405929919137467,0.07818774429667226,77.8102384825246,46.778544474393534,6e985cf25b0da63ccc451dba0484041c,
test_0219,TN3K,nodule,test,0219.jpg,0219.jpg,416,369,1,6260,0.04078069626850114,0.14315292012565836,59.23150233603973,45.3048519908276,0490eb93ed78f792907da89e7f1375d8,
test_0220,TN3K,nodule,test,0220.jpg,0220.jpg,420,389,1,6376,0.039025584526869876,0.07682656176985277,62.33086102399078,49.89411800710001,a21f5aebb48031c5a4722f4cdda92450,
test_0221,TN3K,nodule,test,0221.jpg,0221.jpg,467,381,1,60806,0.34174689619900295,0.23352666426357038,108.2502459124045,80.80169957342056,306cbf4f4b147f19771bb2409049d2c3,
test_0222,TN3K,nodule,test,0222.jpg,0222.jpg,467,378,1,29784,0.16872302097141498,0.03037279504872054,79.09663148540129,74.03718998901012,9841b8e63e58b7c2b2191a47cfb9d863,
test_0223,TN3K,nodule,test,0223.jpg,0223.jpg,468,378,1,33473,0.18921561977117532,0.008805435380144519,80.91516978410928,72.92396441007553,b81b83370e27dfd69347fa3fcf915158,
test_0224,TN3K,nodule,test,0224.jpg,0224.jpg,298,366,2,23249,0.21316059705871565,0.21456061489493922,103.87237699203372,75.49096893681006,ced48d39812a0acd999ae37b00483eb7,
test_0225,TN3K,nodule,test,0225.jpg,0225.jpg,502,380,1,20218,0.10598657999580625,0.03230295572071305,72.75274765615205,47.91036380792619,03845bdc383c77c4f0a316ef8ec14278,
test_0226,TN3K,nodule,test,0226.jpg,0226.jpg,405,334,1,9998,0.07391143638648628,0.03946972938004969,54.82539304224093,43.15922229614844,22dd485ba36796b71f751b5e830a702e,
test_0227,TN3K,nodule,test,0227.jpg,0227.jpg,1127,741,1,75825,0.09079674820112872,0.027435266050929833,37.33591939814396,83.18107380251872,84ac91f509dd07c59976f6863b8d8e1a,
test_0228,TN3K,nodule,test,0228.jpg,0228.jpg,871,705,1,54566,0.08886174691192157,0.25380774606316353,48.03134032040118,82.44118035029436,0a30e23ee22fbd9d2da6f307ccf3221e,
test_0229,TN3K,nodule,test,0229.jpg,0229.jpg,411,334,1,7911,0.05762926701341842,0.18400259338491284,88.20326549631497,93.49325436717805,a718d171a6487a2f7fd95d2ef6a7f6d1,
test_0230,TN3K,nodule,test,0230.jpg,0230.jpg,413,349,1,6814,0.047274468040822276,0.13342028585241686,80.76960455145972,89.49938600081866,0c2fbbeb527a21d9d638911ce8e2e8c5,
test_0231,TN3K,nodule,test,0231.jpg,0231.jpg,1128,771,1,8990,0.010337040409894123,0.030589260515595927,30.03165798656974,39.76731425522716,ddd4498c1fc4e8c686f3eeb4fae59686,
test_0232,TN3K,nodule,test,0232.jpg,0232.jpg,586,348,1,1548,0.007590914440390726,0.07827285953140946,72.29301427210794,38.87671629202464,326cb8962858cdd4a2adbf7053f7fc44,
test_0233,TN3K,nodule,test,0233.jpg,0233.jpg,291,329,1,31184,0.3257188815425271,0.4131695140391153,219.6972051304453,81.95738413812553,8c578a146e890fe0ccbbeb3319da800f,
test_0234,TN3K,nodule,test,0234.jpg,0234.jpg,1035,624,1,457971,0.7091090672612411,0.05154440588080567,27.04704818514643,37.94770686238078,93f8c44370e2416d5d09c8fca413079a,
test_0235,TN3K,nodule,test,0235.jpg,0235.jpg,500,376,2,2958,0.01573404255319149,0.056040890866150384,64.55969977008807,51.66793085106383,fe093f8cd63223af38caee525d492309,
test_0236,TN3K,nodule,test,0236.jpg,0236.jpg,996,673,1,16112,0.02403671148188594,0.13399445331433382,44.785065970699925,71.46465505409454,fc05d548a70e1d37c1d1c59c710e8783,
test_0237,TN3K,nodule,test,0237.jpg,0237.jpg,989,673,2,23043,0.034620047866802284,0.17848720127145887,65.84948105630376,81.49589316057614,1d3249425ef713e37605f23e91f865f3,
test_0238,TN3K,nodule,test,0238.jpg,0238.jpg,994,772,1,427242,0.5567628569343522,0.12347500688629437,27.578889597014026,48.57978701222881,13aaf7b48a949748a3341b4ee1b21bb7,
test_0239,TN3K,nodule,test,0239.jpg,0239.jpg,986,772,1,349220,0.45878043910077876,0.188606455384337,48.9328959798078,53.97867029606196,94e3ca3891a8ee4d051d2240316e3e2c,
test_0240,TN3K,nodule,test,0240.jpg,0240.jpg,627,566,1,78101,0.22007596891361073,0.13370650278394805,88.58588829218789,51.29192238546897,a71c92c68aec286d4a379e40e92a1fb9,
test_0241,TN3K,nodule,test,0241.jpg,0241.jpg,377,371,1,31678,0.22648659083271966,0.0643629317234677,72.58119988137027,76.28690827714901,5db9e2e6abb25a6fc46c270f874a86f6,
test_0242,TN3K,nodule,test,0242.jpg,0242.jpg,289,329,1,15538,0.16341855891292686,0.11639499860526871,162.97418657059424,76.0639665127628,aa0f650680a042ec3d96d32bfb7c3d65,
test_0243,TN3K,nodule,test,0243.jpg,0243.jpg,291,327,1,16190,0.17013987410279854,0.14029298718366187,207.649504117528,110.34698445726536,df2d187e989423ae7716bfc8ddbd6bdb,
test_0244,TN3K,nodule,test,0244.jpg,0244.jpg,356,400,1,40428,0.2839044943820225,0.006731318607694726,70.92601025771354,54.37935393258427,ea9765adb4a2ea477a30c8815e2fae1a,
test_0245,TN3K,nodule,test,0245.jpg,0245.jpg,438,352,1,9074,0.058854815276048154,0.21233539312969293,68.88238221591779,42.540311073059364,9f8cdd71cfcc8140217882c4d5e9fba2,
test_0246,TN3K,nodule,test,0246.jpg,0246.jpg,435,356,1,41078,0.2652589435619269,0.16997078996015094,64.00986720406335,54.283675577941366,f23543725195978fa04496d10cf3d201,
test_0247,TN3K,nodule,test,0247.jpg,0247.jpg,414,338,1,28199,0.20151930937884116,0.17153125903398006,80.48131095510108,51.94061401252037,ae4aabe1c14194d7ed3eb4b5291ac7cb,
test_0248,TN3K,nodule,test,0248.jpg,0248.jpg,414,336,1,2677,0.019244593972854843,0.07467977584602048,69.81478044711737,42.91158413848631,feae55c69e774b08875dbe496113f2db,
test_0249,TN3K,nodule,test,0249.jpg,0249.jpg,994,706,1,9492,0.013525914694968678,0.12032607504891767,53.80756814501613,51.31798724357476,c88755085d12eca74423972c500f500e,
test_0250,TN3K,nodule,test,0250.jpg,0250.jpg,414,329,1,1582,0.01161475999588858,0.09627178304950296,157.64956903290027,63.54426383566069,8f72cbe4fb30466fc7ade00bb3bb0892,
test_0251,TN3K,nodule,test,0251.jpg,0251.jpg,417,387,1,719,0.004455350448323511,0.03691199486895264,62.80860663780446,24.4414452933777,9106367d6018c1ed770cb1b7e79fce48,
test_0252,TN3K,nodule,test,0252.jpg,0252.jpg,554,340,1,23275,0.12356657464429815,0.06271161684315009,50.46661218891661,73.33831492885963,6e1de0fd788f15d40ae35188e6cb3ae9,
test_0253,TN3K,nodule,test,0253.jpg,0253.jpg,470,382,1,21187,0.1180071293305113,0.14784690279569448,69.75919233882004,59.718859307118194,ef9a6fa93551ea304b7ed2760aa00d93,
test_0254,TN3K,nodule,test,0254.jpg,0254.jpg,467,381,1,33994,0.19105588246865288,0.2190526537143068,72.49109188116137,55.40629584042894,a44fc516475b93e3b946ef42096fa960,
test_0255,TN3K,nodule,test,0255.jpg,0255.jpg,420,382,1,3700,0.02306158065320369,0.09595981367309767,39.66882178820361,33.08370730491149,9a03826c8300e0071459c207d2b05bf6,
test_0256,TN3K,nodule,test,0256.jpg,0256.jpg,472,383,1,8708,0.0481701110766916,0.1018409198058012,85.24511345751164,76.50090166836306,270a8908368da974d1f205ca14903ad3,
test_0257,TN3K,nodule,test,0257.jpg,0257.jpg,468,381,1,11360,0.0637099849698275,0.02101745995159176,85.40315848655399,75.91083406240887,50b5f7d737a509d88fcf1b02d3b3f733,
test_0258,TN3K,nodule,test,0258.jpg,0258.jpg,469,368,2,5037,0.029184434968017058,0.04261048290057151,115.5524174714354,56.09998145916381,2dd84d74451f0357a4bb557b7c864c8f,
test_0259,TN3K,nodule,test,0259.jpg,0259.jpg,436,371,1,33561,0.20747916615148743,0.09334570096326128,40.467155677076065,41.39735774870793,55d2be7b1a511ebc1b6ee97f8538b286,
test_0260,TN3K,nodule,test,0260.jpg,0260.jpg,435,372,2,42909,0.26516499814608824,0.24781854507701612,57.23478001041444,54.520312693115805,48418afb32d1662407150fc01955f334,
test_0261,TN3K,nodule,test,0261.jpg,0261.jpg,509,524,1,47588,0.17842199193149266,0.03786817771495092,65.85498419792339,44.14236116318481,81d7733397dc58ba3774e9f4099089aa,
test_0262,TN3K,nodule,test,0262.jpg,0262.jpg,994,720,1,123667,0.17279650122959983,0.13781566417910293,63.91092352112801,50.797410854012966,779fcfcbbc0a5091be7be6cd9725e7ec,
test_0263,TN3K,nodule,test,0263.jpg,0263.jpg,445,345,1,543,0.0035368832437713727,0.3201579579084321,267.50530341310053,86.48719752483309,f0ffc70015fdd7d9dd0aaacbe1df5bc5,
test_0264,TN3K,nodule,test,0264.jpg,0264.jpg,415,338,1,26355,0.18788764525557852,0.28119977122992434,75.25945426750572,61.55133670777786,878843f20955c94c21341fb22c73369c,
test_0265,TN3K,nodule,test,0265.jpg,0265.jpg,416,335,1,20943,0.15027985074626865,0.2221119226081147,75.80155709710175,59.78474454649828,248ed5d2c49402d7ee9fac6f3bbb7c65,
test_0266,TN3K,nodule,test,0266.jpg,0266.jpg,885,771,1,6195,0.009079118028534372,0.07871656834438594,62.896826531277235,30.623526566862317,e9eda0c10ac47375b7116da79bd0a73d,
test_0267,TN3K,nodule,test,0267.jpg,0267.jpg,532,370,1,3902,0.01982320666531193,0.1108058188661602,87.59165326866804,65.01374212558423,837ffe9d937bbc93fa86dd2327b3e9a7,
test_0268,TN3K,nodule,test,0268.jpg,0268.jpg,438,400,1,3466,0.019783105022831052,0.16712821321461255,78.1601518301465,63.28631278538813,489fc1d81ec71172d30889e4af083b52,
test_0269,TN3K,nodule,test,0269.jpg,0269.jpg,439,402,1,50937,0.28863087750314487,0.09829555964755705,89.03781718205288,88.07630412855994,3b44df517d636526fbaf4736031b817e,
test_0270,TN3K,nodule,test,0270.jpg,0270.jpg,414,391,1,13710,0.08469550391044887,0.1486320706986997,58.49545358702002,79.44866377552911,072de018059a26bf746e9b3e52bebb65,
test_0271,TN3K,nodule,test,0271.jpg,0271.jpg,415,392,1,10404,0.06395377428079665,0.0035864434748495624,71.81398632273718,92.42545488074748,23fbdcacb9b25eb39937a3798b142a8a,
test_0272,TN3K,nodule,test,0272.jpg,0272.jpg,871,701,1,55903,0.0915585574814395,0.03177737524915087,33.02300681524435,41.925155305443596,6e69a07323e99f49dd80e7ac99ea94d8,
test_0273,TN3K,nodule,test,0273.jpg,0273.jpg,986,760,1,187434,0.2501254403757873,0.18855700955693527,50.382775099310585,72.68214342905947,653ed47dbf31f17f849cffd5201b6658,
test_0274,TN3K,nodule,test,0274.jpg,0274.jpg,417,394,1,18593,0.1131663197360893,0.07183284818407744,57.73211500188094,32.28492130153745,dd3211de3a91f0b524fcf2c8583b2aeb,
test_0275,TN3K,nodule,test,0275.jpg,0275.jpg,434,316,1,3099,0.022596686694277546,0.14000025801471613,76.09346329262935,62.1780683077641,0cd48dfdb2d5eecc0613546e829dad98,
test_0276,TN3K,nodule,test,0276.jpg,0276.jpg,434,364,1,406,0.0025700106345267638,0.09745829366229244,101.35565130842636,69.82846128525853,9e9d12e2bd27b74915c056ceb2d4b883,
test_0277,TN3K,nodule,test,0277.jpg,0277.jpg,418,367,1,12848,0.08375161336583967,0.01430753665147874,47.864859700907466,24.368968619219586,69c5551b30a721aaef87518ef2693b9a,
test_0278,TN3K,nodule,test,0278.jpg,0278.jpg,415,353,1,41086,0.28046008396190997,0.15940610003318226,53.61558971006648,20.74300829379842,a6bd2071c1ef67210f61c9cce9d1db40,
test_0279,TN3K,nodule,test,0279.jpg,0279.jpg,340,368,2,16128,0.1289002557544757,0.055881034146238545,48.771510693142844,65.81721547314578,01f1e575820e41f0d71dae42c0790809,
test_0280,TN3K,nodule,test,0280.jpg,0280.jpg,341,369,1,35954,0.2857369922672834,0.14027892157529137,55.91721581628069,61.00502268952308,512f41870c5acc2b352d485a1b40232a,
test_0281,TN3K,nodule,test,0281.jpg,0281.jpg,416,357,2,24869,0.16745448179271707,0.0986827471046322,79.10750174216062,41.29911387631976,7be5cf7c953ff4439f8b60988588cae9,
test_0282,TN3K,nodule,test,0282.jpg,0282.jpg,431,344,1,19096,0.12879728052662817,0.179420820253576,101.5264709552613,74.27943398262559,aa3939320a0f6126c23d496b7b3fd99e,
test_0283,TN3K,nodule,test,0283.jpg,0283.jpg,480,355,2,5468,0.03208920187793427,0.22044883513911873,97.72203655718587,57.59991784037559,c1892d011b9adde9aacaddbd9149e5b3,
test_0284,TN3K,nodule,test,0284.jpg,0284.jpg,411,361,2,10982,0.07401715968754002,0.33194239827660554,159.10566643576743,96.3195300968518,98d518e50b8f1070ef215c1caf7bc6ee,
test_0285,TN3K,nodule,test,0285.jpg,0285.jpg,465,374,2,3910,0.022482893450635387,0.02733141211580483,55.622653667122805,73.5878787878788,5961fa7df158ba210f5399176f7c0bdb,
test_0286,TN3K,nodule,test,0286.jpg,0286.jpg,465,377,1,39115,0.22312540999971478,0.33747190253895865,79.31511735960696,65.5530418413622,14ceed7181ffc3da126ad4666ef0f2c9,
test_0287,TN3K,nodule,test,0287.jpg,0287.jpg,464,382,1,7971,0.04497088824697599,0.2703934016163128,118.25539615676233,51.3957223776855,3b15a5ece2ad16b860e88f8780804f89,
test_0288,TN3K,nodule,test,0288.jpg,0288.jpg,418,389,1,53553,0.32935019249455727,0.19474178771918696,60.419449624871866,35.95904109420548,95a10552f24f22c5379877fae8d5bac6,
test_0289,TN3K,nodule,test,0289.jpg,0289.jpg,418,392,1,1968,0.01201054584513231,0.18704886319097597,72.08214778493881,47.747711405136215,b6a863adcc40658380287356370aca2a,
test_0290,TN3K,nodule,test,0290.jpg,0290.jpg,478,371,1,30864,0.17404053276793469,0.09646930884983934,61.068193762301085,48.03899333476187,e549a1ddb28bf960c278ce6ed703fbb2,
test_0291,TN3K,nodule,test,0291.jpg,0291.jpg,478,370,3,12083,0.06831957480493045,0.029633137403238755,51.004759040836205,54.69321497229447,aa35a03fe7e0af0cce9cc805a58f610c,
test_0292,TN3K,nodule,test,0292.jpg,0292.jpg,624,531,1,155608,0.46962673233859675,0.1850180214552075,77.21055557793619,63.396548602057074,ae0529d7c2383aca17be23b7ebd2452a,
test_0293,TN3K,nodule,test,0293.jpg,0293.jpg,416,388,1,11985,0.07425282513877875,0.14199479753565217,59.75106978355341,38.346674266455196,de65528502480cf8a455085fe3c5f451,
test_0294,TN3K,nodule,test,0294.jpg,0294.jpg,874,624,1,39501,0.07242892976588629,0.037353330498744834,45.436338347938666,69.86690833480021,f18ada33647fa8f5d4d31e38d115f2bc,
test_0295,TN3K,nodule,test,0295.jpg,0295.jpg,1114,736,1,379230,0.4625297595816096,0.19237718309318264,36.905745641827,50.109532335492936,ab19c7c04e05dbabf8a681ec72ec4ab7,
test_0296,TN3K,nodule,test,0296.jpg,0296.jpg,463,372,1,7098,0.04121089667665297,0.13551760870926233,104.16689993853242,55.97627673657075,6ef3e2f4f2b3f475f777443a0b9fd013,
test_0297,TN3K,nodule,test,0297.jpg,0297.jpg,412,354,1,7733,0.053020953321265975,0.016505589110078253,49.759427088354805,31.815911085513687,4f6b48073b7954e8fb321e4800ca949e,
test_0298,TN3K,nodule,test,0298.jpg,0298.jpg,407,384,1,7413,0.04743166461916462,0.1470934848601071,74.11603187666624,23.51927211302211,2ac66f4520e25ad6135761435df9f457,
test_0299,TN3K,nodule,test,0299.jpg,0299.jpg,860,624,1,240696,0.4485241502683363,0.09067064102620487,24.297972277593182,39.23433586762075,077f3019fb562bf761325e4703571386,
test_0300,TN3K,nodule,test,0300.jpg,0300.jpg,465,377,1,68710,0.391945466472719,0.10536786619639311,67.3977533038858,76.11243261743817,4606d6ae1f41ff460b15278d5a59445c,
test_0301,TN3K,nodule,test,0301.jpg,0301.jpg,980,725,1,195263,0.27482477128782545,0.05934808051682326,48.488303722563636,94.1974018296974,83cbf486f074729bc4c34bc039c4acb2,
test_0302,TN3K,nodule,test,0302.jpg,0302.jpg,433,399,1,80313,0.464863081491257,0.16718661838513973,63.53759655237393,97.73155174309909,46e7827c76eb35539da451ba626bd6b3,
test_0303,TN3K,nodule,test,0303.jpg,0303.jpg,464,373,1,36276,0.20960062864010354,0.023013245868503698,48.54105316951437,61.706468984006655,1f8a83915dc0e8c33e3955a5e967513e,
test_0304,TN3K,nodule,test,0304.jpg,0304.jpg,710,705,1,265697,0.5308101088802317,0.14682233452714744,42.12850659982096,14.242701028868245,2724ce43686afb69d9d4f27b4853caf6,
test_0305,TN3K,nodule,test,0305.jpg,0305.jpg,543,343,1,2450,0.013154433043935806,0.21482633053221287,100.52788940271434,64.41906802184172,c304f46cc83f7bf4e9c92e87aed7aec2,
test_0306,TN3K,nodule,test,0306.jpg,0306.jpg,1312,722,1,109341,0.11542822275521925,0.22337635777197776,58.272187632647174,66.85320670900614,5bfca4d0f77d9e76403cadf4c23181da,
test_0307,TN3K,nodule,test,0307.jpg,0307.jpg,885,772,1,199705,0.2922996984865783,0.3063068197592109,67.17404753433989,56.076417552179386,4a136e5fb1325f868546da3ddb364f1a,
test_0308,TN3K,nodule,test,0308.jpg,0308.jpg,464,380,1,65061,0.3689938747731397,0.20796440742923794,70.27769463670366,45.965171279491834,0b4993be8d8292e65d20c08d50cf44f3,
test_0309,TN3K,nodule,test,0309.jpg,0309.jpg,466,378,1,50113,0.2844937211890002,0.2270763631612392,66.6387144539764,74.28903535663193,106dc96f3857480fb4ebe704dc14e589,
test_0310,TN3K,nodule,test,0310.jpg,0310.jpg,466,374,1,3507,0.020122329072089235,0.038816397789627796,121.30039320673077,79.44332813109637,bea720e56de356d94d72b0c0baba103b,
test_0311,TN3K,nodule,test,0311.jpg,0311.jpg,467,380,1,9568,0.053916375521244224,0.021543235465869722,87.31826913558116,72.4795052406176,cc084eaaf2c3aa692d499e83b1aa83b1,
test_0312,TN3K,nodule,test,0312.jpg,0312.jpg,1272,736,1,16366,0.01748145679518731,0.05132594229817479,25.921366881285692,53.52482289957616,0bb36f5e4b50cab3764cae2da07edb55,
test_0313,TN3K,nodule,test,0313.jpg,0313.jpg,403,359,1,27598,0.19075595982775423,0.031217257251107716,87.29260885636141,89.13196983625593,07a2655714ab1e58e5b057162729f463,
test_0314,TN3K,nodule,test,0314.jpg,0314.jpg,320,381,1,41623,0.3413959973753281,0.15260743581461822,63.39254690175418,28.150213254593176,e2a850c0bea2c6977a9282f97b5b9bf8,
test_0315,TN3K,nodule,test,0315.jpg,0315.jpg,436,347,1,46564,0.3077756920392354,0.3106288063431426,94.66723644104115,67.07772387171826,385ce2e12082450e6448ff6d73ac40ba,
test_0316,TN3K,nodule,test,0316.jpg,0316.jpg,433,387,1,33056,0.19726563665550723,0.19608293403568516,116.78271225389568,67.148921949502,732853f65c8ea86553fa2729fbb4c9d5,
test_0317,TN3K,nodule,test,0317.jpg,0317.jpg,983,594,1,11200,0.019181300971738407,0.11004783451842276,36.317634810093864,50.00788659740847,1782512682e1e64b1d58ec45e68ea2c0,
test_0318,TN3K,nodule,test,0318.jpg,0318.jpg,986,709,1,36512,0.052229091626923616,0.15131459313641052,32.79124685671802,50.408534718785134,54b6d2c41cd972290c162b0db54d7179,
test_0319,TN3K,nodule,test,0319.jpg,0319.jpg,471,326,1,7989,0.05203001055058419,0.06322232602079114,82.0979373387695,80.68182173420342,5631614a873c1f0e2bff3111b78ba8b9,
test_0320,TN3K,nodule,test,0320.jpg,0320.jpg,530,378,1,3322,0.016581810921433564,0.052711937674929495,67.09414815995883,51.97657482280124,9c90a97b39b60a2c0e2291739425dd91,
test_0321,TN3K,nodule,test,0321.jpg,0321.jpg,980,730,1,180900,0.25286552977355325,0.15393563160530524,38.69519096347353,54.481558568632934,5ad3e4846e6f23efd0804b58e5ac38a3,
test_0322,TN3K,nodule,test,0322.jpg,0322.jpg,974,744,1,142439,0.19656085094168818,0.1468901864740785,40.67124089849701,53.370179781855114,35bf62bc6e79f22745faf5a34eea5678,
test_0323,TN3K,nodule,test,0323.jpg,0323.jpg,989,711,1,174693,0.24843318699790523,0.1492531745855682,59.54049365325327,74.29882291706663,b27fa7aa2d6738c859b2602771ebf587,
test_0324,TN3K,nodule,test,0324.jpg,0324.jpg,980,719,1,148294,0.2104595384746388,0.14586732812176662,54.504162948883085,81.62093184979138,fd7cfb9843756d65b16725c8cce2e4b2,
test_0325,TN3K,nodule,test,0325.jpg,0325.jpg,371,373,1,1711,0.012364235491353707,0.13329382005082213,85.8450814173252,83.56657248361432,83217bb788db2b6eaf045324e68e9aa3,
test_0326,TN3K,nodule,test,0326.jpg,0326.jpg,466,378,1,2965,0.016832436360333356,0.04679166163732661,109.08245131496953,77.14734200785703,333ad446450eee0f3a3a07a2dfd27fdf,
test_0327,TN3K,nodule,test,0327.jpg,0327.jpg,380,298,1,1681,0.0148445778876722,0.18154313393736704,144.39869100580358,69.9071264570823,6f82ff11cfb6599ad275b6fa2645a9c1,
test_0328,TN3K,nodule,test,0328.jpg,0328.jpg,402,358,1,15162,0.10535312265488202,0.14221446493447037,125.20503127647544,89.21953778593068,152c57a08e4adde4e54bf7f739f2de78,
test_0329,TN3K,nodule,test,0329.jpg,0329.jpg,1127,744,1,297253,0.3545107383766971,0.13209271850343213,30.67115292462449,37.972396742708305,d1e133873c56e6b57fe6142e841fd1c5,
test_0330,TN3K,nodule,test,0330.jpg,0330.jpg,879,744,1,178456,0.2728785154195261,0.14558282191316266,46.12503462840782,45.76744865254994,07821678efc187f4790bfa6c023d61c7,
test_0331,TN3K,nodule,test,0331.jpg,0331.jpg,386,375,1,45021,0.3110259067357513,0.19748582874077295,69.15000248874138,70.66131260794474,1b59db232ec4203aabc3afe901446000,
test_0332,TN3K,nodule,test,0332.jpg,0332.jpg,402,360,1,33464,0.23123272526257602,0.13130439307569033,109.85406134163642,69.00389027086788,bfcf3e1f4b6944e7f43b6f640da9e5f2,
test_0333,TN3K,nodule,test,0333.jpg,0333.jpg,465,376,1,22940,0.13120567375886524,0.0194474818966551,78.12208321660285,78.74653397391901,0e13f29deca7ca432ee7ea3ecf131dcf,
test_0334,TN3K,nodule,test,0334.jpg,0334.jpg,371,372,2,24268,0.17583978204793785,0.25112147433834636,111.00798684347237,78.39153841694925,30e92f9187a4af045105564096fb173e,
test_0335,TN3K,nodule,test,0335.jpg,0335.jpg,481,397,1,58136,0.30444550343794674,0.2296313201744826,75.73449184053979,56.17109087386166,7d6a2289757835b945266399fbbfc16f,
test_0336,TN3K,nodule,test,0336.jpg,0336.jpg,417,382,1,65394,0.4105239368714452,0.14939279689192908,53.08036621373909,27.84006302811154,6e5c5de44f31e405e5e69ef51616e9b9,
test_0337,TN3K,nodule,test,0337.jpg,0337.jpg,417,388,1,673,0.0041595589507775225,0.0004239024320311028,84.12548104674197,25.96825632277683,b9263052eab39cdf28f21db5252b2190,
test_0338,TN3K,nodule,test,0338.jpg,0338.jpg,412,336,1,3280,0.02369394359685622,0.293301264779858,170.7543776870397,79.44106853906611,aeb4cdb72614f771d070d4cc1aa4f789,
test_0339,TN3K,nodule,test,0339.jpg,0339.jpg,415,386,1,35303,0.220382046319995,0.12106184564906314,60.51542770121149,36.668986828141584,faebcabd038071ee0a8a48171ef06da2,
test_0340,TN3K,nodule,test,0340.jpg,0340.jpg,1152,716,1,151037,0.18311243986654252,0.2702902060910095,58.6692428205069,50.26399072780882,2a5bd51e02790938d2c605c8d209867c,
test_0341,TN3K,nodule,test,0341.jpg,0341.jpg,1168,695,1,37486,0.04617867349955652,0.20686639748097763,43.31690798333307,46.579856115107916,e4555c25eb35c3b706112d73137104ef,
test_0342,TN3K,nodule,test,0342.jpg,0342.jpg,466,376,1,6487,0.03702287462332207,0.10395234094840648,67.72273854344644,50.33184184092777,72928f4d724c9734e63af3c7cc8b0db8,
test_0343,TN3K,nodule,test,0343.jpg,0343.jpg,464,336,2,4795,0.03075610632183908,0.06898245992619191,103.78960310358377,56.83426980706076,ad6da006a8dda3db4172ddf2512058bb,
test_0344,TN3K,nodule,test,0344.jpg,0344.jpg,433,368,1,34193,0.21458605281654786,0.0531317878848757,59.68510874482978,55.228147906416304,9b8e42c5acdccc05f5a7070e617a90fb,
test_0345,TN3K,nodule,test,0345.jpg,0345.jpg,659,534,1,22785,0.06474740413633186,0.042726738452147646,58.24049957443523,61.17425392008093,5ea8d966a56260c76738915c61498fcc,
test_0346,TN3K,nodule,test,0346.jpg,0346.jpg,1100,747,1,4963,0.0060399172447365215,0.07322401235101415,50.308936693849496,13.803705732018985,cf0f56630800cd7e08bcecd22c48682d,
test_0347,TN3K,nodule,test,0347.jpg,0347.jpg,418,346,1,1918,0.013261609093674806,0.062048169315330075,62.34726130601768,30.805148380673174,a79a8b0060f65005dfd54d6004ee0096,
test_0348,TN3K,nodule,test,0348.jpg,0348.jpg,989,618,2,32478,0.053137915124623285,0.07162793310282158,50.465037288874086,69.13400806934533,dc17011e6d2fa7fe4b96d6c6cbd920d1,
test_0349,TN3K,nodule,test,0349.jpg,0349.jpg,980,661,1,50584,0.07808823983451171,0.16721669067431047,44.91491035576383,63.27729784803483,6031be130605564722b368c88238b0c6,
test_0350,TN3K,nodule,test,0350.jpg,0350.jpg,436,385,1,79300,0.4724174907661146,0.008542121676908562,29.733726412496715,28.70912665316335,b5ff70b1f96eaf506464e5bb7c9a6ebf,
test_0351,TN3K,nodule,test,0351.jpg,0351.jpg,434,366,1,16566,0.10429100249301201,0.03880819888323753,76.95655146116101,29.820087633149505,0ce928490d15ce915616cac47d398a09,
test_0352,TN3K,nodule,test,0352.jpg,0352.jpg,436,313,1,1818,0.013321804379048568,0.05119867065580214,77.48341051886999,39.803594981973795,50a85596ea8c32dd39e9644327662588,
test_0353,TN3K,nodule,test,0353.jpg,0353.jpg,479,335,1,4599,0.02866045555105475,0.08077856284923216,86.79761380864726,39.199638550462716,c98e2c60c20b16d3c477d2b214a4d4c3,
test_0354,TN3K,nodule,test,0354.jpg,0354.jpg,434,318,2,2507,0.018165087093875897,0.058995010198084154,81.51846133093954,41.07030548068284,19ebca94345b62d241d5cf1d798ea21f,
test_0355,TN3K,nodule,test,0355.jpg,0355.jpg,434,318,2,19918,0.14432078369996812,0.0004618407465981459,99.21071348070039,47.29236588122772,93540a729228e05e1faac06ce80ec74c,
test_0356,TN3K,nodule,test,0356.jpg,0356.jpg,419,389,1,54752,0.3359203882422956,0.14399802536110604,52.200571252818605,32.275800504322326,a92f34227cbc1220781d0426b40bcb25,
test_0357,TN3K,nodule,test,0357.jpg,0357.jpg,287,315,1,10810,0.11957303246501853,0.10424064549826785,207.74458485426635,101.17252364360378,f1b6d75ff909cacdeecf60360c7e68e1,
test_0358,TN3K,nodule,test,0358.jpg,0358.jpg,434,295,3,10742,0.08390221041943295,0.05365451008433238,68.00791143061915,33.048590174177924,750ca13c8a9a7fe0d08cad7dbcf25b60,
test_0359,TN3K,nodule,test,0359.jpg,0359.jpg,434,357,1,63813,0.4118615188010688,0.13611180840429551,50.418086874076614,25.13130413455705,97a51b7d9c23ced383fc085dc038aec3,
test_0360,TN3K,nodule,test,0360.jpg,0360.jpg,715,512,1,47392,0.12945804195804195,0.09770660257007963,71.05626232324049,47.49825174825175,bd8cc061783b8573b45dada54b3f52e7,
test_0361,TN3K,nodule,test,0361.jpg,0361.jpg,401,355,1,54664,0.3839977520986267,0.047275577497359805,68.4378717836097,48.135991008394505,1e738abd04c76008c57cee97f17e915a,
test_0362,TN3K,nodule,test,0362.jpg,0362.jpg,406,362,2,24992,0.17004599515553984,0.018150862539578542,61.7464238423931,41.100189151675146,4a80da74eb93542feae0426804445fca,
test_0363,TN3K,nodule,test,0363.jpg,0363.jpg,1244,722,1,63868,0.0711091911535481,0.12403831637730679,40.961118338832186,62.50829911553295,50f6972ebd796510b80632fa3406da66,
test_0364,TN3K,nodule,test,0364.jpg,0364.jpg,434,391,1,37771,0.22258300234539818,0.08714078517300751,55.27730093935424,54.185663606255964,c70fb6653c2dfacf4a7fed62ef97c06a,
test_0365,TN3K,nodule,test,0365.jpg,0365.jpg,255,289,1,3467,0.04704525408779429,0.0907146182796875,85.00222752287019,130.67407558178982,7ceeb725358d8e4ca321a1bb3fb99c24,
test_0366,TN3K,nodule,test,0366.jpg,0366.jpg,400,360,1,2176,0.015111111111111112,0.08493143822138305,78.52776746934322,28.35740277777778,1c312e8a025ab202d13503f1a8dc9bf2,
test_0367,TN3K,nodule,test,0367.jpg,0367.jpg,417,382,1,41627,0.261321832586287,0.09857704379934747,80.28386878596261,56.78463093399626,553fa6e082a91e99e9da6645f6077834,
test_0368,TN3K,nodule,test,0368.jpg,0368.jpg,415,385,1,6854,0.042897825066499765,0.03176382312481455,52.95042019090862,55.12674072915037,34be55082effc1f539462a7dc17a27ed,
test_0369,TN3K,nodule,test,0369.jpg,0369.jpg,555,374,2,3089,0.014881726646432529,0.06627328204235353,61.46638485794004,61.979992291757,edb7aa16cefdba1b8854a2ca9b32e387,
test_0370,TN3K,nodule,test,0370.jpg,0370.jpg,555,381,1,25005,0.11825211037809463,0.06315984818340013,72.79530202557412,55.56505639497765,779e5bf368f3dcafbece0bcf47e6cdea,
test_0371,TN3K,nodule,test,0371.jpg,0371.jpg,468,377,1,18097,0.10256977034165363,0.4124296854437133,128.71159913987546,106.9888458137795,607f64116e100a8549afb8105369bbe9,
test_0372,TN3K,nodule,test,0372.jpg,0372.jpg,291,321,1,26320,0.281765530826134,0.23446182651210637,137.8197667423238,74.49629058676173,31fb15c627c8195d4d77f4f53dbfc57c,
test_0373,TN3K,nodule,test,0373.jpg,0373.jpg,451,365,2,7530,0.045743097530601705,0.14307380907729467,101.88860303072725,46.39732102177809,22dcb9fc173f33e3591080edd8dc84c3,
test_0374,TN3K,nodule,test,0374.jpg,0374.jpg,450,366,1,19651,0.11931390406800244,0.10414252520131549,59.15459877176944,34.58051608986035,fdf1e4af866ff39d58612cccb21727a3,
test_0375,TN3K,nodule,test,0375.jpg,0375.jpg,656,678,1,162422,0.3651836463054896,0.10210826321483435,34.10817641468499,13.66109522267789,5525a8848db38e11d4a7d6d31b9125d7,
test_0376,TN3K,nodule,test,0376.jpg,0376.jpg,486,337,1,53026,0.3237596317055598,0.11937675544767719,77.23195853469409,47.13423331013176,af1892fff5f247177e743fd97fb89561,
test_0377,TN3K,nodule,test,0377.jpg,0377.jpg,432,398,1,40360,0.23473850735157267,0.10482643324921642,41.12246721508262,36.85198562255723,1dadd83f9593df78e72ac77907a98ef6,
test_0378,TN3K,nodule,test,0378.jpg,0378.jpg,513,309,1,837,0.005280190768182593,0.15461482491997297,99.19827054941615,68.53921661399093,9f8a1e8c2ca7b884dd410dec6b782be3,
test_0379,TN3K,nodule,test,0379.jpg,0379.jpg,464,372,1,33772,0.1956572117167223,0.048312928486897846,61.23141284347969,94.12231182795699,f69ca50fd4b72bcd86919113b3a1cf28,
test_0380,TN3K,nodule,test,0380.jpg,0380.jpg,428,378,1,9726,0.06011719329476339,0.04174974378387068,72.30047081291332,45.33532982247935,acc57f1be7bc11fe7b822432ef762190,
test_0381,TN3K,nodule,test,0381.jpg,0381.jpg,425,378,1,33083,0.205932150638033,0.05393966676910093,59.9222007218147,43.76900093370681,c16014c1f5822d22b314c0d71104b9ca,
test_0382,TN3K,nodule,test,0382.jpg,0382.jpg,788,585,1,11276,0.02446093105991583,0.033001221762098576,36.6838706901051,32.163950713696906,eb0c735d84da61ef0042fb8ad49e4b4a,
test_0383,TN3K,nodule,test,0383.jpg,0383.jpg,982,643,1,10069,0.015946445030771618,0.11274069056452544,80.31552881215416,63.25457139870706,f2f55a74f922d6ac603127b061c61d1a,
test_0384,TN3K,nodule,test,0384.jpg,0384.jpg,500,371,2,10975,0.0591644204851752,0.07408410247445989,48.24728294136409,31.69200539083558,c263284a159a53f2b3cdf9343c9dd04d,
test_0385,TN3K,nodule,test,0385.jpg,0385.jpg,1283,746,2,149295,0.15598390167147624,0.21174369053143577,49.223577438917346,84.20007668855878,60447ebc7a2cb7dbb1fb510d6b0439b8,
test_0386,TN3K,nodule,test,0386.jpg,0386.jpg,1237,730,1,214645,0.2376994717666471,0.24344860443120073,62.7766009561397,101.54845239809083,ee46dafbd4521549b55fd5e2e761c84f,
test_0387,TN3K,nodule,test,0387.jpg,0387.jpg,878,704,1,5259,0.008508166804721475,0.1630888284794065,50.92377777964261,96.19876656657694,1a91b1675037cf542075838860b96ceb,
test_0388,TN3K,nodule,test,0388.jpg,0388.jpg,479,382,1,9678,0.0528916044551804,0.15587750962380892,87.86672342718886,74.4078468449759,1d06fe6af0833fb242118f5191408518,
test_0389,TN3K,nodule,test,0389.jpg,0389.jpg,419,387,1,9281,0.0572360671711285,0.05341649072772407,70.12213833635137,87.10973586674314,37076d20b94361a4364ffc325d8f1dae,
test_0390,TN3K,nodule,test,0390.jpg,0390.jpg,411,340,1,5490,0.03928724774581365,0.14146784457898923,85.37096148907762,85.86940031487048,a462421dfd85783a3dd81904068a3469,
test_0391,TN3K,nodule,test,0391.jpg,0391.jpg,1098,721,2,36337,0.04589987090384989,0.03659786699829732,22.140112049012654,12.942073471120105,5f81fc0934ff9b1f06248ed688d79929,
test_0392,TN3K,nodule,test,0392.jpg,0392.jpg,1095,726,1,10413,0.013098607494622438,0.04389613338643919,24.353160069900575,12.831557165679207,9aeba9bdb9618094604a5980238a75f0,
test_0393,TN3K,nodule,test,0393.jpg,0393.jpg,413,319,1,11809,0.0896339195579406,0.070008813107583,86.5444121080725,61.21827441991089,f1fa34cfcd025713641ebfd83e61b083,
test_0394,TN3K,nodule,test,0394.jpg,0394.jpg,413,313,1,1145,0.008857498704252374,0.02628431399140254,78.70103768442098,71.61458663716746,98828153c5445e8f7d6880bf71966e30,
test_0395,TN3K,nodule,test,0395.jpg,0395.jpg,480,352,1,793,0.00469341856060606,0.043274438129362866,170.9856218189945,38.35020714962121,fc5bfe0801522b7532df14f924f22db6,
test_0396,TN3K,nodule,test,0396.jpg,0396.jpg,400,357,1,13243,0.09273809523809524,0.184675423866053,123.05524108400215,94.568081232493,e75b84a62b8a0f014c6321dfda70042b,
test_0397,TN3K,nodule,test,0397.jpg,0397.jpg,984,741,1,3597,0.004933181922912346,0.08098251705914952,115.96580270007972,19.693485786072436,00726b1ffb6341e07d07dcabacab22b7,
test_0398,TN3K,nodule,test,0398.jpg,0398.jpg,979,731,1,77267,0.10796773278520616,0.04173065229693011,29.68125483735587,68.97604272485535,8f6b88b8aa162bdb87672810f9ffa16f,
test_0399,TN3K,nodule,test,0399.jpg,0399.jpg,410,326,1,2369,0.01772407601376627,0.09095872952811347,120.8757521412243,74.08066736495586,0f1e97e71487168587a290f200f00aaa,
test_0400,TN3K,nodule,test,0400.jpg,0400.jpg,982,762,1,19499,0.02605828802967857,0.15465352495455445,76.70714899739326,79.22703144795291,090bceb2db8f0199d8d70ea415d3c39e,
test_0401,TN3K,nodule,test,0401.jpg,0401.jpg,464,373,1,1569,0.00906559119903855,0.02679500579528802,141.58172898606136,76.53537256170843,379694c0e84e226bf3f8cad6b01db7e3,
test_0402,TN3K,nodule,test,0402.jpg,0402.jpg,477,314,1,9689,0.06468907316161251,0.0810901581728419,49.91483380436898,43.38667227496695,2b6968283b9b9e40aa2495c1fcc25385,
test_0403,TN3K,nodule,test,0403.jpg,0403.jpg,480,353,2,2903,0.017132908404154865,0.08371174870087186,92.50277596059843,46.643643767705385,63d2b5d62ba6f90e06b99e8967c91305,
test_0404,TN3K,nodule,test,0404.jpg,0404.jpg,464,346,1,1412,0.008795096671317521,0.021752126687469214,135.68571838312587,68.22339670121586,aa9d137e9c0dacbdafec13d87ba3b18e,
test_0405,TN3K,nodule,test,0405.jpg,0405.jpg,465,376,1,5364,0.030679478380233355,0.018822575984981372,77.77419577303374,68.058848089682,7158b13dddbe1eec684bdd904c659251,
test_0406,TN3K,nodule,test,0406.jpg,0406.jpg,466,376,1,21393,0.12209501415395854,0.16699930185657122,104.50504292140711,72.83395352022646,09380f72f23476a31983b4c3a8972555,
test_0407,TN3K,nodule,test,0407.jpg,0407.jpg,417,389,1,9763,0.06018629826216148,0.06181554825715551,59.320640836706296,82.19992232435132,88de00b87e90322562087db5bf2f8ad6,
test_0408,TN3K,nodule,test,0408.jpg,0408.jpg,1247,730,2,185502,0.20377893245158243,0.03887835693725603,54.80104951829208,61.39460952862212,b7b8a8bbba63d4942e22e08fdadb9764,
test_0409,TN3K,nodule,test,0409.jpg,0409.jpg,416,374,1,7938,0.05102067050596462,0.09110777320257193,81.64733406016552,33.125404925956396,e76a47c5ff3f4072135d4adf002869a6,
test_0410,TN3K,nodule,test,0410.jpg,0410.jpg,517,352,1,2443,0.01342425707754528,0.04078172723937528,76.73184102966124,28.268084007385266,84ba090fa4410cf48e1c9692dbdbbd2a,
test_0411,TN3K,nodule,test,0411.jpg,0411.jpg,991,704,1,89738,0.12862638748738647,0.07270892067526707,44.75183019642583,79.37740516925052,43c29cc781e08cbf924c851d13f3df91,
test_0412,TN3K,nodule,test,0412.jpg,0412.jpg,988,727,1,65253,0.09084669402847931,0.3353079483871866,64.56647944164644,83.05278750786606,01111b72283cede3e0e4f57570ae2659,
test_0413,TN3K,nodule,test,0413.jpg,0413.jpg,629,534,1,15707,0.04676288978998827,0.13267248614168908,83.89957281107428,48.47145162346749,6a8143c43bcc322afa1252c47bd852cd,
test_0414,TN3K,nodule,test,0414.jpg,0414.jpg,982,740,1,35931,0.049445423019761105,0.1311504705620384,45.48616359505814,61.61812489679088,6bf2060d6b2572ffa8680f88893baeab,
test_0415,TN3K,nodule,test,0415.jpg,0415.jpg,995,691,1,54444,0.07918608963776916,0.13272429965870033,51.5087170814576,91.95958664523776,827c5cc7a8ef0ed02475440ddcc1f18f,
test_0416,TN3K,nodule,test,0416.jpg,0416.jpg,508,332,1,8178,0.04848923252063372,0.13559368026470733,89.29045439134642,44.020183094583054,fcf20633e224a81dfecc8a663fd47056,
test_0417,TN3K,nodule,test,0417.jpg,0417.jpg,1098,772,1,51632,0.06091150183565031,0.18672370524925092,47.52543003954282,55.502164793265194,127398a2e8ca686d2d0d7ce54a45a327,
test_0418,TN3K,nodule,test,0418.jpg,0418.jpg,415,337,1,9888,0.07070179829108719,0.09251921008711958,61.93311564870493,34.532716027314,68debb50f0736d1598ec2833cd7e68c9,
test_0419,TN3K,nodule,test,0419.jpg,0419.jpg,432,366,1,2638,0.016684375632463066,0.15269069912825892,58.392630986735185,34.648091226472374,b44f99eb88eec122605fe85394424380,
test_0420,TN3K,nodule,test,0420.jpg,0420.jpg,416,367,1,11835,0.07751912596939844,0.03499962931567916,49.74270471592686,52.76985301823517,f282d5b5f60c09b6c740c472315ba352,
test_0421,TN3K,nodule,test,0421.jpg,0421.jpg,420,389,1,31930,0.19543395764475455,0.06523339489040321,70.48399281680997,71.01234545231975,409328c26b0c83351ee212da16668c66,
test_0422,TN3K,nodule,test,0422.jpg,0422.jpg,434,370,1,30723,0.19132519616390584,0.1376353460920135,52.905223570670124,86.23076970980196,e2fa3a5979a89760ab5822d65314016d,
test_0423,TN3K,nodule,test,0423.jpg,0423.jpg,434,381,1,13136,0.07944168269288919,0.08960884959827742,64.45223320980574,95.03169563481984,66c5f908e37529c571ec8d5a1fa442de,
test_0424,TN3K,nodule,test,0424.jpg,0424.jpg,1087,772,1,26954,0.032120062347765155,0.0793292293835062,65.5055868613734,28.718479343727804,3b4a313b20f47d69c299f6d8d14b589d,
test_0425,TN3K,nodule,test,0425.jpg,0425.jpg,1192,740,1,79790,0.09045664792309088,0.04139689181521512,41.82968803806385,67.40100897877744,a5c170b465ddc303b871ec97702ad592,
test_0426,TN3K,nodule,test,0426.jpg,0426.jpg,356,288,1,1941,0.018931413857677902,0.13843939039489733,66.72876689926812,39.16960245006242,f3ededdb4fd0b0f2e0d56e0f00174981,
test_0427,TN3K,nodule,test,0427.jpg,0427.jpg,788,630,1,48771,0.0982414793328499,0.07856085998647937,48.19182914723323,47.968997260494724,21167205e3b1babc16d5d31af6380172,
test_0428,TN3K,nodule,test,0428.jpg,0428.jpg,426,350,1,10797,0.07241448692152917,0.17594412487422378,75.04106854372995,63.4745405767941,66356cd7c550a1b99ab87304e614b463,
test_0429,TN3K,nodule,test,0429.jpg,0429.jpg,426,340,1,828,0.005716652858326429,0.13469049455531004,146.75904804291608,39.9561861364264,5679f5410e97494511c2c114663a3ede,
test_0430,TN3K,nodule,test,0430.jpg,0430.jpg,515,308,2,16378,0.10325305762198966,0.14477956323936678,71.48409774151565,69.16332114487454,0ce4d98b9363b0b01b7923d5ce91599b,
test_0431,TN3K,nodule,test,0431.jpg,0431.jpg,509,302,1,5442,0.035402490274398575,0.13066620580201532,95.78255893567348,63.16850336330163,fdff52e836e491cd1be320cb9b7e61bb,
test_0432,TN3K,nodule,test,0432.jpg,0432.jpg,347,401,1,28283,0.2032598618726958,0.11941978545995045,69.17931968600614,73.19040295514816,5747a4f34f430db7764e0fab0a9ba0b1,
test_0433,TN3K,nodule,test,0433.jpg,0433.jpg,509,313,1,15467,0.09708317379815086,0.08303496965735165,72.37349672553685,47.56341758883233,1237cf2b82fa1515280ee216401eec98,
test_0434,TN3K,nodule,test,0434.jpg,0434.jpg,519,319,1,4832,0.029185617385736978,0.06211753383511796,41.34510325715221,60.22119943706549,8514a1607da1d4a9266eab083cda7f36,
test_0435,TN3K,nodule,test,0435.jpg,0435.jpg,466,378,1,7071,0.04014238027113563,0.16730207906288108,78.77554999566371,82.9260451438563,9ed9ae8e118a116755c3046fb7f0ad1d,
test_0436,TN3K,nodule,test,0436.jpg,0436.jpg,464,376,1,8303,0.04759148019075569,0.06913427696449366,68.66926317217562,72.11106016140866,ea2ad6aa96aa01e6abdd33d19b16a304,
test_0437,TN3K,nodule,test,0437.jpg,0437.jpg,467,379,1,7830,0.04423903770205601,0.16085852487624133,76.44342910428749,83.11007779968699,ac6ca16b5aaf52009a0fb4a7dd97a403,
test_0438,TN3K,nodule,test,0438.jpg,0438.jpg,433,369,1,2346,0.014682964381606864,0.02958846586849195,44.4584906642423,23.4060346608085,0c0e3d27cbc9011987a7fd6733f15898,
test_0439,TN3K,nodule,test,0439.jpg,0439.jpg,502,369,2,9310,0.050259665943272976,0.0811907204091043,81.69665304094576,46.9177976441119,4b3de0cf142109b65acee8571cb7f90d,
test_0440,TN3K,nodule,test,0440.jpg,0440.jpg,434,353,2,18928,0.12354930092296446,0.055887684698957184,56.01645572889414,39.4518478871033,6351ea3639c926b9f32d56040ae742df,
test_0441,TN3K,nodule,test,0441.jpg,0441.jpg,435,353,1,2541,0.01654781674318648,0.129772972678084,86.03498686808766,48.184162026635406,bc81f28b86e0b9f02b1ddb48f325efb9,
test_0442,TN3K,nodule,test,0442.jpg,0442.jpg,466,377,1,84057,0.4784610830933163,0.04091794438629755,65.78043189809145,90.29059323095137,10da26d57a728da3bebd8fa2bdb29e24,
test_0443,TN3K,nodule,test,0443.jpg,0443.jpg,979,620,1,233105,0.38404066031829714,0.03543038407515999,26.093703837705903,44.838780519951236,eac1c94f24f0b930045cc3eb775d0c85,
test_0444,TN3K,nodule,test,0444.jpg,0444.jpg,649,546,1,3361,0.009484865417068807,0.179028186359566,94.58071851008303,84.23702850821495,03d45e28b2adc5d39e887095cc94fc5e,
test_0445,TN3K,nodule,test,0445.jpg,0445.jpg,419,378,1,2938,0.018550087762498262,0.07871692183861093,48.23483390736139,28.586013562147215,8e504b162b3dde008ac16a4d9be31993,
test_0446,TN3K,nodule,test,0446.jpg,0446.jpg,429,357,1,2715,0.01772737066854714,0.10497954963704975,78.58093432443208,37.2855836973484,ed130ea6dd0e35f8397c42ce6f37e3e7,
test_0447,TN3K,nodule,test,0447.jpg,0447.jpg,414,342,1,1778,0.01255756137525779,0.10692720344657403,75.57068071262901,53.55743424584004,7318f645d9a189bb8560fc4c8095006a,
test_0448,TN3K,nodule,test,0448.jpg,0448.jpg,466,379,1,82691,0.4682018413036339,0.03567122850383003,71.84473694186994,68.44549129740564,65cc4ce25139b31642c0cf6063485114,
test_0449,TN3K,nodule,test,0449.jpg,0449.jpg,498,382,1,32913,0.17301141739733805,0.0326179474525113,61.381319883131724,70.26004016064257,89b16176e0c410c80f7b8125ef5e5074,
test_0450,TN3K,nodule,test,0450.jpg,0450.jpg,979,711,1,44003,0.06321643400295086,0.11034681849837548,35.945652851912435,68.59759305471152,96c519a2b5d3f162e4f388c2a72c801b,
test_0451,TN3K,nodule,test,0451.jpg,0451.jpg,449,355,1,7049,0.04422346999592208,0.2310367883986419,95.4383210969888,46.61493773330405,01640b45e60c680b4a70b90224a758a2,
test_0452,TN3K,nodule,test,0452.jpg,0452.jpg,417,381,2,51433,0.32372841883973136,0.08919226448928237,63.85717222816644,43.73719292282709,01107cbd3d6cc2f067da3e963697ee34,
test_0453,TN3K,nodule,test,0453.jpg,0453.jpg,460,360,1,1590,0.00960144927536232,0.005267784108623546,117.59132399624716,28.404196859903383,254393af93ea2525d1b4719d4f1c9db7,
test_0454,TN3K,nodule,test,0454.jpg,0454.jpg,410,333,1,834,0.0061085475719622065,0.0548229567606419,132.88869329107837,88.4677213799165,bee62b1dd33068e7e27a3713fe7657b5,
test_0455,TN3K,nodule,test,0455.jpg,0455.jpg,979,678,1,17285,0.026040960464744894,0.17079998449638184,45.056721886375584,68.01012712387875,030fd44396a36a6a760902cd7f523201,
test_0456,TN3K,nodule,test,0456.jpg,0456.jpg,402,359,1,1045,0.007240954004351502,0.08768288044470388,85.66235240174105,41.370910073587496,5f9ba3b1bdd6a9f7c1e93126703caa18,
test_0457,TN3K,nodule,test,0457.jpg,0457.jpg,515,335,1,15497,0.08982466309230547,0.0888650768897752,51.79681472584325,37.75772206926533,979ded5259a7d7721a7d95e2dd4ebdbc,
test_0458,TN3K,nodule,test,0458.jpg,0458.jpg,436,319,1,45289,0.3256233642978344,0.003428372877220073,61.92218532288239,65.89888125161772,74485ed5f5a9f40a571b5f15ea625171,
test_0459,TN3K,nodule,test,0459.jpg,0459.jpg,505,289,1,4255,0.029154818596046454,0.07226726056970983,62.750253227072506,63.35755250265511,5ac7c4b47e9e8b550847b1e97a7d8e5d,
test_0460,TN3K,nodule,test,0460.jpg,0460.jpg,510,285,1,729,0.005015479876160991,0.07340977543280686,155.94533032152557,66.8990780873753,f096cab55f976086ab9d03180f797297,
test_0461,TN3K,nodule,test,0461.jpg,0461.jpg,433,281,1,576,0.004734000147937505,0.05432457142015967,210.01220581243825,36.007627000238344,ee959518132da640fb289daf8324d861,
test_0462,TN3K,nodule,test,0462.jpg,0462.jpg,433,285,1,7867,0.0637494428912929,0.12167379711359297,92.90565038411557,41.50519022730035,fadd67a5ce516d1e155fca98db09344c,
test_0463,TN3K,nodule,test,0463.jpg,0463.jpg,430,366,1,900,0.0057186427754479605,0.003462049880193031,44.62711853952278,48.191402973694245,c691d858061206bd9536c0651e011b94,
test_0464,TN3K,nodule,test,0464.jpg,0464.jpg,434,335,1,1711,0.011768347204071807,0.11172740085836438,47.88938524418827,44.129107916638006,6950cff0446f86abb3db1a7e8a444cb3,
test_0465,TN3K,nodule,test,0465.jpg,0465.jpg,464,351,1,6021,0.03696949602122016,0.11572212603930226,61.10981740729743,57.003720895962275,8c3b70c6a2f201dcbcbed5e435aba1d6,
test_0466,TN3K,nodule,test,0466.jpg,0466.jpg,464,332,1,11134,0.07227617366015787,0.06867162753199384,92.23685243332939,50.03693004777732,be64f4152c752e0a187b3bcde89e4ab1,
test_0467,TN3K,nodule,test,0467.jpg,0467.jpg,417,342,1,1229,0.008617667269693017,0.04842949281978216,124.47077978180185,47.726674800510466,1f5118db0d2e2e1b5a15df900b5bc4d7,
test_0468,TN3K,nodule,test,0468.jpg,0468.jpg,412,333,2,7329,0.05341992477914808,0.05637170478471088,76.04012062678518,64.57884340651331,8ffe1f750ad71a98f17915d08acb257b,
test_0469,TN3K,nodule,test,0469.jpg,0469.jpg,379,350,1,53353,0.40220882020354315,0.10087877609667259,89.60104863108272,45.07015454202789,75bffd528b836608a1d260d8293b6796,
test_0470,TN3K,nodule,test,0470.jpg,0470.jpg,412,317,1,3840,0.029401855992159505,0.16526080886900213,78.142724903231,58.9073841536247,44c7115c5019f67fd947dc18b67d2633,
test_0471,TN3K,nodule,test,0471.jpg,0471.jpg,417,383,1,4038,0.025283167721697315,0.15913256790107558,100.88673445894534,67.84122571394582,0897d47710c3868479888bc56bd7f685,
test_0472,TN3K,nodule,test,0472.jpg,0472.jpg,429,398,1,9963,0.05835119654215132,0.08484889089332537,50.99383237596302,67.16890396036125,ff91877fc76ff345b8c1381fa34407bc,
test_0473,TN3K,nodule,test,0473.jpg,0473.jpg,425,346,1,12482,0.08488269296157769,0.02053365382083659,56.619330361472755,35.241292077524655,debda741835f228d5786d36ca2ac492b,
test_0474,TN3K,nodule,test,0474.jpg,0474.jpg,421,344,1,15567,0.10748909020604319,0.015635143300105694,70.41710896241733,45.7843796608297,77724ba70808f273371fa915eb3e438d,
test_0475,TN3K,nodule,test,0475.jpg,0475.jpg,478,345,1,1720,0.010429931477775756,0.14811484472076158,71.07013042578838,52.32362500757989,f6331c6b97cbe128e7997fb8a6079d64,
test_0476,TN3K,nodule,test,0476.jpg,0476.jpg,478,351,1,2603,0.015514548987352335,0.1256454590699041,127.70696984139991,54.078317777062544,8c14b16640712d562d612c9cf303f002,
test_0477,TN3K,nodule,test,0477.jpg,0477.jpg,503,371,1,2126,0.011392561075594948,0.1086620375430674,101.10679612846917,67.45098680156259,428abc3a2fe32970eb8f05f7e8b1c24a,
test_0478,TN3K,nodule,test,0478.jpg,0478.jpg,583,369,1,1937,0.009003983693353229,0.24745447998507608,125.71488627881126,54.46017933592715,fcc9f765a2ddb0a93c695dfd174bbd63,
test_0479,TN3K,nodule,test,0479.jpg,0479.jpg,417,352,1,1872,0.012753433616742969,0.053501983339444635,54.509927156862595,21.400316110747767,385cea56b276e8dd9c3de623f28bd22b,
test_0480,TN3K,nodule,test,0480.jpg,0480.jpg,432,400,1,29084,0.16831018518518517,0.10438943116481604,55.89759004115029,69.24063657407407,9961dd5e4b02db0b76ba5f48e3224fc7,
test_0481,TN3K,nodule,test,0481.jpg,0481.jpg,400,366,1,14095,0.09627732240437159,0.10098394519212438,80.57830076137044,35.97191256830601,444ea80d0e277669b5448fef1f5bf5a2,
test_0482,TN3K,nodule,test,0482.jpg,0482.jpg,402,361,1,12741,0.08779509653946335,0.10137929739603137,102.0815641030581,54.2740452860352,0c315e885fc36d5de2ea5afc3c7cdca5,
test_0483,TN3K,nodule,test,0483.jpg,0483.jpg,432,383,2,13806,0.08344212358572672,0.1255278268235222,53.121060407669546,63.780189295039165,3e6f8acd545d24ea559ccdb420a8b4c8,
test_0484,TN3K,nodule,test,0484.jpg,0484.jpg,417,388,1,3582,0.02213898983905659,0.09816830211469817,67.30491894227951,31.603475982100917,d4229bf06221dceaea0cafedd74861ad,
test_0485,TN3K,nodule,test,0485.jpg,0485.jpg,523,382,2,49322,0.24687415534622045,0.04099697583300942,54.003023455728176,64.88807524050735,01440c508969ab63f1f90c568025b466,
test_0486,TN3K,nodule,test,0486.jpg,0486.jpg,522,373,1,36678,0.18837632122276662,0.1205753223141764,67.25776408294588,62.21790802543322,379c5aa024ecdd6f2929c9bbcf7c7d9b,
test_0487,TN3K,nodule,test,0487.jpg,0487.jpg,501,379,1,17434,0.09181636726546906,0.07837389266738966,50.719166826520706,79.74896644705312,3a7e27c9f81e1bfb80a54555cdd9c4f8,
test_0488,TN3K,nodule,test,0488.jpg,0488.jpg,417,344,1,4842,0.033754391835368915,0.10510273587707099,70.51647094906016,42.72788745747588,088e8b9e4738635ab87e87deaae7b458,
test_0489,TN3K,nodule,test,0489.jpg,0489.jpg,419,343,2,1383,0.009623078689368689,0.057001589881300184,101.10882040712902,46.80418461281546,7e1b907e0c3aafd4e050dda6e957b8bc,
test_0490,TN3K,nodule,test,0490.jpg,0490.jpg,410,339,1,19602,0.14103172890135982,0.05913572816127779,44.81695003168432,56.571674221166994,0bc6226f5eb950e77b6fa63e87bbc558,
test_0491,TN3K,nodule,test,0491.jpg,0491.jpg,417,343,1,3594,0.025127419929945258,0.14468683411038316,62.01598273070578,41.9419286728052,710f122bb9663207a668a0355c3fcf7e,
test_0492,TN3K,nodule,test,0492.jpg,0492.jpg,465,378,1,1773,0.010087045570916539,0.11141586083544718,176.19304731855047,49.63866985264835,bc169aa30047856e2a57d1d767017c84,
test_0493,TN3K,nodule,test,0493.jpg,0493.jpg,434,379,1,5035,0.030610507885169558,0.12579861259300146,70.65106989791238,79.95172233503155,5d5a8270b2e7b0a15969dd21ab9674d8,
test_0494,TN3K,nodule,test,0494.jpg,0494.jpg,982,698,1,14932,0.021784674280312093,0.22006668293074633,69.48092900518468,106.08240886092939,714889662c14d0be617707e43f59e4d6,
test_0495,TN3K,nodule,test,0495.jpg,0495.jpg,982,698,1,109963,0.1604278152883712,0.12505492939144955,36.235407958791896,92.19316026587457,19bfb2cfbab4403d6f7c56435c59d7a2,
test_0496,TN3K,nodule,test,0496.jpg,0496.jpg,451,374,1,31420,0.18627648600258487,0.1000361784432071,88.15601131977445,33.78642825805993,43e82af9e57b97f7d1e6a05316c298c7,
test_0497,TN3K,nodule,test,0497.jpg,0497.jpg,982,720,1,64950,0.09186184657162254,0.200575375261729,68.0818611004382,43.39196933695406,2c1509043ff64845aa1157020edc304b,
test_0498,TN3K,nodule,test,0498.jpg,0498.jpg,433,320,1,6540,0.047199769053117784,0.14720932439363327,58.48305493765184,59.02523816397229,33b32cf30a6c4c0bcc9a2aa820e4057f,
test_0499,TN3K,nodule,test,0499.jpg,0499.jpg,465,376,1,9951,0.056914893617021275,0.0531556383289938,71.6458712901886,70.32668153740563,dcfbc3dcdd463cdc14eb50c52fd295b5,
test_0500,TN3K,nodule,test,0500.jpg,0500.jpg,499,364,1,3608,0.019863903631438702,0.03376698794817261,86.24406432127765,24.756254266775308,a02a087ad59098e734afffe64605650f,
test_0501,TN3K,nodule,test,0501.jpg,0501.jpg,293,321,1,17429,0.18531041008792914,0.0715943925297715,177.9615200113674,120.8170499611921,7e538876cb732c41d28546974011be0f,
test_0502,TN3K,nodule,test,0502.jpg,0502.jpg,501,374,1,3119,0.016645852679667405,0.07001255016660617,78.6456314089954,50.24932487965246,c0910fb51449a4e6c493651acda0df39,
test_0503,TN3K,nodule,test,0503.jpg,0503.jpg,975,607,1,10918,0.018448020952139568,0.06733528047806978,50.034027722626284,36.656822540446925,2e26a5f7067350ba24396631c30e58fc,
test_0504,TN3K,nodule,test,0504.jpg,0504.jpg,425,375,1,5606,0.035174901960784315,0.18380762628494857,91.61623808225579,71.09756235294118,6181eb4d7d5bb8833b010a81bba14bec,
test_0505,TN3K,nodule,test,0505.jpg,0505.jpg,520,374,2,43134,0.2217914438502674,0.10607125499140073,64.33850415524519,76.32070649938296,fdff5cb7338650d4f31ed60e52deacaa,
test_0506,TN3K,nodule,test,0506.jpg,0506.jpg,583,388,1,26252,0.1160545348446535,0.16511467050061412,51.966528706918346,80.25161358773497,4a069b53e22e71cf28990c50d546359f,
test_0507,TN3K,nodule,test,0507.jpg,0507.jpg,433,366,1,5048,0.031853001678466414,0.1793939752100235,87.68756511849634,40.772252300003785,e1b846f643a798a8590187c28769a696,
test_0508,TN3K,nodule,test,0508.jpg,0508.jpg,417,389,1,12981,0.0800244123467293,0.08697179700991138,62.63436138722933,63.37469869862465,cd882e0078e78d4f4b896277634cd7c3,
test_0509,TN3K,nodule,test,0509.jpg,0509.jpg,417,387,1,13228,0.08196853370017164,0.015165290909748884,51.84445481186869,50.13201841627473,d5bd0dbdf90ce2b5d854901efa181b06,
test_0510,TN3K,nodule,test,0510.jpg,0510.jpg,412,339,1,2598,0.018601254403299253,0.0663138965839084,107.010894089687,52.3683234527594,bb4efac1a85f8bbcb9ac8b9081e45031,
test_0511,TN3K,nodule,test,0511.jpg,0511.jpg,415,386,1,4134,0.025806854360446968,0.1266472336394645,87.36140540072442,50.5439290842125,8cc7ba6acc64d9800201225c040975ea,
test_0512,TN3K,nodule,test,0512.jpg,0512.jpg,494,354,1,5160,0.029506621834900156,0.06618531753786787,77.82680942565167,41.61957615681969,c308f8b1dba5ca19a64465c38aee6696,
test_0513,TN3K,nodule,test,0513.jpg,0513.jpg,342,378,1,3283,0.02539527831925493,0.05786483747727948,43.80228310462026,85.08471023237105,3c9e246a8eaa37c924f2a683aa38b44d,
test_0514,TN3K,nodule,test,0514.jpg,0514.jpg,340,376,1,20168,0.15775969962453065,0.10012472367603008,56.62786883864703,84.41424436795995,1e222c0cc5b3bf621c44a0d55df57e12,
test_0515,TN3K,nodule,test,0515.jpg,0515.jpg,340,377,1,12231,0.09542050241847402,0.11168891351911252,49.08086568546238,88.38335933843034,94118ddefae761aa7519ded8c8ee8933,
test_0516,TN3K,nodule,test,0516.jpg,0516.jpg,290,283,1,4347,0.05296697940782259,0.16075540473644398,154.6916610604678,90.96512733032777,f16e425ae5480397a726162ba8ffe672,
test_0517,TN3K,nodule,test,0517.jpg,0517.jpg,289,284,1,3070,0.037404356937472585,0.2580801011614544,173.7167923184653,87.96523953409036,91a01f539580b3b604233b7e16daf27c,
test_0518,TN3K,nodule,test,0518.jpg,0518.jpg,312,369,1,8779,0.07625425613230491,0.11188257903758815,88.81039373213149,71.67505732749635,4fea7044bd39a2a7f41fe794f9909fe6,
test_0519,TN3K,nodule,test,0519.jpg,0519.jpg,400,358,1,4449,0.031068435754189945,0.237898097668518,141.291761351032,107.25015363128492,611ee4ded5a57beb21082332e5eb0778,
test_0520,TN3K,nodule,test,0520.jpg,0520.jpg,434,382,1,1543,0.009307066856467296,0.04991188982697122,43.27346916541572,48.5951214804449,1b3fd7d8b819cab2df40e5a98e05f415,
test_0521,TN3K,nodule,test,0521.jpg,0521.jpg,523,379,1,2346,0.011835513603777678,0.047627345908525416,149.14632505088994,82.75516227165177,e219b112d7032870f96cf2d2de57e3d6,
test_0522,TN3K,nodule,test,0522.jpg,0522.jpg,390,339,1,3155,0.02386355041222298,0.04930103413432959,50.94692677919946,63.382013463429395,efb639649e7bb6811a04eedcfd34802b,
test_0523,TN3K,nodule,test,0523.jpg,0523.jpg,585,348,1,5595,0.02748305334512231,0.08009021250129726,47.91183391457657,28.095466155810982,0694ef47190d84d08d6eab92eb84e2c2,
test_0524,TN3K,nodule,test,0524.jpg,0524.jpg,287,350,1,7619,0.07584868093578895,0.02691294765220837,64.21553463943246,75.6811050273768,35b876aa60fe7e0d81a832e586877136,
test_0525,TN3K,nodule,test,0525.jpg,0525.jpg,425,308,2,9030,0.06898395721925134,0.22174640001287832,103.43462473303816,48.1305500381971,ee79fc678d62c5fc55592600c579ac17,
test_0526,TN3K,nodule,test,0526.jpg,0526.jpg,427,329,1,14254,0.10146423410661788,0.24511294516770488,65.60250965644795,45.34671098994184,550db65216ae0a4761fa5c33e74f964a,
test_0527,TN3K,nodule,test,0527.jpg,0527.jpg,434,350,1,877,0.005773535220539829,0.09330148717515407,92.52873724412505,61.50445029624753,8040895fc2af9f594617db1e23be784c,
test_0528,TN3K,nodule,test,0528.jpg,0528.jpg,435,319,1,7038,0.05071884120635607,0.023483006576718396,71.15383175340322,36.561178971642704,f6af662c5ef9a43308093f62fd2e6782,
test_0529,TN3K,nodule,test,0529.jpg,0529.jpg,1143,698,1,117536,0.14732255889217286,0.008327464622685788,38.295543209123586,18.518345128062432,c9e455c5f9b0f85cbc89135de3176a86,
test_0530,TN3K,nodule,test,0530.jpg,0530.jpg,412,337,1,20307,0.14625767047909885,0.08798984349560977,54.93245605934173,59.60137276367722,09ad3b5296655964c6347a16d1dd392e,
test_0531,TN3K,nodule,test,0531.jpg,0531.jpg,412,337,1,29447,0.21208694650110915,0.12628404840872431,65.39430678815353,52.95953732246262,11cb52f24444e9e0177b9b4b6b074210,
test_0532,TN3K,nodule,test,0532.jpg,0532.jpg,432,373,1,9147,0.056765713434614236,0.08927841107590621,55.95021777289493,51.30486669645517,c8fc5414062f9aa8efbad37975b8ce65,
test_0533,TN3K,nodule,test,0533.jpg,0533.jpg,434,363,1,7109,0.04512447474324307,0.05944805905314111,68.72451780008565,57.737600132028284,86df23a5d16163dc3c2996f29a99d803,
test_0534,TN3K,nodule,test,0534.jpg,0534.jpg,985,691,1,15365,0.02257450762890536,0.14579707921784615,33.036405648882756,68.50425411564201,303917afa044134ddfb269436181029a,
test_0535,TN3K,nodule,test,0535.jpg,0535.jpg,515,352,1,4921,0.02714585172109444,0.07773195575053161,88.02268661927573,54.7586385701677,9b00da78b50302aa012ec0b3ecadb94c,
test_0536,TN3K,nodule,test,0536.jpg,0536.jpg,516,349,1,9057,0.050293196508296126,0.11416495092571645,110.39458865004624,60.26307723062571,32d94000db679321b0c39b6d18309a68,
test_0537,TN3K,nodule,test,0537.jpg,0537.jpg,502,370,1,10466,0.05634758264240336,0.046221071133234044,67.09791701844931,36.42632712393669,85565db59922b98c5cc670e104e8460f,
test_0538,TN3K,nodule,test,0538.jpg,0538.jpg,521,339,1,4734,0.026803458291576782,0.17040815671306184,125.97322823553226,78.19967840379574,d7228ea774d9031efe80de60459b098b,
test_0539,TN3K,nodule,test,0539.jpg,0539.jpg,782,665,1,11661,0.022423706324635116,0.07928186994814322,39.18838130256066,65.43306732303905,4c083db1d871a664b861a4328c605009,
test_0540,TN3K,nodule,test,0540.jpg,0540.jpg,976,675,1,73104,0.11096539162112933,0.06463869702375762,30.21338830401136,46.70189435336977,e94657e7a12396a7c2e86bd54fb7ebec,
test_0541,TN3K,nodule,test,0541.jpg,0541.jpg,496,307,1,6271,0.041182883261531994,0.013009210472587735,99.40181916978149,66.52137622149837,e62da1b5b3e494c4fa163e12d93282dc,
test_0542,TN3K,nodule,test,0542.jpg,0542.jpg,502,352,1,1881,0.010644920318725099,0.07292328381673295,64.14922523375515,34.2507583303151,c5b5ae769af3e6f00af72142d3a36442,
test_0543,TN3K,nodule,test,0543.jpg,0543.jpg,283,331,2,1791,0.019119703649931142,0.1510238040630582,86.51648804227085,72.15581864571435,3fd5e823f5149f2004c10bac6d0cfefb,
test_0544,TN3K,nodule,test,0544.jpg,0544.jpg,413,334,2,9690,0.07024691537022806,0.08173505788424283,85.0066105768712,88.65126647431529,ae0d145e8b698de4c456ded83991d667,
test_0545,TN3K,nodule,test,0545.jpg,0545.jpg,369,303,1,5111,0.04571270135143596,0.1501751846833883,166.163533411014,34.54254205908396,48be24c9c8aa6d5bb88a0b7cbe59a202,
test_0546,TN3K,nodule,test,0546.jpg,0546.jpg,782,575,1,6573,0.01461803625041699,0.1492404390280729,52.86932001814734,73.3879105971311,e57aa74c2b71a66423e7c0abe12425f0,
test_0547,TN3K,nodule,test,0547.jpg,0547.jpg,975,704,1,44305,0.06454691142191142,0.023940206796298998,46.514735350287125,89.48484994172495,f98ce192568ed07f8818a3ddd8cd5ebc,
test_0548,TN3K,nodule,test,0548.jpg,0548.jpg,409,347,1,17929,0.12632906576101124,0.061938515314770314,57.508410919223,61.04690571648006,7cbce939f242e3430d1bf2f51e040973,
test_0549,TN3K,nodule,test,0549.jpg,0549.jpg,409,333,2,2849,0.020918228742189623,0.0534002814949059,107.68975889172211,67.53664911855621,b32cc0bda038bc2086e5efdb36fbf5f1,
test_0550,TN3K,nodule,test,0550.jpg,0550.jpg,415,388,1,1186,0.007365544652838157,0.09176584263737023,65.67921372007073,29.994497577940628,5624e75242f8a2b816329ba528e89b5d,
test_0551,TN3K,nodule,test,0551.jpg,0551.jpg,417,385,1,11032,0.06871593634183562,0.025616102687046855,31.981138551049426,37.00695755084244,92cc4579364c305f5b80b1cd93be3307,
test_0552,TN3K,nodule,test,0552.jpg,0552.jpg,499,378,1,3582,0.01899036167573242,0.08884150178014458,55.48666359553689,42.486157500185556,eeb2a7c50e38d32069b5957ed922c028,
test_0553,TN3K,nodule,test,0553.jpg,0553.jpg,426,364,1,7855,0.05065650312129186,0.10820291214300275,91.18490487551591,41.28862921116442,929f724b40a2f3436f8179176019758d,
test_0554,TN3K,nodule,test,0554.jpg,0554.jpg,426,356,1,723,0.004767368254470644,0.09110753781244384,144.87324475097557,45.26275913910429,1f5c5f63b503e8fbaabc8e2dfa7cc91b,
test_0555,TN3K,nodule,test,0555.jpg,0555.jpg,978,772,1,7038,0.00932165675959185,0.057015307706164635,33.48883822630559,46.59299802918084,38cede6c6553cc8caaf1453aeefc25fa,
test_0556,TN3K,nodule,test,0556.jpg,0556.jpg,417,344,1,1466,0.010219731191790753,0.030141087813024253,108.9545580710415,29.28378924767163,247e23619deaebb8ccfd0be12880f3fb,
test_0557,TN3K,nodule,test,0557.jpg,0557.jpg,417,340,1,5655,0.03988573846804909,0.038060621474314826,62.24115634208007,26.39005501481168,dd422b8d0a7fad6949ebabc7aa0a4f61,
test_0558,TN3K,nodule,test,0558.jpg,0558.jpg,402,360,1,21990,0.1519485903814262,0.12106257091339807,106.41737843514902,77.18934494195688,ec565ab7bad89a357f3082a8a36c341a,
test_0559,TN3K,nodule,test,0559.jpg,0559.jpg,517,261,1,15677,0.11618014332614479,0.0012128987745664772,53.002326383460726,99.98434825140622,990560f6b106da54fc2f8f571d078926,
test_0560,TN3K,nodule,test,0560.jpg,0560.jpg,361,374,1,6239,0.04621002266431629,0.09744672720910469,111.29153874720592,87.35176352082006,a82a1a2bb52ff1b6f658224bac225709,
test_0561,TN3K,nodule,test,0561.jpg,0561.jpg,1098,772,1,152347,0.1797273894126863,0.02921826469715471,31.90657778237494,30.901526090772673,ba9e0414f70e2977bd29bf2d0dd6cca1,
test_0562,TN3K,nodule,test,0562.jpg,0562.jpg,1098,757,1,119285,0.14351180120935628,0.015788944888010952,41.17584770398413,32.703674027233376,980018a0a2949a5b34b0e406680a4029,
test_0563,TN3K,nodule,test,0563.jpg,0563.jpg,370,379,1,9996,0.07128289239107181,0.15824624916380212,120.01731313448796,117.86409470156173,429e3c70df2a2aea4557aa4fdc79f330,
test_0564,TN3K,nodule,test,0564.jpg,0564.jpg,1114,743,1,19865,0.024000183640972235,0.0062979648611458045,32.24529644660897,33.909207661694666,dd96090a0d03b0edd0db1c218f714194,
test_0565,TN3K,nodule,test,0565.jpg,0565.jpg,433,335,1,1817,0.012526283133983662,0.146675127581761,53.12779203955723,48.4975836751577,72cd80302e01594cb59baed243c64f33,
test_0566,TN3K,nodule,test,0566.jpg,0566.jpg,478,352,2,11594,0.06890690376569038,0.1751365795179703,62.762919874693765,49.66159899201217,cc88b9f435d65b0d0917509b3a712fe9,
test_0567,TN3K,nodule,test,0567.jpg,0567.jpg,476,358,2,31555,0.18517323130369467,0.12762509447512957,55.637914895878694,48.60571099948359,8b836e0c38f0abd47d6c188cfbf9f95f,
test_0568,TN3K,nodule,test,0568.jpg,0568.jpg,417,384,1,3177,0.019840377697841728,0.053192392146580544,42.59100335237329,29.247114808153476,691fda037f44f7ff436802954607f3f9,
test_0569,TN3K,nodule,test,0569.jpg,0569.jpg,463,374,1,8283,0.04783382035319527,0.06464583033601076,78.333378196743,91.3568161605895,aa2e836b2f47d8f5ab7269775ad90991,
test_0570,TN3K,nodule,test,0570.jpg,0570.jpg,330,337,1,7558,0.06796151425231543,0.21239773009537805,68.14737090221784,88.28240266163115,09e527431b12aac9d2c2319557f97895,
test_0571,TN3K,nodule,test,0571.jpg,0571.jpg,440,357,1,27865,0.17739368474662592,0.31076139557184895,98.15231751565672,49.45160427807487,b4b48edcd43f03a5b69687910feecefc,
test_0572,TN3K,nodule,test,0572.jpg,0572.jpg,436,317,1,2564,0.018551211182820593,0.12127100840336133,59.509501311142905,37.33950018811681,6d36d653321069de541ba677750de176,
test_0573,TN3K,nodule,test,0573.jpg,0573.jpg,468,380,1,65138,0.36627305443094915,0.2100084621629514,65.65836029002838,52.74816689158794,43e2de7a5ce890bf370ad161c8890f3a,
test_0574,TN3K,nodule,test,0574.jpg,0574.jpg,989,743,1,92845,0.12634946728957971,0.08071699577771316,32.061425859754706,58.66989781268244,5b19468dfaebc84f1be4d33266a51249,
test_0575,TN3K,nodule,test,0575.jpg,0575.jpg,982,698,1,111185,0.1622106221441535,0.10565837703521398,37.794229959519264,82.88168990248542,c0549d50cf6d194ead2608da04625883,
test_0576,TN3K,nodule,test,0576.jpg,0576.jpg,481,358,1,4042,0.02347297878024135,0.001075959093193221,53.138066349989195,36.74709346217726,6f6365c749520c60e88afa0eee450911,
test_0577,TN3K,nodule,test,0577.jpg,0577.jpg,982,711,1,33188,0.0475335218174683,0.1395707597805349,41.75656687806492,80.05643352496841,669f9b84b5ef43cd147c7928987c94b0,
test_0578,TN3K,nodule,test,0578.jpg,0578.jpg,979,691,1,12661,0.01871575147563375,0.007466105180043983,34.447385328627774,77.38379190201171,7e93ea727e1a036fd9d7ec034d411be5,
test_0579,TN3K,nodule,test,0579.jpg,0579.jpg,544,370,1,6615,0.03286466613672496,0.07461956803446766,52.06144235354768,43.222446343402225,d9033a7bf3ad972f302b5f6ce8c95664,
test_0580,TN3K,nodule,test,0580.jpg,0580.jpg,432,348,1,1455,0.009678320561941251,0.08468945103814722,61.736461802449455,20.452872232865047,042248d9ebd174e69ac0bd9e0222b1a5,
test_0581,TN3K,nodule,test,0581.jpg,0581.jpg,412,339,1,979,0.007009479623106224,0.10797900127816049,90.0538005354458,74.09856230489446,1f4eeee477bfcb0237aac638f34aba2b,
test_0582,TN3K,nodule,test,0582.jpg,0582.jpg,1117,707,1,28593,0.03620654941821078,0.05963748933748537,64.22522425421725,36.634463650994846,05f1ce80ce584301c9cf4560174106b8,
test_0583,TN3K,nodule,test,0583.jpg,0583.jpg,985,720,1,13838,0.019512126339537507,0.16279526408048406,41.21065514734313,78.68989283699943,1c4ec8b9234c794115384f80a73d7fd8,
test_0584,TN3K,nodule,test,0584.jpg,0584.jpg,417,343,1,10053,0.0702854625920255,0.08940172860436042,59.9794738526593,28.67518929462844,2f6b90f2275bcb9b564febcae3a857e2,
test_0585,TN3K,nodule,test,0585.jpg,0585.jpg,415,341,1,2035,0.014380101049358725,0.08266139324962854,104.85065178634161,41.172695473978024,879971ec2ae5800f7ec08515f8b00233,
test_0586,TN3K,nodule,test,0586.jpg,0586.jpg,463,357,1,1677,0.010145742962411747,0.0017236580848072093,63.024231377782854,67.1392150812809,b8c5a2c39b6ef27a296e8ef8499c29ee,
test_0587,TN3K,nodule,test,0587.jpg,0587.jpg,442,361,1,4160,0.02607137037640541,0.08764794895444106,132.75427419101027,90.96439001767338,bcc05570103775a09ac1fade7cfb1b8a,
test_0588,TN3K,nodule,test,0588.jpg,0588.jpg,416,343,1,18628,0.13055057187710248,0.0582494711434069,39.17961809232793,27.76591584435972,0076cc548630d201e856ea6085a4d705,
test_0589,TN3K,nodule,test,0589.jpg,0589.jpg,521,373,2,7288,0.03750263722579284,0.12658267610007776,77.51816548233907,88.37675536321674,33ef1d2aa129829a69c8e62c5811e667,
test_0590,TN3K,nodule,test,0590.jpg,0590.jpg,518,371,1,3974,0.02067874574613119,0.11742939493191629,74.97556354738494,82.84706365973213,6183494a2421eeffe7cafa39a9b4a8a4,
test_0591,TN3K,nodule,test,0591.jpg,0591.jpg,407,344,1,25606,0.18288954916861894,0.07214351280549,57.26175795438291,84.48667933260957,c852820b20a9672898d80e36ef0fc285,
test_0592,TN3K,nodule,test,0592.jpg,0592.jpg,1117,707,1,41412,0.05243890548410257,0.0498551564136922,52.86448720976057,40.90633250561275,4bb25f929b5ba40a99dc6b2e34aaf7e9,
test_0593,TN3K,nodule,test,0593.jpg,0593.jpg,1124,727,2,27941,0.03419331626584168,0.009875105910447803,24.28933312645682,42.9828904922976,b31e50c3abe02276f19c676e741ea658,
test_0594,TN3K,nodule,test,0594.jpg,0594.jpg,417,343,1,9956,0.06960728793058847,0.06937965044689201,41.78304736379764,49.31429550237361,17cfd3f91ebf05e524b5cae525541fbb,
test_0595,TN3K,nodule,test,0595.jpg,0595.jpg,464,377,1,6272,0.03585475166925821,0.014569699674741714,86.52237720581898,69.02402131162536,74898b20d35af4cc1544fc402ed76774,
test_0596,TN3K,nodule,test,0596.jpg,0596.jpg,466,379,1,6774,0.03835483030790311,0.10748252576074496,68.01309888022178,50.174606769565266,fff699f34c734d531258846789ec6c59,
test_0597,TN3K,nodule,test,0597.jpg,0597.jpg,463,373,1,10077,0.058350077302126824,0.07773324050442032,88.28703610911536,53.768904278542436,af515708a41ef436f079c82301fa71cd,
test_0598,TN3K,nodule,test,0598.jpg,0598.jpg,412,336,1,1861,0.013443423485899214,0.12563145962646552,72.53991250692926,78.27255981276005,87b3bd15c283d5869ea0e91d5d7b5865,
test_0599,TN3K,nodule,test,0599.jpg,0599.jpg,329,337,1,30245,0.272789588087271,0.15402964290020463,50.61262129285031,61.447710443480375,e5aac2ec3d8ff6049affcf2bc4a37392,
test_0600,TN3K,nodule,test,0600.jpg,0600.jpg,465,375,1,11453,0.06568028673835126,0.06768763034476676,67.73539381683194,44.42504946236559,c02d5e3bbc53fa36d01964b4044bc32d,
test_0601,TN3K,nodule,test,0601.jpg,0601.jpg,464,365,1,8680,0.05125177137458668,0.025094765693487366,87.82500725534554,65.7931920170052,717a4f8cf9844f7172c08b45cf1a38b3,
test_0602,TN3K,nodule,test,0602.jpg,0602.jpg,988,672,1,17354,0.026138061499903605,0.042302137880045394,56.28753731454803,66.59549565018315,57f5452f7c396bf5795505d70b0b9d0f,
test_0603,TN3K,nodule,test,0603.jpg,0603.jpg,434,327,1,1218,0.00858242083456644,0.09986836994519012,54.786626079793244,50.78140193632943,ececdc574adb4a30581998ff4010eac1,
test_0604,TN3K,nodule,test,0604.jpg,0604.jpg,466,383,1,43721,0.24496576608881768,0.1075420570881091,85.37759663819051,69.54638106657403,1a1336a34d55c78358a0e86cede86f0d,
test_0605,TN3K,nodule,test,0605.jpg,0605.jpg,554,497,1,15231,0.05531746435290443,0.04421477560696208,62.69671342059715,52.8178892851695,566fe212f07830fcac78f5ab2635f0e7,
test_0606,TN3K,nodule,test,0606.jpg,0606.jpg,431,287,1,1258,0.010170012207248356,0.014624424226500357,114.4172648605061,29.416897742063266,c6602d590552fe579c4b5287c9c2edac,
test_0607,TN3K,nodule,test,0607.jpg,0607.jpg,412,333,1,7112,0.0518382460130033,0.05048955336635177,80.8891264993845,95.28261028018309,d626149147c60d1737beb4b5467a195f,
test_0608,TN3K,nodule,test,0608.jpg,0608.jpg,413,337,1,6484,0.04658681860311393,0.006631885987403638,92.44298637538277,49.633635338156786,744bed972dc739c47553902b79b1625c,
test_0609,TN3K,nodule,test,0609.jpg,0609.jpg,433,394,2,55043,0.32263982837246924,0.08410205588063167,46.433514756632,64.42426817973998,55588d2121c6a8562ef92e53effe139e,
test_0610,TN3K,nodule,test,0610.jpg,0610.jpg,395,401,1,3060,0.019318791628523627,0.12883860733836014,108.75043407619563,104.09745888443449,956a42a90a0161e505b7e64332eb68ae,
test_0611,TN3K,nodule,test,0611.jpg,0611.jpg,519,373,1,15339,0.07923569247935038,0.03341350703050529,81.86881802096883,48.292018575627495,23f69ee09d804499f50044cc782211d1,
test_0612,TN3K,nodule,test,0612.jpg,0612.jpg,788,737,1,9575,0.016487130567742734,0.09251834803172462,46.13869952795971,78.18121551908203,b225e34768cdacea072ca85b6679b5f1,
test_0613,TN3K,nodule,test,0613.jpg,0613.jpg,434,391,1,5210,0.0307023230049383,0.11641231771439053,59.738104567895014,90.68491520030172,46b8e96411ba9c5d45c219d8cb4a36c9,
trainval_0000,TN3K,nodule,trainval,0000.jpg,0000.jpg,314,402,1,13295,0.1053252844059955,0.07973567131835338,71.48957992262508,79.05658807871471,4b325225e1478f65d02f8f1046f7e3e8,
trainval_0001,TN3K,nodule,trainval,0001.jpg,0001.jpg,622,522,1,38249,0.1178037722832046,0.06537266308476467,64.33613844408181,70.57590149191213,3decf2d945e11d51238c3dd725d5b282,
trainval_0002,TN3K,nodule,trainval,0002.jpg,0002.jpg,288,314,1,12141,0.13425557324840764,0.08875711248725397,99.66186703665034,82.35739561217268,1e5f157cc4ab36dd423e52b9f594435d,
trainval_0003,TN3K,nodule,trainval,0003.jpg,0003.jpg,311,371,2,8241,0.07142423795945606,0.06992938373081606,51.074377574216754,76.67154904186998,eabb9cd7429cdac9de3488b55f547cd7,
trainval_0004,TN3K,nodule,trainval,0004.jpg,0004.jpg,321,321,1,1591,0.015440455740918664,0.11320639576453531,94.74331981790516,43.552944944245496,5da3307840ec5437210ad7e88fa10a11,
trainval_0005,TN3K,nodule,trainval,0005.jpg,0005.jpg,322,301,1,2862,0.029528899527455067,0.14734433577385853,75.00257065860448,42.350642784919835,8c443af01073b7488dfc86d88d7c0ed6,
trainval_0006,TN3K,nodule,trainval,0006.jpg,0006.jpg,386,351,1,2143,0.015817132397443277,4.893769240017237e-05,46.326537847506415,49.12250712250712,7f2dae6cf1f6261110ea4279d284db8c,
trainval_0007,TN3K,nodule,trainval,0007.jpg,0007.jpg,447,404,1,23777,0.13166434093073737,0.07164457444717236,97.81562288429359,55.704493100316746,fe76e67026d272cecf197adbbd4c057f,
trainval_0008,TN3K,nodule,trainval,0008.jpg,0008.jpg,339,370,1,6388,0.050928804911105796,0.08778438952165606,63.97549032442376,101.67114725344814,ae22cc24876e12574efde476d3976661,
trainval_0009,TN3K,nodule,trainval,0009.jpg,0009.jpg,338,372,1,10706,0.08514665648660685,0.03514764891059959,99.03841791378885,103.21218266844818,fd788e35b2cc9760f46eba2c631c4a45,
trainval_0010,TN3K,nodule,trainval,0010.jpg,0010.jpg,337,371,1,14231,0.11382341414254521,0.1268517867399294,105.85123296675079,104.1703232101866,e32afe2b9b4cd0648cf38cb969bd7054,
trainval_0011,TN3K,nodule,trainval,0011.jpg,0011.jpg,279,268,1,1282,0.017145455518108383,0.042337340552445625,118.17833052735664,36.63497030974161,f19e5ddddcaab9796df1c499ded51752,
trainval_0012,TN3K,nodule,trainval,0012.jpg,0012.jpg,302,374,1,348,0.003081063852392251,0.149869518285233,135.2691553662273,87.58796968516485,2fd818a3799e5f75068f5d6e531dd55d,
trainval_0013,TN3K,nodule,trainval,0013.jpg,0013.jpg,257,261,1,7628,0.11372005307333363,0.10190717422344549,71.4793821472914,36.49057053833654,6f9ad799866675fe45a4e4ae4e5d479d,
trainval_0014,TN3K,nodule,trainval,0014.jpg,0014.jpg,257,335,1,27936,0.3244787734479354,0.034630105247682105,80.63791547539493,94.95127475463151,4551b051492f35d659a524010eb2c1ec,
trainval_0015,TN3K,nodule,trainval,0015.jpg,0015.jpg,257,305,1,8575,0.10939593034381578,0.2795141131154494,74.06736615330789,80.43490463736684,b785cd20db1c417dd042c7343a1e57b4,
trainval_0016,TN3K,nodule,trainval,0016.jpg,0016.jpg,303,373,1,46372,0.4103026924676382,0.12551861458477725,75.1044995744077,109.81041240853308,02818d9563a518d6052ad1fc69a9b5f4,
trainval_0017,TN3K,nodule,trainval,0017.jpg,0017.jpg,300,372,1,688,0.006164874551971326,0.21400683912069388,134.43501203548675,113.89782258064515,9fd1cb6cb83b55a1aa4cdaa6400aa474,
trainval_0018,TN3K,nodule,trainval,0018.jpg,0018.jpg,270,336,1,32218,0.355136684303351,0.005771669617127197,88.08849217583472,59.32055776014109,6e7497654cc2fb2ae2337d1dce4419d6,
trainval_0019,TN3K,nodule,trainval,0019.jpg,0019.jpg,269,339,1,3943,0.043238916121108445,0.164698790988956,87.0330524963741,59.62815409415403,0b1d4ffccc6d8bed0b6c9f723695d1e8,
trainval_0020,TN3K,nodule,trainval,0020.jpg,0020.jpg,312,399,1,50171,0.4030187648608701,0.001533698553524065,77.4910720158171,98.0246369127948,c6c60a88f8ac6f3f99b3b64af2189332,
trainval_0021,TN3K,nodule,trainval,0021.jpg,0021.jpg,288,287,1,1000,0.012098335269066977,0.12596022408963586,128.24359194152606,42.523821622144794,049443979be5c1df12b8a895a1938e64,
trainval_0022,TN3K,nodule,trainval,0022.jpg,0022.jpg,292,314,1,4250,0.04635284879155396,0.02252666442253551,89.27222440259413,52.82953058197365,2ba3e782044fab9019f1e6f137ac4745,
trainval_0023,TN3K,nodule,trainval,0023.jpg,0023.jpg,287,326,1,8440,0.09020756289946773,0.017592622110809635,76.08209709393344,55.39761869134905,97ba85092dada72d561230b9c728adaf,
trainval_0024,TN3K,nodule,trainval,0024.jpg,0024.jpg,397,401,1,62518,0.39270840530914525,0.04732971572008873,74.5140155765651,109.76696797050195,b464ee49d4b110805b3dfdb4d6f79302,
trainval_0025,TN3K,nodule,trainval,0025.jpg,0025.jpg,270,387,1,38167,0.3652694037706958,0.13573023114415583,53.6484120087322,40.31894918173988,8ea23ee3278d8a71bd0ff3ec90daa3f3,
trainval_0026,TN3K,nodule,trainval,0026.jpg,0026.jpg,267,371,1,47947,0.48403444481460167,0.1097888637360863,55.617251874178116,40.698557396246606,dad322f93a48d3585fcb3e68724e1c48,
trainval_0027,TN3K,nodule,trainval,0027.jpg,0027.jpg,288,320,1,21491,0.23319227430555556,0.2574102988498319,91.00680354353824,58.83172743055555,50b1aa819eae1ea10c30e8003009d5a3,
trainval_0028,TN3K,nodule,trainval,0028.jpg,0028.jpg,273,289,1,24122,0.30574039570579364,0.20205624491827415,85.78563760153658,52.12649403652864,66d1a2cedd4e90d5e325bc78066977cf,
trainval_0029,TN3K,nodule,trainval,0029.jpg,0029.jpg,337,375,1,4249,0.03362215628090999,0.09719842637209762,54.57899226339926,77.72477942631059,72353f67831f52a919fc76eee4ceef9e,
trainval_0030,TN3K,nodule,trainval,0030.jpg,0030.jpg,339,373,1,3267,0.02583691190775582,0.16585344706775093,75.71948949788572,93.02246000300521,bc40b8703014b0627f55b62f9e858c4e,
trainval_0031,TN3K,nodule,trainval,0031.jpg,0031.jpg,337,372,1,20934,0.16698573753230592,0.033123696013804556,65.43223966104334,96.77747997830318,d5cbe8d350275b02140a3a0e81c0290d,
trainval_0032,TN3K,nodule,trainval,0032.jpg,0032.jpg,396,402,1,1728,0.010854816824966078,0.030705863857382654,88.16525634701834,69.06590155284185,dd93766515401362fba267065175c10b,
trainval_0033,TN3K,nodule,trainval,0033.jpg,0033.jpg,287,284,1,6872,0.08431074250380331,0.2610061604374112,104.9893352466447,58.76325023310595,fa8c1eb348f8afea00cb8e6034403a7d,
trainval_0034,TN3K,nodule,trainval,0034.jpg,0034.jpg,284,309,1,58770,0.6696977984411322,0.35304105286050075,100.17121518686874,55.37413965996627,9add043316103771e4383d157b5d36cb,
trainval_0035,TN3K,nodule,trainval,0035.jpg,0035.jpg,288,322,1,63978,0.6898938923395446,0.04746334836632818,60.96272743121927,50.17632850241546,4b877af1cfa34f376214d62c119b98d8,
trainval_0036,TN3K,nodule,trainval,0036.jpg,0036.jpg,610,487,1,91030,0.3064260948597973,0.11029994268581286,59.417264306531784,54.00242030497863,03f09a42f46bc2c3a35c88448c35eecb,
trainval_0037,TN3K,nodule,trainval,0037.jpg,0037.jpg,316,392,1,45593,0.3680654223714802,0.2086657901511829,58.11627957198399,151.37450755618704,775c5981347b80a0f8ff24e2bddef171,
trainval_0038,TN3K,nodule,trainval,0038.jpg,0038.jpg,271,256,1,43638,0.6290071494464945,0.1592911279078913,85.21325576945985,80.50036035516605,db3b13fd4d2d309bb54c45788510bbf5,
trainval_0039,TN3K,nodule,trainval,0039.jpg,0039.jpg,284,315,1,23681,0.26471048513302037,0.20460105588757954,120.54056455413297,32.43125419181757,9dba2157a5fc19500950c490f3c2de55,
trainval_0040,TN3K,nodule,trainval,0040.jpg,0040.jpg,312,329,1,6326,0.06162808822383291,0.05978506708419017,78.13622867638794,100.81131634323124,0fee4d60dbac8a6b6f23856c25838fef,
trainval_0041,TN3K,nodule,trainval,0041.jpg,0041.jpg,312,321,1,27901,0.27858654844636155,0.07889313507853542,47.39635441877909,127.16269270708523,aabb9f5944d9752be8514f73137aeec1,
trainval_0042,TN3K,nodule,trainval,0042.jpg,0042.jpg,375,332,1,8073,0.0648433734939759,0.006207009466737255,104.25767904203869,80.89213654618474,a2af21b731f623b13421392941778970,
trainval_0043,TN3K,nodule,trainval,0043.jpg,0043.jpg,300,361,1,11548,0.10662973222530009,0.13496103129200604,80.77845323997305,97.39927977839335,e924141badc98f5879f78ebb1a26c466,
trainval_0044,TN3K,nodule,trainval,0044.jpg,0044.jpg,303,362,1,19449,0.17731524533668835,0.22574209088385755,130.93667530927786,90.79719380777857,3270a6a357b36a4363880be94920ef3e,
trainval_0045,TN3K,nodule,trainval,0045.jpg,0045.jpg,300,369,1,56015,0.5060072267389341,0.19350704556603537,44.58831136976405,91.53468834688347,a5172ee6e0f5f03ae4fafb977f4317a1,
trainval_0046,TN3K,nodule,trainval,0046.jpg,0046.jpg,283,264,1,1418,0.018979548131491594,0.08347620329614817,48.61329120244866,50.72704518685084,a1e64ee7b6a763fbda0e3cbef5c5630b,
trainval_0047,TN3K,nodule,trainval,0047.jpg,0047.jpg,281,268,1,12556,0.166728634408031,0.01245279979334343,30.912526269876107,49.559900674563124,d39abc50287dff894271cb749b7c4dff,
trainval_0048,TN3K,nodule,trainval,0048.jpg,0048.jpg,189,366,1,43791,0.6330557724000347,0.1599499132285056,74.98378419906238,49.67947494723451,80dde535624c4dc9ee88ba0b76189874,
trainval_0049,TN3K,nodule,trainval,0049.jpg,0049.jpg,427,380,1,3118,0.019216072969308516,0.08820874948772153,121.94643773439229,37.67091704671515,5d2355691e1513e6ab3ecc06921d7230,
trainval_0050,TN3K,nodule,trainval,0050.jpg,0050.jpg,372,382,1,1594,0.011217136744919214,0.18452221373702138,54.4946963216847,55.648757248212576,8628520efb3a6d5c53094a502408d4bd,
trainval_0051,TN3K,nodule,trainval,0051.jpg,0051.jpg,370,386,1,7589,0.05313681557204873,0.08084891760934869,61.705326774514184,58.090386500490126,815f94bf0dc8b10879f218b980ba805b,
trainval_0052,TN3K,nodule,trainval,0052.jpg,0052.jpg,437,328,1,67160,0.4685494223363286,0.1985756796692799,82.69781769367067,88.35658173801417,3b9888d614d58c480984fc028b900134,
trainval_0053,TN3K,nodule,trainval,0053.jpg,0053.jpg,440,326,1,40187,0.2801659230340212,0.13385762252859262,74.47852686758851,88.22889012827663,ca1c8c39248b4027664936c1c4af8a24,
trainval_0054,TN3K,nodule,trainval,0054.jpg,0054.jpg,310,400,1,39177,0.31594354838709676,0.23827892877374227,84.43002777634806,76.2655,9e483e7590f98e253c5442e5a696c6f2,
trainval_0055,TN3K,nodule,trainval,0055.jpg,0055.jpg,304,375,1,3481,0.030535087719298245,0.1998946265398768,181.97595850687364,86.42001754385964,a26ace79e36a6d76a373d77d2380b9de,
trainval_0056,TN3K,nodule,trainval,0056.jpg,0056.jpg,300,368,1,81637,0.7394655797101449,0.21357495861854808,99.3211574314368,80.62144927536232,46d7eaf450fcd043284ead346600dd97,
trainval_0057,TN3K,nodule,trainval,0057.jpg,0057.jpg,330,321,1,27804,0.26247521948456526,0.19837610205619707,112.8611988807516,59.10929859341074,e5f24922ae0747cf57aa4ae710a52bd4,
trainval_0058,TN3K,nodule,trainval,0058.jpg,0058.jpg,314,316,1,37425,0.3771768926872531,0.29591641716503203,134.95003018380078,65.30316254132065,9fd0eef921db2e167074243a1a1f8f84,
trainval_0059,TN3K,nodule,trainval,0059.jpg,0059.jpg,415,390,1,7250,0.044794562866852024,0.1762299942311629,108.07587360779246,41.84923076923077,3818f4e56bd96896129a1b4179dd7abc,
trainval_0060,TN3K,nodule,trainval,0060.jpg,0060.jpg,431,392,1,50208,0.2971731616080307,0.1813173587340055,75.20552700521658,50.57245253089635,e4d363df0f549fe614cbc8d1a3e8821a,
trainval_0061,TN3K,nodule,trainval,0061.jpg,0061.jpg,620,493,1,105148,0.3440031407446182,0.21305916056054364,59.13092840626837,45.15596414316561,6dd46157b849b1dc99a38c310366e009,
trainval_0062,TN3K,nodule,trainval,0062.jpg,0062.jpg,624,478,1,15522,0.052039748953974896,0.11445018672331708,57.84009614141531,53.434881584593924,7f991f983439c48cce57ce88c6421f58,
trainval_0063,TN3K,nodule,trainval,0063.jpg,0063.jpg,342,291,1,21741,0.21845421112919755,0.04839063632444374,54.077642095675834,72.85451457969093,a22cefcd5f71e4794daa6fb2caed8a85,
trainval_0064,TN3K,nodule,trainval,0064.jpg,0064.jpg,338,295,1,26573,0.2665028582890382,0.05530130792847454,55.52433831893259,79.4167987162772,d3ae81e0c860e89c388b93ee8294fda7,
trainval_0065,TN3K,nodule,trainval,0065.jpg,0065.jpg,363,336,1,44244,0.3627508854781582,0.03823261888073401,89.49067157359238,55.45159386068477,58cbb7f3d6b9729424bbff1884dd7de7,
trainval_0066,TN3K,nodule,trainval,0066.jpg,0066.jpg,361,336,2,2835,0.023372576177285317,0.14646754220037417,93.13431626467964,79.988293101174,75baa900a52627984ede9be4b0c23fb8,
trainval_0067,TN3K,nodule,trainval,0067.jpg,0067.jpg,363,337,1,1581,0.012923952227971651,0.15205418811916047,111.36796238233757,96.57582297210028,a92897ca35554b60078c6db3703ab1fe,
trainval_0068,TN3K,nodule,trainval,0068.jpg,0068.jpg,303,330,1,21367,0.2136913691369137,0.03538053932597726,75.40122915890463,101.57630763076308,cd07560cb8076cd8362b3b9f5a32b296,
trainval_0069,TN3K,nodule,trainval,0069.jpg,0069.jpg,304,312,1,35563,0.37494728407557354,0.008910169151904518,104.96719838127447,95.53667974021593,48f230cefa13e48a7b0b79217fd31238,
trainval_0070,TN3K,nodule,trainval,0070.jpg,0070.jpg,457,372,1,27059,0.15916684313310275,0.1397928993145316,47.81737209886075,103.14833768617208,a1c6ba2fd8edf14eb020800e09a22a54,
trainval_0071,TN3K,nodule,trainval,0071.jpg,0071.jpg,457,369,2,59588,0.3533590696957298,0.19831580694222548,70.35533815902384,95.14392200814787,98998770e1ae8e1bf469b2c359dd6c28,
trainval_0072,TN3K,nodule,trainval,0072.jpg,0072.jpg,387,370,1,7483,0.05225923598016621,0.07707800976831364,145.2850886467658,65.94982889866611,4f00be9888c38064900b026c02ab36fc,
trainval_0073,TN3K,nodule,trainval,0073.jpg,0073.jpg,392,395,1,95236,0.6150607078274347,0.006863800191149048,77.14696439045196,137.78185869284422,d404497c8670cc00c4474005523b834b,
trainval_0074,TN3K,nodule,trainval,0074.jpg,0074.jpg,282,267,1,805,0.010691422955348367,0.11143018472211019,51.81959197127123,45.91268892607645,3cb5f7f4bacc5c6fdd4360f2d72a0aa8,
trainval_0075,TN3K,nodule,trainval,0075.jpg,0075.jpg,283,280,1,18803,0.23729177183240788,0.12170930812014001,46.74738444616905,35.383076728924785,454fb5121fd33f65582ad36a1bdd90ef,
trainval_0076,TN3K,nodule,trainval,0076.jpg,0076.jpg,297,346,1,54279,0.5282010860045542,0.0252601681718963,46.631363728994856,44.414316576166286,672323e795fc059c6d26a9a3e166aba1,
trainval_0077,TN3K,nodule,trainval,0077.jpg,0077.jpg,274,305,1,1906,0.022807227473973915,0.01884558459461243,128.55014070256252,52.624997008495875,78b37d1490cf8fe6f00482dd8fa52bbd,
trainval_0078,TN3K,nodule,trainval,0078.jpg,0078.jpg,287,324,1,51365,0.5523831031961113,0.08147941345569197,93.86096271642161,101.01484062459672,b6299d8f1e800f1581560ad91fc1d670,
trainval_0079,TN3K,nodule,trainval,0079.jpg,0079.jpg,288,320,2,10788,0.11705729166666666,0.10339720093438433,99.31820571480222,99.64399956597222,a258b1cdc5e0de9003c0a0b4208c12a8,
trainval_0080,TN3K,nodule,trainval,0080.jpg,0080.jpg,289,308,1,1339,0.015042915561946703,0.0628127405875398,109.3674329549069,70.85660360400844,fc28959ce3706c04578b3f24ed55ba7c,
trainval_0081,TN3K,nodule,trainval,0081.jpg,0081.jpg,289,315,1,30960,0.3400889767671775,0.08326394888813517,112.66762996661562,91.79213489317296,77cd8a5fb05f7902a89aa2a6a5f28318,
trainval_0082,TN3K,nodule,trainval,0082.jpg,0082.jpg,308,394,1,3767,0.031041927615531678,0.06067337228738875,62.18976961044066,61.95989353286308,eb01eabaa26bfe6839c1a4553e61dde9,
trainval_0083,TN3K,nodule,trainval,0083.jpg,0083.jpg,311,393,1,1138,0.009310849840046473,0.20451352673575982,175.2884884337231,56.5798826734739,bdda85520a30ed1e81da7397e7f74e0c,
trainval_0084,TN3K,nodule,trainval,0084.jpg,0084.jpg,313,385,2,4603,0.03819758516244139,0.05519118502640392,83.62965744250073,59.995734616820876,961ed58b2607ac135820d240a65818d0,
trainval_0085,TN3K,nodule,trainval,0085.jpg,0085.jpg,451,367,1,87878,0.5309303576067715,0.0806988345701635,43.62524560603605,79.6672003480005,791e24b97545e6e1886edacf74ba3815,
trainval_0086,TN3K,nodule,trainval,0086.jpg,0086.jpg,451,370,2,67991,0.4074489123269611,0.06850631570221184,50.7986672777486,84.48064960747888,553421e08258e54b8b823e85669ce014,
trainval_0087,TN3K,nodule,trainval,0087.jpg,0087.jpg,372,381,1,67167,0.4739014478028956,0.24279645392061558,76.35929661095685,60.28960291253916,f7d1e494345bc13ca9a03efeef35fabb,
trainval_0088,TN3K,nodule,trainval,0088.jpg,0088.jpg,373,385,1,58107,0.4046307579819644,0.15119981079335484,41.604872376181014,62.924013787820755,9db22889d8a1676b063b29da5ceac4a0,
trainval_0089,TN3K,nodule,trainval,0089.jpg,0089.jpg,423,383,2,14241,0.08790252393385553,0.12113213450052958,73.70620833991916,59.66070403496102,40d23f9f7494df9bf32f1c7d50b2f204,
trainval_0090,TN3K,nodule,trainval,0090.jpg,0090.jpg,253,280,1,14858,0.20974025974025973,0.0031737891698122777,77.57123433517346,45.049195369847546,b26c29a42ca1b50792428f4f4702e2da,
trainval_0091,TN3K,nodule,trainval,0091.jpg,0091.jpg,304,328,1,38562,0.38673379332477537,0.24467895543309948,75.5327247156068,112.43218469191271,4b66b1f6fec1c362043cec04fe4a4bba,
trainval_0092,TN3K,nodule,trainval,0092.jpg,0092.jpg,303,323,1,31770,0.32461760107899335,0.1884674320461232,45.78987803505741,104.83703726409793,2356a1c7f793c120279531411536d41d,
trainval_0093,TN3K,nodule,trainval,0093.jpg,0093.jpg,376,361,1,28547,0.2103126657629516,0.06486424011959815,68.86987940390004,118.08368450521601,442bc7004d3dbfe3d49efa7cd88ffc64,
trainval_0094,TN3K,nodule,trainval,0094.jpg,0094.jpg,336,284,1,11679,0.12239059356136821,0.23374489144034585,106.37811351240525,49.302261485580146,dbd18938eb237ca30a4e8b06d0c71453,
trainval_0095,TN3K,nodule,trainval,0095.jpg,0095.jpg,273,280,1,21119,0.2762820512820513,0.08713718375924043,60.807384610895724,67.19662480376766,2db95fb8c0fb2febba7e56bdb898dd34,
trainval_0096,TN3K,nodule,trainval,0096.jpg,0096.jpg,273,286,1,15432,0.19764850534081305,0.06258543695650591,49.94746919921209,81.38967442813596,8cd28000dcdafd69f4acb2402725864c,
trainval_0097,TN3K,nodule,trainval,0097.jpg,0097.jpg,268,283,1,9940,0.13105848847634619,0.06398629728531331,50.512908892486685,81.73935973841043,d4e72fbeb49c98adf09711db0b56970b,
trainval_0098,TN3K,nodule,trainval,0098.jpg,0098.jpg,387,341,2,32476,0.24609182598679974,0.28227108675901635,77.46173381769532,125.83427675100593,87d3d501f8943b40bea6edcbc930d562,
trainval_0099,TN3K,nodule,trainval,0099.jpg,0099.jpg,388,370,1,13924,0.09699080523822792,0.11754905915783206,107.16203967562788,128.38866675954304,efd58f7a34fc06288e096e860a88eaa0,
trainval_0100,TN3K,nodule,trainval,0100.jpg,0100.jpg,327,330,1,68872,0.6382355666759336,0.09117419439775182,65.2748838850979,77.96599017699936,6c2343085b30bb49f32842497ca1fecc,
trainval_0101,TN3K,nodule,trainval,0101.jpg,0101.jpg,327,326,1,70029,0.6569201328305285,0.13314376804753622,77.85544555050636,89.41188720661901,545a806815d097d8986131f6d999d1d5,
trainval_0102,TN3K,nodule,trainval,0102.jpg,0102.jpg,339,364,1,26113,0.2116195014425103,0.01885229489143198,52.36550378063111,53.01902006548024,12fc85e537a683c6081890ffe206afe5,
trainval_0103,TN3K,nodule,trainval,0103.jpg,0103.jpg,329,381,1,40484,0.32297026701449555,0.2082112372960379,72.00414852504971,35.89470996976442,439de8bec3c2c7c7fd56b26d9b52d265,
trainval_0104,TN3K,nodule,trainval,0104.jpg,0104.jpg,328,328,1,27009,0.2510503420582986,0.19566703607820357,59.72241470921592,41.47051606186793,3a919c501f8e0b526cd4192411cf2f11,
trainval_0105,TN3K,nodule,trainval,0105.jpg,0105.jpg,283,324,1,27467,0.2995572132792392,0.1035798182927738,78.11505029906088,129.45879684160013,20c6468ce972151ff0abc3c7853b45e6,
trainval_0106,TN3K,nodule,trainval,0106.jpg,0106.jpg,287,332,2,11713,0.1229272490659502,0.21249697817453023,89.66589855150954,61.632309726711725,3065bf7f52ae1254ce3586f05cb5f87b,
trainval_0107,TN3K,nodule,trainval,0107.jpg,0107.jpg,620,507,1,32158,0.10230323853152637,0.14629893498726246,53.27332658622884,67.78765985875167,86d78f734180e1bf870b22c8d7ff7eee,
trainval_0108,TN3K,nodule,trainval,0108.jpg,0108.jpg,408,330,1,24644,0.18303624480095068,0.009638691060069347,66.13661079074124,91.17797088532383,1d444693655d5f8ed54a91db2b8406f3,
trainval_0109,TN3K,nodule,trainval,0109.jpg,0109.jpg,303,259,1,16101,0.20516839328720518,0.04248220603024166,83.1097151837128,95.27864214992928,69cc4123443a24195392bbf21d2ab773,
trainval_0110,TN3K,nodule,trainval,0110.jpg,0110.jpg,225,221,1,12823,0.2578783308195073,0.02169739782767057,58.73735492039365,67.21906485671191,f801f8ac99ff04cced89a0bce1109187,
trainval_0111,TN3K,nodule,trainval,0111.jpg,0111.jpg,318,328,1,62026,0.5946655928823439,0.29401131040309797,72.55226359565245,94.94696272434422,b286acf7f49119e28994f9ff05222ad6,
trainval_0112,TN3K,nodule,trainval,0112.jpg,0112.jpg,340,370,1,34903,0.2774483306836248,0.10680376774453865,52.06644832106459,96.44302861685215,6c1f1efbbf1682b9aa0eb88d2f3db087,
trainval_0113,TN3K,nodule,trainval,0113.jpg,0113.jpg,340,371,1,6476,0.051339781195497064,0.12693093350346019,67.52591067582868,90.83841763120343,c1e6eba36617edbd1e92cbb7af8df458,
trainval_0114,TN3K,nodule,trainval,0114.jpg,0114.jpg,286,227,1,29102,0.4482609901112104,0.2743462544018169,73.17265259499028,55.65326083608022,09b1d3737d454c12c654fe679f7ef611,
trainval_0115,TN3K,nodule,trainval,0115.jpg,0115.jpg,395,395,1,57055,0.3656785771510976,0.2639982012360509,69.57558082653125,100.02439993590771,3a9f5e718f3dea9a9488043de7f5913e,
trainval_0116,TN3K,nodule,trainval,0116.jpg,0116.jpg,302,296,1,33379,0.3734003042777877,0.1142904786269141,57.96568486978521,108.198653123322,6886d43f943b196c75aab80772efd8c0,
trainval_0117,TN3K,nodule,trainval,0117.jpg,0117.jpg,425,385,1,59118,0.36130175706646295,0.21804755374403703,57.23029318472628,51.56083116883117,80c3d0073315d23721c96389735b0e6b,
trainval_0118,TN3K,nodule,trainval,0118.jpg,0118.jpg,314,399,1,29162,0.23276343725555929,0.018499480752058498,78.79038035613412,45.58401577191386,1ef95663d66f308b726aaaaa98df68cc,
trainval_0119,TN3K,nodule,trainval,0119.jpg,0119.jpg,621,533,1,60260,0.18205823083871864,0.24948639554413798,70.22061722589464,47.34526409924077,08aa625b34f31223a87cefa7680cff8f,
trainval_0120,TN3K,nodule,trainval,0120.jpg,0120.jpg,407,332,1,1532,0.011337734229300494,0.1344551382935742,170.56089381624264,70.5513454308635,4f558826d6d788510d955735ba268876,
trainval_0121,TN3K,nodule,trainval,0121.jpg,0121.jpg,409,326,1,38889,0.29166604166979165,0.10469198541928107,117.44524852718625,57.38664556677217,bb8c877c52b0148c4951fe8e6c0b331c,
trainval_0122,TN3K,nodule,trainval,0122.jpg,0122.jpg,411,332,1,23021,0.1687113417172339,0.01857262355067276,90.85490138579304,55.7998197168235,b4833f03b1c30c9452d3a991e68cb1a0,
trainval_0123,TN3K,nodule,trainval,0123.jpg,0123.jpg,294,258,1,6643,0.08757844222960502,0.16795364406005678,95.99243916464117,74.96159626641354,62cc4971ce101857e9746dedf1c586eb,
trainval_0124,TN3K,nodule,trainval,0124.jpg,0124.jpg,404,250,1,2101,0.020801980198019803,0.099054697053108,71.35678587078745,39.96783168316831,44fa6ceaec119b6637efb3064629b83e,
trainval_0125,TN3K,nodule,trainval,0125.jpg,0125.jpg,402,327,1,35129,0.26723416556361923,0.21523776829607627,50.83027480775793,63.14439271532247,9c7a67a9050e393ff945ad709c56ada8,
trainval_0126,TN3K,nodule,trainval,0126.jpg,0126.jpg,255,315,1,6014,0.0748708372237784,0.059791206139921844,159.05720775546473,92.9655399937753,d51cd20178b13f57ef0ed4cd64f6b1b0,
trainval_0127,TN3K,nodule,trainval,0127.jpg,0127.jpg,255,297,1,9103,0.12019541823463392,0.06851455831698793,148.06072007253908,98.6723311546841,eae9ac7654ffcbdbe7e5814f119fad96,
trainval_0128,TN3K,nodule,trainval,0128.jpg,0128.jpg,333,336,1,53063,0.47425103675103675,0.1704273683702918,45.02620577235293,96.17015229515229,11566dac41eb1820a8d22bd2763a6d3c,
trainval_0129,TN3K,nodule,trainval,0129.jpg,0129.jpg,358,295,1,55806,0.5284158697093079,0.07547278013691043,90.46398001526062,48.74861282075561,cf67625e08b0e73be0e5dd8bd56697ed,
trainval_0130,TN3K,nodule,trainval,0130.jpg,0130.jpg,272,327,1,45160,0.5077352041734124,0.2733892848215564,91.04034306996641,38.95102536427415,286e4760159a4330220038a320b35c8f,
trainval_0131,TN3K,nodule,trainval,0131.jpg,0131.jpg,291,316,1,29580,0.32167558397494456,0.19061819611438777,89.52513990386804,66.1395667493149,6caa6f5618d6d0792d720f578a00ac5b,
trainval_0132,TN3K,nodule,trainval,0132.jpg,0132.jpg,332,322,1,3513,0.032861258699393846,0.0027066247194359144,83.22436742511596,62.87789979794956,eae10f05f480737d1beb412f186b5996,
trainval_0133,TN3K,nodule,trainval,0133.jpg,0133.jpg,328,317,1,2755,0.02649649919212126,0.030678122697623798,41.58032401035498,43.99974994229438,6b80bff709769596bada4d1ad0a88491,
trainval_0134,TN3K,nodule,trainval,0134.jpg,0134.jpg,422,339,1,3576,0.024996854422681708,0.05173421695738874,84.22464100385895,25.44148527170798,8e6965bd611b0a0e509c0d8b1634b349,
trainval_0135,TN3K,nodule,trainval,0135.jpg,0135.jpg,237,335,1,12429,0.15654638201398072,0.04414185477912944,47.5797443152255,54.09043390641728,b1ff28a5addbc22b4869985657fe0b22,
trainval_0136,TN3K,nodule,trainval,0136.jpg,0136.jpg,360,336,1,44389,0.36697255291005293,0.08980238251170385,74.26195743989426,80.49619708994709,b8399c0b30f76638256edaccebc740b6,
trainval_0137,TN3K,nodule,trainval,0137.jpg,0137.jpg,419,398,1,22611,0.13558844341036927,0.10296998864826143,93.5461891394731,58.98402513762128,98b67424b3c49041f3f6a0b577c1a964,
trainval_0138,TN3K,nodule,trainval,0138.jpg,0138.jpg,314,339,1,4808,0.04516844221483193,0.09969749526607515,68.1329022974734,50.739295041617346,91cd42ad2132e2fd2c8ca1f2b4cb4da7,
trainval_0139,TN3K,nodule,trainval,0139.jpg,0139.jpg,332,370,1,48275,0.3929908824487138,0.35978288084414267,102.26326948338094,40.414425268642134,34a45fffa0208547a473f7920886fa68,
trainval_0140,TN3K,nodule,trainval,0140.jpg,0140.jpg,333,366,1,32423,0.2660283234053726,0.16159163674054886,79.56778309808597,47.6344951508886,c9e98fd1f010c58a4e03776e0dda0ab5,
trainval_0141,TN3K,nodule,trainval,0141.jpg,0141.jpg,270,307,1,30622,0.36942936421763783,0.06230078474385517,53.3623854585148,43.8204849800941,8ee9f18c3c6e43d8d2acc304fc49a948,
trainval_0142,TN3K,nodule,trainval,0142.jpg,0142.jpg,246,239,1,19761,0.3361057250739871,0.0903663193041503,93.67363876691647,33.00610606524475,e00386c647399c7a8aa863c5529b1852,
trainval_0143,TN3K,nodule,trainval,0143.jpg,0143.jpg,303,311,1,9375,0.09948744070548533,0.0739062955777427,100.46207560999372,104.27474451625227,ee53bdbc8b094178bda6d33b247677bd,
trainval_0144,TN3K,nodule,trainval,0144.jpg,0144.jpg,389,346,1,3129,0.023247693062097865,0.042529248373869295,84.11911235067168,96.75478104521747,02b83f5e56f8a731d9cc7f53cb9276b5,
trainval_0145,TN3K,nodule,trainval,0145.jpg,0145.jpg,339,347,1,16433,0.13969719381466086,0.05967542740239211,54.53120661542332,105.28704530191358,edf962a1360734317bb4852dddb39681,
trainval_0146,TN3K,nodule,trainval,0146.jpg,0146.jpg,263,315,1,41172,0.49697628100669927,0.08567477713013515,75.23830254328125,105.02437081296397,bff70d565416caaad17f8d7cdb72042e,
trainval_0147,TN3K,nodule,trainval,0147.jpg,0147.jpg,287,286,1,36482,0.4444579810433469,0.1875068787135535,106.28585576941869,61.38610170317487,fcb6847e6dfbf790fe23014184c10a52,
trainval_0148,TN3K,nodule,trainval,0148.jpg,0148.jpg,303,305,1,1944,0.021035546177568577,0.07333351816673879,108.60803042069496,112.55561326624466,cf7014d298dfff9c39d9f6542d911859,
trainval_0149,TN3K,nodule,trainval,0149.jpg,0149.jpg,392,312,1,22006,0.17992870225013083,0.18824747348725915,85.66348900835999,83.4198472658294,e45d439939ec0a32588adacdd18a3b79,
trainval_0150,TN3K,nodule,trainval,0150.jpg,0150.jpg,398,319,1,23291,0.18344859091696727,0.2135391227226363,81.5483981785275,75.40561742883698,5c9daf4e092f4c43263e2c6ab323a911,
trainval_0151,TN3K,nodule,trainval,0151.jpg,0151.jpg,338,301,1,21531,0.211631838644361,0.050810795902917726,45.267124190259,60.8385460693153,8c34925e316db59c422d75e4fd2e9638,
trainval_0152,TN3K,nodule,trainval,0152.jpg,0152.jpg,342,365,1,18502,0.1482175759032284,0.04391239136779291,69.44491055763689,54.48452295121365,e6ca14684ae9e3009730228124d82b7b,
trainval_0153,TN3K,nodule,trainval,0153.jpg,0153.jpg,340,361,1,1629,0.013271956982238878,0.024525017270001254,57.651541427697595,51.433175818803974,6df4167686eadfde67e0f4b909eb2ca8,
trainval_0154,TN3K,nodule,trainval,0154.jpg,0154.jpg,279,280,1,36846,0.4716589861751152,0.036561860949272475,70.96821489566484,45.181938044034816,c9a06bf5f6aa27a9019651ec86a341ad,
trainval_0155,TN3K,nodule,trainval,0155.jpg,0155.jpg,707,546,1,43807,0.11348316935304205,0.17052163554684427,46.76199873041086,49.52068534953966,b4a765684e35845f94cb345db7571dd8,
trainval_0156,TN3K,nodule,trainval,0156.jpg,0156.jpg,498,535,1,139135,0.5222197200015013,0.18846305686809658,66.50943171565146,87.60453777727733,df3be8c3a98f25329afc352b93ef8084,
trainval_0157,TN3K,nodule,trainval,0157.jpg,0157.jpg,490,541,1,73295,0.276491003055566,0.14319821987391101,70.89931725925507,107.8792711909163,4aaf01337418621927eed5eade3eb5a8,
trainval_0158,TN3K,nodule,trainval,0158.jpg,0158.jpg,495,543,1,125172,0.4656956303365143,0.2392117524838982,63.582995129947754,77.70316423907585,0f668a0e48e8d019ba7b076c75d1d251,
trainval_0159,TN3K,nodule,trainval,0159.jpg,0159.jpg,348,328,1,8874,0.07774390243902439,0.019241897604780546,47.12666156885316,110.98855831230726,350cc5782d9342a15340e66911ff3ad5,
trainval_0160,TN3K,nodule,trainval,0160.jpg,0160.jpg,583,385,1,48102,0.21430576284778685,0.0068825459728676505,29.578095387850418,57.88391437036377,46c8c9458abdfc6ea23c1d514eb501b6,
trainval_0161,TN3K,nodule,trainval,0161.jpg,0161.jpg,289,322,1,20605,0.22142104923810957,0.07169910274228597,91.45264641268523,107.6301446409766,b5cd3768afbca0e95ca351c9dab7158b,
trainval_0162,TN3K,nodule,trainval,0162.jpg,0162.jpg,289,318,1,8622,0.09381732715283672,0.11172335969756425,76.27526274702988,79.52722465234706,4909451c948bf0b15af1cf80c77d3cdb,
trainval_0163,TN3K,nodule,trainval,0163.jpg,0163.jpg,284,326,1,56467,0.6099001987384429,0.5573092282889046,89.21787473640981,68.51597468245053,859515cd3b1c31a259f4be093e640018,
trainval_0164,TN3K,nodule,trainval,0164.jpg,0164.jpg,411,340,1,34727,0.24851152139687993,0.03043067554688791,70.58396791352808,70.37948332617718,0a8cd52d09a16b9eb3d9dd4f1341bc8d,
trainval_0165,TN3K,nodule,trainval,0165.jpg,0165.jpg,401,328,1,25841,0.19646767228270787,0.053434587395696495,84.65770400341289,74.9103460860045,5dbc0d2fe5c26d3331718fdffe0fb4ac,
trainval_0166,TN3K,nodule,trainval,0166.jpg,0166.jpg,227,339,1,38827,0.504554728210726,0.06278285373309216,58.58966378653827,77.70945902044105,19cd21a13ab65e68fba516ceaf1bcfe2,
trainval_0167,TN3K,nodule,trainval,0167.jpg,0167.jpg,275,366,1,54734,0.5438052657724789,0.0632795273609961,55.92593424036769,83.22905116741182,f46efd94b6845c1808e8e7456641696a,
trainval_0168,TN3K,nodule,trainval,0168.jpg,0168.jpg,339,366,1,28362,0.228589390202621,0.001787949658290198,51.71761994182189,102.85803633315602,9f90f4f1894fe4811911e40c1d89592b,
trainval_0169,TN3K,nodule,trainval,0169.jpg,0169.jpg,394,374,1,4843,0.03286598441868672,0.09364519644799424,75.16366681900219,57.548338717120444,818cbfc739ba6877e906c9efe88d59ff,
trainval_0170,TN3K,nodule,trainval,0170.jpg,0170.jpg,285,322,1,21383,0.23300642911626893,0.16339264635280137,88.82362447112364,68.47823907595074,cd861faf746bb098db9f5188b928d630,
trainval_0171,TN3K,nodule,trainval,0171.jpg,0171.jpg,285,325,1,5705,0.06159244264507423,0.13782959739876996,79.62803234676895,76.05449932523616,1c0dff76a52c43e9123d5e0060c977b6,
trainval_0172,TN3K,nodule,trainval,0172.jpg,0172.jpg,322,327,1,30184,0.2866640074458184,0.3047911807779547,78.32506294459456,39.12558170456057,8f39ecb5602a658317f061016ab7ca9b,
trainval_0173,TN3K,nodule,trainval,0173.jpg,0173.jpg,321,329,2,17631,0.16694599892054654,0.20687780955870963,83.79181530754079,99.25348218428354,2f348541466e6d6d646659240ad73d8e,
trainval_0174,TN3K,nodule,trainval,0174.jpg,0174.jpg,303,363,1,13668,0.12426697215176064,0.08528706728340547,91.95927055087154,77.79738882979207,dc6dc8bb6fdec60b94f675ce78a6f874,
trainval_0175,TN3K,nodule,trainval,0175.jpg,0175.jpg,302,367,1,15650,0.14120215818250717,0.1162801664423208,88.23749069068259,93.26794124546619,f97b4839ca984bcd6d44eeb62b0d5fc9,
trainval_0176,TN3K,nodule,trainval,0176.jpg,0176.jpg,289,288,1,18975,0.22797722029988465,0.1556316844302737,111.80698731600822,66.9552095347943,d9df8da13a97a61a6572f9413f600b18,
trainval_0177,TN3K,nodule,trainval,0177.jpg,0177.jpg,370,320,1,5907,0.0498902027027027,0.04870634896924744,81.14886017429129,33.09477195945946,66e3bc1bd46169d476540942f6fcb92f,
trainval_0178,TN3K,nodule,trainval,0178.jpg,0178.jpg,373,316,1,4533,0.03845827535887603,0.04652450520460757,64.96722109726485,28.168493569077274,8265a15e05ad3f812ef4672ac552964a,
trainval_0179,TN3K,nodule,trainval,0179.jpg,0179.jpg,370,381,1,56531,0.40101440022699864,0.17889475551699283,66.46922646035779,50.05232318933106,a90c6aa4d99e1cdffab83d8737c7c755,
trainval_0180,TN3K,nodule,trainval,0180.jpg,0180.jpg,619,543,2,55560,0.16529958318085666,0.23775521298258126,74.48969230315204,41.76669731075786,e2eb837fd235fba8687acc6167b24c58,
trainval_0181,TN3K,nodule,trainval,0181.jpg,0181.jpg,622,510,1,76889,0.24238383456276402,0.06412239733168018,80.34530747024144,37.297850072504886,5e1a3bcc1f00ef0025678889bde9ce15,
trainval_0182,TN3K,nodule,trainval,0182.jpg,0182.jpg,284,295,1,13711,0.16365481021723563,0.08160960812078477,61.37253503720442,47.67505371210313,ee44f922d8eb6d48d546744cef20a2d1,
trainval_0183,TN3K,nodule,trainval,0183.jpg,0183.jpg,284,300,1,23866,0.28011737089201877,0.03831024521514677,77.01584051648248,51.6768896713615,284ab91c741a77858371105a4f36882c,
trainval_0184,TN3K,nodule,trainval,0184.jpg,0184.jpg,377,296,1,7767,0.0696017635672808,0.16074906805307887,65.90748970983033,110.7025324396014,6b8895c06f5636ac45683f7db9bdab3d,
trainval_0185,TN3K,nodule,trainval,0185.jpg,0185.jpg,378,322,1,14554,0.1195734332380295,0.10061537551170478,62.37492879921853,109.3716520424595,6b22c956f36fab09e0154753377db837,
trainval_0186,TN3K,nodule,trainval,0186.jpg,0186.jpg,328,382,1,10955,0.08743295875367131,0.050553373898976454,66.8293461363724,57.02860426510024,948faf7f8d23df40bf439edbc639914e,
trainval_0187,TN3K,nodule,trainval,0187.jpg,0187.jpg,327,378,1,1785,0.014441046551138294,0.09107212492840272,131.9633803017396,41.0688154296717,b9e8a522c70ae3e666396d0f14cdd410,
trainval_0188,TN3K,nodule,trainval,0188.jpg,0188.jpg,224,297,1,8373,0.1258567821067821,0.0797144499379022,91.60178553284655,38.07664442039442,336b6e10113f6e3d9a831af67d46feda,
trainval_0189,TN3K,nodule,trainval,0189.jpg,0189.jpg,287,323,1,51583,0.5564449142943442,0.2834699816737364,85.04335409674104,66.55392066967994,ec663372e535ee23f35c0f36db895197,
trainval_0190,TN3K,nodule,trainval,0190.jpg,0190.jpg,287,314,1,2574,0.028562551321600568,0.030125733330601513,105.25437205017697,81.90109634035376,3f7dd8a0941d78361895b6d2736545cb,
trainval_0191,TN3K,nodule,trainval,0191.jpg,0191.jpg,268,265,1,10487,0.1476626302450014,0.03620265424574235,93.56798808613021,30.399141087017743,0a485e8d8432bff8b6b67f109bfe7588,
trainval_0192,TN3K,nodule,trainval,0192.jpg,0192.jpg,273,348,1,49724,0.5233884889057303,0.08311206034374073,64.18222434537827,46.42523472695886,4fdb54ca75c31d2c93850bb0a27ea234,
trainval_0193,TN3K,nodule,trainval,0193.jpg,0193.jpg,302,292,1,29357,0.3329061961353533,0.15750264599317654,53.98686514960701,95.09033384740997,78699a5165584358ee3fd13a30be179c,
trainval_0194,TN3K,nodule,trainval,0194.jpg,0194.jpg,301,329,1,26727,0.2698906380959113,0.009588974387976215,56.86018801750304,89.02808268285048,c73609523a81d8b94e954fe73f5700a4,
trainval_0195,TN3K,nodule,trainval,0195.jpg,0195.jpg,429,328,1,21979,0.15619847632042755,0.2308643393112245,70.80177787771359,60.073078344419805,86b77a1c08a82e0a571991376f0805c1,
trainval_0196,TN3K,nodule,trainval,0196.jpg,0196.jpg,515,330,2,82075,0.4829361576934392,0.18423295345653967,66.42768802757278,63.43400411885849,79b4aded22f933034b6dc4fcbd627f21,
trainval_0197,TN3K,nodule,trainval,0197.jpg,0197.jpg,497,340,1,9971,0.05900698307492011,0.029249232146731,84.87850255393623,66.65459225943899,b1c73c2d9eba777b99c80519f965501e,
trainval_0198,TN3K,nodule,trainval,0198.jpg,0198.jpg,516,332,1,56669,0.3307941066591949,0.09655669741655669,78.93807199436401,83.39710586532175,570eb0b799110bff3576aebce693a7db,
trainval_0199,TN3K,nodule,trainval,0199.jpg,0199.jpg,513,329,1,12065,0.07148485871890127,0.08582786045491721,85.74027708651522,73.79645330821143,bfad77ed8185ecc33bbf8f7bcdfceeef,
trainval_0200,TN3K,nodule,trainval,0200.jpg,0200.jpg,291,298,1,38005,0.4382596462095528,0.16138400767461086,76.17880166851738,53.25569086002906,075895278a3ebeb6481f3706087ab774,
trainval_0201,TN3K,nodule,trainval,0201.jpg,0201.jpg,274,296,1,44309,0.5463232392976919,0.30810435285229665,141.42455703539838,48.629512724403234,fbfdb46211c766bdfc60694cb7f9c16d,
trainval_0202,TN3K,nodule,trainval,0202.jpg,0202.jpg,289,299,1,9755,0.1128907199314902,0.13618587120505588,96.38668419540602,46.15528115633426,8c95de7e852a6a508322819a0e6b9ffb,
trainval_0203,TN3K,nodule,trainval,0203.jpg,0203.jpg,408,333,1,20515,0.15099658482011424,0.1369468139055501,100.64590795172526,79.21321321321321,6ccd9bcc3073a9cb776e4ae9eff39726,
trainval_0204,TN3K,nodule,trainval,0204.jpg,0204.jpg,288,299,1,18726,0.21746098104793757,0.023988701126715042,74.00972454624507,70.57912950575994,d1e9a532f28299cc5bc333053d8e945b,
trainval_0205,TN3K,nodule,trainval,0205.jpg,0205.jpg,288,294,1,20053,0.2368315381708239,0.10305650774963546,82.78448909472469,85.7854190287226,31daff02992e907c0a61b43e61088d62,
trainval_0206,TN3K,nodule,trainval,0206.jpg,0206.jpg,289,252,1,5703,0.07830779370571758,0.07583541960263622,94.70559017878472,79.22550392706103,f39fbc5872b7a7eaa92ae9ff68e048f0,
trainval_0207,TN3K,nodule,trainval,0207.jpg,0207.jpg,240,305,1,1900,0.025956284153005466,0.06444072365788424,80.73841915407114,84.55762295081968,6a77d8db8c56ed47c4d798e6633f2d29,
trainval_0208,TN3K,nodule,trainval,0208.jpg,0208.jpg,449,387,1,90536,0.5210315199438316,0.07682385670299839,50.40612381794303,129.71269487750556,29aa1c70b8b6af67bf2bd1bbdf7c0b16,
trainval_0209,TN3K,nodule,trainval,0209.jpg,0209.jpg,466,392,1,63689,0.34865222913199617,0.059835026019586825,46.13566470444663,49.69272794954892,75fa013555dc1bdbc3a263c29c474e53,
trainval_0210,TN3K,nodule,trainval,0210.jpg,0210.jpg,289,324,1,32990,0.352321756589346,0.3238416972046522,118.09515871907111,88.32108377119911,aaf770e1299ac385699f5585c779cc3e,
trainval_0211,TN3K,nodule,trainval,0211.jpg,0211.jpg,291,325,1,43221,0.45700237906423474,0.35922650219584074,100.94955110059426,82.10662437219138,50feae616e26b93a851a9469acc639a9,
trainval_0212,TN3K,nodule,trainval,0212.jpg,0212.jpg,473,320,1,4962,0.03278276955602537,0.052296409660359346,46.39901828083518,42.18100554968287,bb1dcbd324e4618c77b25d81cca90ad3,
trainval_0213,TN3K,nodule,trainval,0213.jpg,0213.jpg,482,390,1,5075,0.02699755293116289,0.08418383035373073,65.58356394410565,49.558123204596235,12e681dba3369b2a2fa1ea7ec6f0ed61,
trainval_0214,TN3K,nodule,trainval,0214.jpg,0214.jpg,312,381,1,1572,0.013224308499899052,0.06786859061642803,69.04752947817573,84.09198970321017,b5386fbabec500846e48902a4e342dd1,
trainval_0215,TN3K,nodule,trainval,0215.jpg,0215.jpg,314,384,1,12797,0.10613223195329087,0.017354985630398532,55.87201340481985,80.28029624469214,59818f6f3512ede73834247e64410473,
trainval_0216,TN3K,nodule,trainval,0216.jpg,0216.jpg,314,385,1,22602,0.18696335511622136,0.17590974045842692,90.2710988548234,64.23360079411034,b4d5495b06abbc2b26c6b7cb8999b41d,
trainval_0217,TN3K,nodule,trainval,0217.jpg,0217.jpg,360,333,1,2069,0.017258925592258927,0.09620096830418973,71.29932783375712,49.05613113113113,d5c47695e24d5c7c40b76ca85396c0ad,
trainval_0218,TN3K,nodule,trainval,0218.jpg,0218.jpg,359,282,1,9219,0.09106264446156581,0.01179127955617461,76.4510203233588,35.44535648669472,2c446c72311e2ad694673b112af1d4b2,
trainval_0219,TN3K,nodule,trainval,0219.jpg,0219.jpg,259,222,1,17503,0.304410588194372,0.055428776253436285,54.209843361272014,51.02932275905249,966af5be59e29486e73748a023bd1a7f,
trainval_0220,TN3K,nodule,trainval,0220.jpg,0220.jpg,304,367,1,1470,0.01317582102394952,0.07859742027652189,48.58279764363432,139.9295855442421,51cfdc071954e49ea614c0d267d3cc49,
trainval_0221,TN3K,nodule,trainval,0221.jpg,0221.jpg,288,318,2,18531,0.20233883647798742,0.047030495477145356,92.86079028753751,44.943996767994406,f2ac65c2ebdd87dee9f443684069fca4,
trainval_0222,TN3K,nodule,trainval,0222.jpg,0222.jpg,360,276,1,7185,0.07231280193236715,0.11219471163747598,98.81081205861956,13.708403784219001,efdd2ca356d0a453e3a3abae2a72ae2e,
trainval_0223,TN3K,nodule,trainval,0223.jpg,0223.jpg,296,278,1,16496,0.20046665370406377,0.23641626049061717,116.55451101155052,77.26974771534124,9683225ccd0dd02e0707ec2493b24260,
trainval_0224,TN3K,nodule,trainval,0224.jpg,0224.jpg,297,282,1,15613,0.18641497719511904,0.03716022702282908,115.52103077789026,72.01306206270745,6aa8fa3a475552da6a7ba9fa8bd2c03d,
trainval_0225,TN3K,nodule,trainval,0225.jpg,0225.jpg,343,303,1,3815,0.036707752407893854,0.11087992428821114,45.277399507382015,86.4484407624436,2091ea0f6033eced0a100792bd877ff7,
trainval_0226,TN3K,nodule,trainval,0226.jpg,0226.jpg,314,297,1,41380,0.44371528447961567,0.21413329319450491,88.70063651707258,94.3798065581505,5581e8bd8d9aad3bfac242cff7fb2de8,
trainval_0227,TN3K,nodule,trainval,0227.jpg,0227.jpg,447,393,1,4558,0.025946229030403424,0.12206146443989836,61.991189649672066,91.04717340938458,fbdd8720fa6412ee176188e4ddd83f30,
trainval_0228,TN3K,nodule,trainval,0228.jpg,0228.jpg,448,397,1,53000,0.2979938826916157,0.17070544148971864,77.18347134464737,57.05052401943145,bf42ae1c20513082b38bb412f614492c,
trainval_0229,TN3K,nodule,trainval,0229.jpg,0229.jpg,395,275,1,15518,0.1428584579976985,0.06356316154686559,137.66943134928093,41.04296432681243,867bcbb121021edb671a224587b1b413,
trainval_0230,TN3K,nodule,trainval,0230.jpg,0230.jpg,312,289,2,15509,0.1720011534025375,0.03761964192845244,77.88141379807405,112.88021249223671,b70d67bca9e87d52e84b1dac16531a5a,
trainval_0231,TN3K,nodule,trainval,0231.jpg,0231.jpg,270,360,1,49740,0.5117283950617284,0.17471547852856206,67.6398106618028,27.746615226337447,cedeb89564ff2d6f67556488b64f347c,
trainval_0232,TN3K,nodule,trainval,0232.jpg,0232.jpg,348,383,1,19986,0.14995048167822095,0.0939629283505901,68.53031505094307,26.892327661234656,1912dea9361edf02ce6012db1269b64d,
trainval_0233,TN3K,nodule,trainval,0233.jpg,0233.jpg,305,332,1,42764,0.42231878333004147,0.18229537618593813,83.62356340449656,77.71951412206202,04cff92153419d72d89fb4baf31411f7,
trainval_0234,TN3K,nodule,trainval,0234.jpg,0234.jpg,302,321,1,38821,0.4004559427286419,0.13981450327659453,60.56828710824053,78.22662004084917,cc8ca65bd7b68814f639ef2223c22778,
trainval_0235,TN3K,nodule,trainval,0235.jpg,0235.jpg,341,369,1,7585,0.06028022157054415,0.07258621571588943,47.02091794563712,78.48731214584873,11a0840b2bd6f77a4a02b0040d4e44b9,
trainval_0236,TN3K,nodule,trainval,0236.jpg,0236.jpg,339,311,1,11857,0.11246431247569455,0.12127939219751452,61.853713728782786,99.56536626544879,696ea3428d1594def69a488584d4ab25,
trainval_0237,TN3K,nodule,trainval,0237.jpg,0237.jpg,340,320,1,6306,0.05795955882352941,0.06700569776711328,54.34675348006751,95.86174632352942,a93f383887219b6d784e2ed767ec2822,
trainval_0238,TN3K,nodule,trainval,0238.jpg,0238.jpg,389,318,1,19749,0.15964980356016878,0.07543042859815062,81.46767027134125,52.89256438861134,b83daebcb277a6fbd9e0b273b34d24ca,
trainval_0239,TN3K,nodule,trainval,0239.jpg,0239.jpg,312,336,1,38050,0.3629616910866911,0.08226224357287065,70.50378284123303,92.16741071428571,361b9347e1e438108b1d157e8426aa86,
trainval_0240,TN3K,nodule,trainval,0240.jpg,0240.jpg,237,331,1,33172,0.42285874539498003,0.17013841597192533,49.51881133725735,60.30284140884929,69208882f76c5067c9f7966f7825f881,
trainval_0241,TN3K,nodule,trainval,0241.jpg,0241.jpg,239,327,1,42825,0.5479636098422326,0.22133829029652358,56.35531337676254,70.07526262587488,d0079be90ee7d29e78adc09fc7119bef,
trainval_0242,TN3K,nodule,trainval,0242.jpg,0242.jpg,235,327,1,2874,0.03739996096037478,0.08808604636336506,89.93768525154343,91.16568416943197,1043ef22c319ea464c7fb48e172eff92,
trainval_0243,TN3K,nodule,trainval,0243.jpg,0243.jpg,349,373,2,6287,0.048295781896955686,0.08294567922508214,82.12710570416458,108.38184932822234,e16ce27487e9a0ad1292240522054060,
trainval_0244,TN3K,nodule,trainval,0244.jpg,0244.jpg,349,369,1,22747,0.17663319899674643,0.2813027652767521,95.54664314284823,110.5102460766728,32a730b7919c7486aa07b5fdd6689709,
trainval_0245,TN3K,nodule,trainval,0245.jpg,0245.jpg,350,375,1,23722,0.18073904761904763,0.22729919993544098,104.4011250746569,102.39509333333334,5b1f8003cb0e4f03d424149b191b6e02,
trainval_0246,TN3K,nodule,trainval,0246.jpg,0246.jpg,369,324,1,6430,0.05378232794673626,0.08584124910533533,78.68895305675788,60.520124460503865,4b8d84abe27a4f8c54c33907dab2287c,
trainval_0247,TN3K,nodule,trainval,0247.jpg,0247.jpg,341,370,1,11014,0.08729491955298407,0.094544530553324,30.118554957806978,60.344004121423474,8145e14abac6f89242900cdaaf917ab1,
trainval_0248,TN3K,nodule,trainval,0248.jpg,0248.jpg,343,372,1,73793,0.5783331765886078,0.2178788223609579,72.53949528537487,77.96230289350764,33c8ac4a7944aa3b240833239ec40719,
trainval_0249,TN3K,nodule,trainval,0249.jpg,0249.jpg,470,334,1,5553,0.03537393298509364,0.06958182617995874,99.09191739056355,47.5827812460186,f38eb9cfb791e2ca01ceb4a627e84e9c,
trainval_0250,TN3K,nodule,trainval,0250.jpg,0250.jpg,298,356,1,16323,0.1538628308574014,0.015991797535081016,58.587076198148495,138.72182527712843,34cbc80858293fa558eb75b9f2a0a1e6,
trainval_0251,TN3K,nodule,trainval,0251.jpg,0251.jpg,287,354,1,26372,0.2595720388196618,0.22734752181581028,85.93577021745176,107.79826374534932,d370231182fab090244c85dbd3f4cd01,
trainval_0252,TN3K,nodule,trainval,0252.jpg,0252.jpg,311,348,1,40218,0.3716043907306797,0.0799430634817661,64.65353948872759,67.95904941419965,9878678ded4d12d217484b94b964a259,
trainval_0253,TN3K,nodule,trainval,0253.jpg,0253.jpg,315,383,1,62933,0.5216378631522235,0.12946148810144562,52.12979725886526,108.97645157279622,98b6f30573483d148465b05d1fbeb10d,
trainval_0254,TN3K,nodule,trainval,0254.jpg,0254.jpg,270,235,1,31339,0.4939164696611505,0.1532799162757659,66.40819439346069,25.31651694247439,76982a8dcd99d6102d47e359be5aee68,
trainval_0255,TN3K,nodule,trainval,0255.jpg,0255.jpg,425,391,1,42228,0.2541176470588235,0.1022247582641766,50.86348112071445,44.129833007371744,479db9010d9507e00cc3525198f620af,
trainval_0256,TN3K,nodule,trainval,0256.jpg,0256.jpg,296,361,1,25171,0.23556000598936888,0.17648394627225467,65.84684273874575,71.20784045818672,7ff41b57a57a254b181abd1b4a6c294c,
trainval_0257,TN3K,nodule,trainval,0257.jpg,0257.jpg,298,348,1,41094,0.39626243925017357,0.05234689966757962,64.06478854067396,64.16283846331868,5f8f60cc4a76d12c67ca83e651dc4e4c,
trainval_0258,TN3K,nodule,trainval,0258.jpg,0258.jpg,317,340,1,30599,0.28390239376507703,0.18047911836300584,75.0228457668759,37.798803117461496,9b3b11d7bde25393f931db784e3ae2e0,
trainval_0259,TN3K,nodule,trainval,0259.jpg,0259.jpg,375,351,1,15085,0.11460588793922127,0.1872219470364474,57.579411614615395,102.53253561253561,4fc3fa8c899564430dae407f9d0e5a3b,
trainval_0260,TN3K,nodule,trainval,0260.jpg,0260.jpg,394,400,1,8212,0.052106598984771574,0.05964194694684702,86.51304621511436,51.63083121827411,e18681c8f608ab7e43599fd98b7601fa,
trainval_0261,TN3K,nodule,trainval,0261.jpg,0261.jpg,389,398,1,10344,0.06681221015101213,0.06358350784003747,105.03107424759213,69.42546278952604,367d213162876bb19facb9908062f97c,
trainval_0262,TN3K,nodule,trainval,0262.jpg,0262.jpg,424,388,1,77882,0.47341227387667767,0.21724612286948689,61.56585531731609,61.80981934448551,972c5fa705dd2d0bd2644d9f3cd81e7b,
trainval_0263,TN3K,nodule,trainval,0263.jpg,0263.jpg,423,388,1,53517,0.32607662499086054,0.06401702128818952,50.21979502548739,60.45810484755429,28cda9689518613919ec8cc5adf03979,
trainval_0264,TN3K,nodule,trainval,0264.jpg,0264.jpg,411,321,1,11607,0.08797780658071265,0.19532293739413575,61.863449177014765,59.15826454737704,e94275d9be0855a6b8d96d7d73511b85,
trainval_0265,TN3K,nodule,trainval,0265.jpg,0265.jpg,313,364,1,52016,0.45655303163290384,0.12907535163026515,55.54048031168772,67.63021802478671,da67aa5fb29cec6c39d9d7b2524c79f6,
trainval_0266,TN3K,nodule,trainval,0266.jpg,0266.jpg,314,382,1,61182,0.5100710307800047,0.18544130957392685,59.79986676735494,58.19099109614166,267bb84fb704b73e6242f75a8fb7d7d3,
trainval_0267,TN3K,nodule,trainval,0267.jpg,0267.jpg,425,327,1,359,0.0025831984169814716,0.01271946198809065,114.21212783229326,38.28698686814175,021083f1fc4dc8b3fd9594d29d807ee0,
trainval_0268,TN3K,nodule,trainval,0268.jpg,0268.jpg,333,221,1,10245,0.1392116097998451,0.0022259614193253425,82.92851221761401,34.88815512344924,269af970415dd55b2ac65def66d5f2c8,
trainval_0269,TN3K,nodule,trainval,0269.jpg,0269.jpg,310,302,1,16047,0.17140568254646443,0.047325173995553776,68.40766927480897,76.64894253364666,0d29a0476296830c7b9f221653094400,
trainval_0270,TN3K,nodule,trainval,0270.jpg,0270.jpg,272,309,1,24451,0.2909170949933371,0.25440911079764206,87.5244655643836,81.64197839329907,15763d9406fd9f928514227d481cd9ef,
trainval_0271,TN3K,nodule,trainval,0271.jpg,0271.jpg,271,320,1,27121,0.3127421586715867,0.2217321480713627,75.22470970349192,77.1330258302583,808691c5cef2a4212c55618d20908f96,
trainval_0272,TN3K,nodule,trainval,0272.jpg,0272.jpg,270,305,1,3194,0.038785670916818456,0.013247356323608928,112.91259667606867,66.05044323011536,45f4ba5f9e0db7c4ac9c9c329267d13c,
trainval_0273,TN3K,nodule,trainval,0273.jpg,0273.jpg,303,363,1,14236,0.12943112493067488,0.33073017036515656,94.25842288336176,165.60035094418532,ec2e02202796d9a29c2f5764bb2a559e,
trainval_0274,TN3K,nodule,trainval,0274.jpg,0274.jpg,300,310,1,20457,0.21996774193548388,0.2771808156213392,115.56784505498679,140.42382795698924,e1496672e8efc364a048fe3f2481b5e0,
trainval_0275,TN3K,nodule,trainval,0275.jpg,0275.jpg,447,381,1,40888,0.24008408344930038,0.14356398033328988,52.49952335209334,57.16018719136618,e7d61403aefd20dafa74767f7bfc2bef,
trainval_0276,TN3K,nodule,trainval,0276.jpg,0276.jpg,442,382,1,65907,0.39034256473431095,0.12356528359286352,57.02366167199158,56.44175096538817,bb58c7e44f98c510786b5822f471790a,
trainval_0277,TN3K,nodule,trainval,0277.jpg,0277.jpg,313,402,1,38998,0.3099359432867611,0.16912043512179295,42.90062878641582,112.51187353965,49b00d19ca37365b2fa5fb53325a6078,
trainval_0278,TN3K,nodule,trainval,0278.jpg,0278.jpg,313,400,1,42208,0.33712460063897765,0.22087465402933287,46.143770087856595,102.79374600638978,2fe0e497368584f60f2f880e1dd18680,
trainval_0279,TN3K,nodule,trainval,0279.jpg,0279.jpg,361,368,1,19017,0.14314856076117066,0.05408938127134914,95.64463493215949,49.03230759966277,dab4fd982ac4a05421ed40808036f60c,
trainval_0280,TN3K,nodule,trainval,0280.jpg,0280.jpg,267,372,1,49279,0.49614393298699205,0.05744086874410686,73.13980363057334,49.66503564093271,474ea44f54dd8622bf800e69997bca3b,
trainval_0281,TN3K,nodule,trainval,0281.jpg,0281.jpg,395,389,1,42856,0.27891054635384466,0.13752458877008011,74.50620225505622,109.95124141746119,3e7312311bc00a71d16bc9eee0597878,
trainval_0282,TN3K,nodule,trainval,0282.jpg,0282.jpg,394,401,1,28130,0.1780447358760459,0.21944929869808377,92.42971340745194,110.17767763332785,3bc1544845c9ff6778662ba064de8ced,
trainval_0283,TN3K,nodule,trainval,0283.jpg,0283.jpg,300,336,1,7177,0.07120039682539682,0.23479218590764325,72.45985254093485,68.72124007936507,65e44e04e5597916f57fcf5916780bb2,
trainval_0284,TN3K,nodule,trainval,0284.jpg,0284.jpg,301,357,1,6987,0.06502135738016136,0.013148443072321535,51.01601126349535,70.30180444270732,a3ac8bc8c2c74b5d6187f103190af079,
trainval_0285,TN3K,nodule,trainval,0285.jpg,0285.jpg,300,352,1,9276,0.0878409090909091,0.11863747940290476,76.26903609109168,74.95410037878789,32bb26a139a97b5a05067984c3ae285a,
trainval_0286,TN3K,nodule,trainval,0286.jpg,0286.jpg,287,320,2,14727,0.16035496515679443,0.045811020698215486,89.88493559667866,79.3011650696864,7810c8d0d0a80fb367faa0229951dace,
trainval_0287,TN3K,nodule,trainval,0287.jpg,0287.jpg,273,317,1,2053,0.023722859685004795,0.0641837834296503,90.63021916399363,77.06708958759432,0b64bb3bbd282074df4fd32781d7fad9,
trainval_0288,TN3K,nodule,trainval,0288.jpg,0288.jpg,288,318,1,5774,0.06304594689028652,0.07424879133325181,76.08190334710972,68.05763015373864,8447ae4bfc4f87970649ed926c92a948,
trainval_0289,TN3K,nodule,trainval,0289.jpg,0289.jpg,302,252,1,10215,0.13422421948912014,0.09483218254285154,48.4766710593557,36.07023283927258,4b0f7a1a150f4219f2b58477b2fbf9a9,
trainval_0290,TN3K,nodule,trainval,0290.jpg,0290.jpg,312,404,1,6179,0.04902100787001777,0.12008898431943837,87.6263718203822,41.450225310992636,7dfb5f941dfe5f16c96c1cf0d2ec2f16,
trainval_0291,TN3K,nodule,trainval,0291.jpg,0291.jpg,228,213,1,7343,0.15120253685857837,0.04816691178819447,53.323175172136864,57.99526398155012,34b739be7a1afc06dfe0a8844e45a920,
trainval_0292,TN3K,nodule,trainval,0292.jpg,0292.jpg,391,398,1,6998,0.04496909097919264,0.08270297096081226,70.22397840812152,109.99392743770001,3ac38ff94e54967a746d79f3192085f3,
trainval_0293,TN3K,nodule,trainval,0293.jpg,0293.jpg,391,399,1,8674,0.055599356447384445,0.08926124860743927,86.70271900772907,102.52172631066156,f2f8476ab46e2948c7b43efc0f361344,
trainval_0294,TN3K,nodule,trainval,0294.jpg,0294.jpg,371,378,1,20102,0.14334203282990346,0.050937646152352675,78.02596260002247,44.85285015473695,a84148f8c57fdef2f714ad0668c3bfc8,
trainval_0295,TN3K,nodule,trainval,0295.jpg,0295.jpg,369,379,1,14505,0.10371752794045092,0.012197436023702816,72.20845426221311,53.56792586395521,4f83f7196a775dd03c667218552876f8,
trainval_0296,TN3K,nodule,trainval,0296.jpg,0296.jpg,370,380,1,2483,0.017660028449502135,0.037982099506629625,72.56484174232531,53.78802987197724,95a47696e466043fe0fcba7e9d21efc8,
trainval_0297,TN3K,nodule,trainval,0297.jpg,0297.jpg,371,382,1,7632,0.05385190725504862,0.12221667701771506,105.69212186196917,54.67421430688249,29ca31c3accd247f24b895badb8b4d7e,
trainval_0298,TN3K,nodule,trainval,0298.jpg,0298.jpg,362,306,1,1298,0.011717762611490268,0.1032182523931415,84.43434599456732,53.06628028743726,a7411ff0bb46c18113f8b86067d0b6ac,
trainval_0299,TN3K,nodule,trainval,0299.jpg,0299.jpg,268,383,1,12607,0.12282257121702193,0.23085732469672574,62.9256035809889,68.43611901328865,e6814aebffd3f00849a7bf4c02fd7a07,
trainval_0300,TN3K,nodule,trainval,0300.jpg,0300.jpg,273,385,1,55887,0.5317254174397031,0.007750202927192116,48.97260199225593,72.2811949954807,ce24bddd43b8e5919fdaad81e2ba465c,
trainval_0301,TN3K,nodule,trainval,0301.jpg,0301.jpg,331,382,1,1200,0.00949051739137312,0.08160339788089147,138.66438797667107,80.27547808481359,5d09b7a93de38ef0a8f74cb93d328f01,
trainval_0302,TN3K,nodule,trainval,0302.jpg,0302.jpg,310,358,1,19048,0.17163452874391782,0.04791680991327022,97.51156917645984,64.76967922148135,45677570781d2a1fb7d2427f37468fa8,
trainval_0303,TN3K,nodule,trainval,0303.jpg,0303.jpg,392,378,1,25326,0.17091836734693877,0.026143767522587697,61.56953643171927,66.59724921714718,5a3f6a0281da530b105fb48b6ca89143,
trainval_0304,TN3K,nodule,trainval,0304.jpg,0304.jpg,228,316,1,2421,0.03360259826782145,0.13487981863722268,94.37448757940682,63.76873750832778,8f8323c30de36c3579791f8b5ced81ca,
trainval_0305,TN3K,nodule,trainval,0305.jpg,0305.jpg,312,295,1,8653,0.0940134724033029,0.006362854524107153,80.93351055222443,68.10962624945675,f667558201e000884bfb8f047ff9cb42,
trainval_0306,TN3K,nodule,trainval,0306.jpg,0306.jpg,366,272,1,23242,0.23346592735454838,0.03640708490010157,79.90723254946198,51.967102619736416,4e7f9ea886359f1cfce901d2b2fc8252,
trainval_0307,TN3K,nodule,trainval,0307.jpg,0307.jpg,299,336,1,14871,0.1480231724796942,0.1665460141579808,58.84709581102599,67.99477424749163,7ba1f35e31116d7acd56c234b95a8ed8,
trainval_0308,TN3K,nodule,trainval,0308.jpg,0308.jpg,299,339,1,28090,0.27712828405402473,0.10245308013075351,60.01705981974341,70.65129586330048,570caf08084e854a25c4105c4ba90bf1,
trainval_0309,TN3K,nodule,trainval,0309.jpg,0309.jpg,314,280,1,8480,0.09645131938125569,0.11170324419075806,82.0915979502206,24.114024112829846,93e636552f154389434977a7010654ef,
trainval_0310,TN3K,nodule,trainval,0310.jpg,0310.jpg,318,296,1,7139,0.07584353221145675,0.15068887746140078,114.94273259425434,23.45647416284209,9f7008024ad11c2707a8a6c5559e0e51,
trainval_0311,TN3K,nodule,trainval,0311.jpg,0311.jpg,301,366,1,8944,0.08118657298985169,0.29274677189742276,103.63539896844594,109.65915073616179,e8789378d0bdbdaa54b208f5e14bc751,
trainval_0312,TN3K,nodule,trainval,0312.jpg,0312.jpg,304,302,1,10768,0.11728825374695016,0.30363030278391145,112.31760957259196,103.5831953642384,0c8328fcb3e9a9ee5b9203423a216134,
trainval_0313,TN3K,nodule,trainval,0313.jpg,0313.jpg,248,350,1,1422,0.016382488479262672,0.08864656094505315,59.4356079700844,49.84740783410138,5755917cbfa5eee0351005e40a63c333,
trainval_0314,TN3K,nodule,trainval,0314.jpg,0314.jpg,342,315,1,12924,0.11996658312447786,0.031091941806853055,94.46739196898795,30.590791794300568,71b9b8a60defdb19c52b941019fb96b7,
trainval_0315,TN3K,nodule,trainval,0315.jpg,0315.jpg,393,349,1,2187,0.015945230648089417,0.03631298821584151,95.59860328638828,29.523961591460882,d8976b21aa9c9057bb0e975674c5b458,
trainval_0316,TN3K,nodule,trainval,0316.jpg,0316.jpg,392,333,1,32920,0.25219096647668077,0.0977292734450423,129.40418188350702,67.1413633020776,32c49fa7a712d22baee53d64928734f5,
trainval_0317,TN3K,nodule,trainval,0317.jpg,0317.jpg,389,329,1,65002,0.507903516928294,0.01702417529586405,75.7639891145452,80.18787163719615,7bb73a843c44f89a89baa33c6f993919,
trainval_0318,TN3K,nodule,trainval,0318.jpg,0318.jpg,334,387,1,29726,0.22997416020671835,0.0669061061354996,86.63692021438558,62.64267588853301,13bdd947d0a6477fb12e96355b05b3bf,
trainval_0319,TN3K,nodule,trainval,0319.jpg,0319.jpg,273,288,1,2817,0.035828754578754576,0.08580973955051692,155.19825363024412,48.95276251526251,b753a97a439360f9f87592a8c846c72e,
trainval_0320,TN3K,nodule,trainval,0320.jpg,0320.jpg,270,277,2,1521,0.02033694344163658,0.07256829615129214,127.14083868817455,44.915830993448324,44e91c0654571f1d8b650d9d05bf503d,
trainval_0321,TN3K,nodule,trainval,0321.jpg,0321.jpg,270,263,1,8297,0.1168426982115195,0.08023038237725263,76.01223299030146,47.71778622729193,b9a1132908ab81093e67aaf909931a59,
trainval_0322,TN3K,nodule,trainval,0322.jpg,0322.jpg,485,333,1,5138,0.0318132565555246,0.08319627159184782,99.15848417320768,32.98084269836847,0a7a9e204302d2d57f84bfaa5c7f340c,
trainval_0323,TN3K,nodule,trainval,0323.jpg,0323.jpg,494,369,1,2858,0.015678658810879608,0.11318950591895352,101.3441934929839,45.437000098745926,9e335f99818980bbae24d6e17c9dd016,
trainval_0324,TN3K,nodule,trainval,0324.jpg,0324.jpg,330,337,1,2837,0.025510295836705332,0.2619112754197138,83.57518584225954,66.28263645355634,0f53159894b6e3b9d199c373ff57d7d1,
trainval_0325,TN3K,nodule,trainval,0325.jpg,0325.jpg,330,328,1,6217,0.057437176644493715,0.1329561259922982,82.01377293976954,82.27742054693275,d16861f6949d2b353eb22cf5b96679d0,
trainval_0326,TN3K,nodule,trainval,0326.jpg,0326.jpg,328,332,1,54050,0.49634513664413754,0.02574005465316819,59.39799200079428,83.99334227152512,a2df26aea320028c71df64250d69d343,
trainval_0327,TN3K,nodule,trainval,0327.jpg,0327.jpg,328,336,1,35960,0.3262921022067364,0.0689394941620421,77.5953845401117,85.53654907084785,8c32688a060ca0254330e93a71f372e0,
trainval_0328,TN3K,nodule,trainval,0328.jpg,0328.jpg,322,307,1,18104,0.18313877030772654,0.05736915778242361,74.10755270810651,39.925071317296215,4eeba5e7d286df5bc6c30a8923e619b0,
trainval_0329,TN3K,nodule,trainval,0329.jpg,0329.jpg,325,278,1,4068,0.04502490315439956,0.20693920543301272,87.40637818745505,38.3346209186497,ac8602464c419004693e70c8ef3bb447,
trainval_0330,TN3K,nodule,trainval,0330.jpg,0330.jpg,261,240,1,1971,0.03146551724137931,0.3594081333148705,143.12247418042435,67.35965836526181,8de84829dc263f0659d3a56de0728427,
trainval_0331,TN3K,nodule,trainval,0331.jpg,0331.jpg,378,379,1,14341,0.10010330722731778,0.2211070369561007,83.91607275432294,50.345590596250226,d5685b65741c4ddceee1928a6b5b6984,
trainval_0332,TN3K,nodule,trainval,0332.jpg,0332.jpg,374,386,2,19480,0.13493668781690726,0.13187091263610168,58.409656236831054,47.1723906237012,318427183366b72d1ab684b785ca9162,
trainval_0333,TN3K,nodule,trainval,0333.jpg,0333.jpg,254,311,1,1349,0.017077246373142264,0.008805288503201744,74.15894551959003,90.88649770868673,f7b421f6ad96013e579cdb391fde1c90,
trainval_0334,TN3K,nodule,trainval,0334.jpg,0334.jpg,395,400,1,28113,0.17793037974683545,0.05576826476845635,57.329680598855546,58.843291139240506,3e7de4c59622120413a9c433b5a3f9aa,
trainval_0335,TN3K,nodule,trainval,0335.jpg,0335.jpg,392,386,1,4676,0.03090303478904515,0.1769517687314447,115.84380554109781,67.85469096965211,0b486c25b251cb54e6cd9046be4b7161,
trainval_0336,TN3K,nodule,trainval,0336.jpg,0336.jpg,409,338,1,3284,0.02375544335296075,0.00676534815011154,129.89837355803203,64.0448995240231,5126cc9e1a06426edd0e655415f90be5,
trainval_0337,TN3K,nodule,trainval,0337.jpg,0337.jpg,409,330,1,3295,0.02441283248129214,0.06869662278570605,52.31084337024919,58.754152774690674,ea2a356c5ad9e777fb0b6d9d6dd7972a,
trainval_0338,TN3K,nodule,trainval,0338.jpg,0338.jpg,393,398,1,12424,0.07943023003055992,0.07112514245557797,59.7283513475524,47.35416906415027,f22b0d11f44475f185dc028e5f9d9d42,
trainval_0339,TN3K,nodule,trainval,0339.jpg,0339.jpg,390,398,1,37088,0.23893828114933643,0.145903409312651,74.89870641885541,66.5989627625306,b0eed020ffa348cb977a089bc5df0db9,
trainval_0340,TN3K,nodule,trainval,0340.jpg,0340.jpg,328,348,1,1294,0.011336557331090553,0.1245498835269432,85.5572774175527,67.74145815811606,4f24e7e58039727d36652339e89ddef7,
trainval_0341,TN3K,nodule,trainval,0341.jpg,0341.jpg,330,362,1,23155,0.1938305709023941,0.19571576506560154,73.1173350033022,75.41608906747028,ea55dc78842c4b8366fe0a10cc8099ba,
trainval_0342,TN3K,nodule,trainval,0342.jpg,0342.jpg,287,312,1,18782,0.2097516304833378,0.10047481016828522,79.55641666774301,44.788930581613506,07b0deea904ffa6801f889ebfe758668,
trainval_0343,TN3K,nodule,trainval,0343.jpg,0343.jpg,289,300,1,45658,0.5266205305651672,0.035011736880678594,61.10995456724387,36.041199538638985,06cb4d3ce2bd1fc81d2021e2c746eb6b,
trainval_0344,TN3K,nodule,trainval,0344.jpg,0344.jpg,340,364,1,25258,0.2040885585003232,0.024390319857114245,46.96940646008477,82.74157239819004,55e75e441fc3511d563fbcdc7f7c50ae,
trainval_0345,TN3K,nodule,trainval,0345.jpg,0345.jpg,340,367,1,47307,0.37912325693220067,0.0006909947254094803,53.059492643106545,88.46346369610515,f3dd6c9969cecd8d35c51fd444e6c571,
trainval_0346,TN3K,nodule,trainval,0346.jpg,0346.jpg,319,330,1,20584,0.1955352902061366,0.1338696366360537,76.95493585853077,82.6086634368766,a26c07c34867961f9e630c617dd6a988,
trainval_0347,TN3K,nodule,trainval,0347.jpg,0347.jpg,318,324,1,17227,0.1672004814038357,0.07578286338238395,56.55043868647037,77.08614799285658,8c21868d0d13f74875dc18100083a35a,
trainval_0348,TN3K,nodule,trainval,0348.jpg,0348.jpg,318,324,1,50855,0.4935845174314776,0.2063421078153663,69.68685405935015,107.78345562543676,4f0f9018fce298388044261910e75b68,
trainval_0349,TN3K,nodule,trainval,0349.jpg,0349.jpg,376,356,1,37587,0.28080175711212046,0.23289774965127938,80.85252926362827,90.01969280420751,51f08315f6ca9407a4adc3cb952c6039,
trainval_0350,TN3K,nodule,trainval,0350.jpg,0350.jpg,376,362,1,50216,0.36893146820265665,0.19919661054998297,90.29936140976818,120.72544669096038,e553359dfd37237d20f4b695b2255127,
trainval_0351,TN3K,nodule,trainval,0351.jpg,0351.jpg,314,340,1,8669,0.08120082427875609,0.10055225965830608,70.75538869302572,69.84201011614837,db28fdaa7bdbd4fac8a66d08b1ef0dfb,
trainval_0352,TN3K,nodule,trainval,0352.jpg,0352.jpg,315,340,1,12389,0.11567693744164333,0.25862832886031845,95.41991640097636,66.49550887021475,4472115210639ca65edbd1f57585659e,
trainval_0353,TN3K,nodule,trainval,0353.jpg,0353.jpg,392,321,1,3324,0.026416173946214,0.06905770018485624,62.24772040461802,63.11591646004196,b8d931f48b43a7e062ffac0e07b66e73,
trainval_0354,TN3K,nodule,trainval,0354.jpg,0354.jpg,291,298,1,10846,0.1250720726954035,0.019556393705063305,113.35404872395573,84.05998754583824,dd9d6ee238099440cab51a10c15536ce,
trainval_0355,TN3K,nodule,trainval,0355.jpg,0355.jpg,341,346,1,5854,0.049616056142254165,0.05664161870717471,58.37077804522198,89.86672995101114,4fe6dd38a5087b02c74c259a13a33e32,
trainval_0356,TN3K,nodule,trainval,0356.jpg,0356.jpg,339,370,1,14202,0.11322650083712031,0.08019899303133723,63.10215179562463,84.77479071992346,c0cfdcf7c3fb79ae7ae98d1d915e8016,
trainval_0357,TN3K,nodule,trainval,0357.jpg,0357.jpg,341,370,1,32957,0.26121106443687087,0.12250904393160006,58.95746250245991,86.20661012919078,98744ba5650b017ca81720939bf7a3b7,
trainval_0358,TN3K,nodule,trainval,0358.jpg,0358.jpg,340,366,1,27998,0.22499196399871424,0.022112824645436305,53.09108750648476,81.97103021536483,b22eec3a6d24f058fc30285a2b469aa0,
trainval_0359,TN3K,nodule,trainval,0359.jpg,0359.jpg,288,318,1,37797,0.4127030922431866,0.22158459403036487,100.70916122066896,48.9771357442348,dc4847908cdf594d23704cd2072aa1ec,
trainval_0360,TN3K,nodule,trainval,0360.jpg,0360.jpg,275,316,1,37047,0.4263176064441887,0.1791255548237538,82.73933305102577,42.68527042577676,f5ae506b2bc96f02dde0b02e18def030,
trainval_0361,TN3K,nodule,trainval,0361.jpg,0361.jpg,313,382,1,9950,0.08321763712092066,0.24299085391065978,90.56425720939338,63.35166351638426,b10716f55932fb7030f4f1877fffe643,
trainval_0362,TN3K,nodule,trainval,0362.jpg,0362.jpg,312,346,1,15859,0.14690788498591967,0.17242194054390808,70.8961189318024,64.78865606936417,1e962ab6982a49f775a28512a244e84b,
trainval_0363,TN3K,nodule,trainval,0363.jpg,0363.jpg,370,327,1,2680,0.022150590957930406,0.09830353915051535,72.6873443704897,93.44545830233903,826657e9b8d6a1ff63fe063e19ad912d,
trainval_0364,TN3K,nodule,trainval,0364.jpg,0364.jpg,367,327,1,32916,0.27427942904282177,0.11877262181841315,67.04620619301386,98.07625261438726,765c4177dbdf4d35ddb4d967d808191f,
trainval_0365,TN3K,nodule,trainval,0365.jpg,0365.jpg,273,257,1,21947,0.3128091104744801,0.27320829727496476,71.98558259473982,108.14039138552758,d02e4f2facd76f72f6c0f01c96292507,
trainval_0366,TN3K,nodule,trainval,0366.jpg,0366.jpg,272,238,1,5933,0.09164915966386554,0.08449434357353189,66.38535836722149,109.30693895205141,7b989e36ee3b2092ec37f11370e5d6d8,
trainval_0367,TN3K,nodule,trainval,0367.jpg,0367.jpg,287,237,1,32890,0.48354136344256754,0.11758484534314852,55.2955407326032,27.20498684191182,8a545845568840ef90610491fb49ae3e,
trainval_0368,TN3K,nodule,trainval,0368.jpg,0368.jpg,287,308,1,23501,0.26586044617403504,0.1176437341695669,89.11626830894758,22.016674962667995,6db0b311a8e164051671fc4535335eb2,
trainval_0369,TN3K,nodule,trainval,0369.jpg,0369.jpg,290,320,1,21522,0.23191810344827588,0.23650037361842904,96.58813799759973,75.84364224137931,1f3066f3bf73daba11853501a85d4e17,
trainval_0370,TN3K,nodule,trainval,0370.jpg,0370.jpg,393,392,1,3186,0.020680791400529676,0.054628442714185474,73.52272872253668,102.45543179103703,9b472db8b491c3b06121a2bab8902f2f,
trainval_0371,TN3K,nodule,trainval,0371.jpg,0371.jpg,361,283,1,3446,0.03373041120562239,0.1543559465611268,71.99038852201222,56.721298317394755,e6b1de722992f7856ca0d5d9e2e442f8,
trainval_0372,TN3K,nodule,trainval,0372.jpg,0372.jpg,361,268,1,4999,0.05167031876627941,0.13868114540813783,60.57317006484302,59.85395046926035,a79e66d4600ddec8c52a4bb12289e12d,
trainval_0373,TN3K,nodule,trainval,0373.jpg,0373.jpg,280,314,1,19091,0.2171405823475887,0.02467771500269232,103.25353591525985,78.90658553230209,b2323f2f278075b178d4413323f3cac2,
trainval_0374,TN3K,nodule,trainval,0374.jpg,0374.jpg,292,278,1,9411,0.11593328077264216,0.20186504794327947,112.01408145256995,60.23947964915739,c75d6b8916bb626971ab50af4f6d21f2,
trainval_0375,TN3K,nodule,trainval,0375.jpg,0375.jpg,276,277,1,7703,0.10075602992727463,0.22302930900540174,141.87485277871738,57.886713231831735,7319cc0fe7549fba6c26129e63212d6a,
trainval_0376,TN3K,nodule,trainval,0376.jpg,0376.jpg,341,380,1,7142,0.05511653032875444,0.046496118142540836,85.78460828898831,79.81818953542214,e28173879bf5d5dafdf1039f4facb7ab,
trainval_0377,TN3K,nodule,trainval,0377.jpg,0377.jpg,339,375,1,25390,0.19972468043264505,0.23784305450702048,96.9027391831947,53.87714454277286,b250c49d38c1799838bfc68778965699,
trainval_0378,TN3K,nodule,trainval,0378.jpg,0378.jpg,391,397,1,1640,0.010565172296056743,0.20214017689627442,124.77843951776572,63.65509221978135,cca51a35280e4e222125055f7d31c96a,
trainval_0379,TN3K,nodule,trainval,0379.jpg,0379.jpg,317,269,1,3056,0.03583783847173197,0.01505978237961611,149.03109682348716,36.16304105637189,1ba6e1013403dc7d2fc5ff3de2b2cb13,
trainval_0380,TN3K,nodule,trainval,0380.jpg,0380.jpg,456,372,1,18604,0.10967270326353518,0.017030611262085823,54.898613517224064,94.56877829654782,b1e082a87e2b32e8e387cd151ad4c9eb,
trainval_0381,TN3K,nodule,trainval,0381.jpg,0381.jpg,466,325,2,12628,0.08338065368108287,0.08558497375499353,65.0390451295014,57.39133047210301,d557f23db2714df72856cb3d1a66b714,
trainval_0382,TN3K,nodule,trainval,0382.jpg,0382.jpg,477,384,1,7789,0.04252380328441649,0.07957779066035055,64.47885121402909,50.888932564640115,8adba2c9ae122ef0c70b4e89a990e4da,
trainval_0383,TN3K,nodule,trainval,0383.jpg,0383.jpg,476,378,1,3912,0.02174203014539149,0.0857659860566695,86.40373020007056,51.91160353030101,ae5d9b53b90383be78fc05e0becf9c53,
trainval_0384,TN3K,nodule,trainval,0384.jpg,0384.jpg,395,323,1,1777,0.013927969588901516,0.06320737585923458,104.59844820932946,46.78265470078771,5bb9db4dd08fff741ad0662c8848be00,
trainval_0385,TN3K,nodule,trainval,0385.jpg,0385.jpg,390,326,1,5235,0.04117508258612553,0.14942591383852127,76.05090038204372,50.18632216454302,1cb88010928c1d5555910bb05c104fef,
trainval_0386,TN3K,nodule,trainval,0386.jpg,0386.jpg,388,321,1,3881,0.03116067700806115,0.03720037496694515,88.7909984919934,36.16280470180172,375fc0a6bcbce517d2e1f21a86a61871,
trainval_0387,TN3K,nodule,trainval,0387.jpg,0387.jpg,314,348,1,16457,0.1506058276594187,0.08722291168124198,81.33151895708188,107.9495753715499,9d5effd6f1558cf851b17bca526d9d50,
trainval_0388,TN3K,nodule,trainval,0388.jpg,0388.jpg,315,336,1,37546,0.3547430083144369,0.19629493807306359,53.95457315915744,75.42683295540438,e39c7bf2bb9c08c938e15dba50a9ccb6,
trainval_0389,TN3K,nodule,trainval,0389.jpg,0389.jpg,288,322,1,10876,0.1172791580400276,0.08345052352652918,96.34739025651493,116.9690734989648,c68fa8bfbee20bc11fa6a62193d7ea03,
trainval_0390,TN3K,nodule,trainval,0390.jpg,0390.jpg,331,248,1,6701,0.08163190722151838,0.10811162847469984,91.41070157853635,64.76045219764156,465799a0569ddab77e7ae60e5af6ed10,
trainval_0391,TN3K,nodule,trainval,0391.jpg,0391.jpg,345,369,2,4916,0.03861592239110797,0.010606286361208635,84.05463040685105,68.19950512548604,dae66f4e5a8428fff25074b533877ed3,
trainval_0392,TN3K,nodule,trainval,0392.jpg,0392.jpg,312,313,1,21520,0.2203653641353322,0.33650741125520633,108.87379370325074,107.00825346112886,508f2d0ff81381164c55fec3398a1df4,
trainval_0393,TN3K,nodule,trainval,0393.jpg,0393.jpg,311,326,1,18019,0.17772670782948335,0.27287514337274876,82.64807151887034,101.90401041563923,7725b2bfb48152cfd78717d16a1c3946,
trainval_0394,TN3K,nodule,trainval,0394.jpg,0394.jpg,398,336,1,4274,0.03196039722421632,0.01721875158840119,39.89219227769866,58.14533231634362,114038f55091ffe771db56eeacedea4f,
trainval_0395,TN3K,nodule,trainval,0395.jpg,0395.jpg,387,357,1,2821,0.02041850331864012,0.07062024021625395,63.67776105287444,84.26557806585167,f936780ebea640cb9674f548f1a2f334,
trainval_0396,TN3K,nodule,trainval,0396.jpg,0396.jpg,451,371,1,9909,0.059221496405113525,0.0964097847629309,53.7764683638349,72.98822622384519,82a3fd95292c38e840ee902ce95f144b,
trainval_0397,TN3K,nodule,trainval,0397.jpg,0397.jpg,301,255,1,13019,0.16961761448765553,0.06009669052299509,46.30245455604854,95.07065337763012,c754708ddaba9f73e4dde526fea4bdd5,
trainval_0398,TN3K,nodule,trainval,0398.jpg,0398.jpg,303,246,1,1796,0.024095092436072874,0.05309283458736983,59.77862398878077,86.35597950038907,38d7fad0ff260bba3658bfd19a2ae269,
trainval_0399,TN3K,nodule,trainval,0399.jpg,0399.jpg,311,336,1,42949,0.4110109477874751,0.1656954042253536,53.2787123658369,67.37816758536212,c9002b16ee690951305fed7818ca53ca,
trainval_0400,TN3K,nodule,trainval,0400.jpg,0400.jpg,311,340,1,1972,0.01864951768488746,0.10015564034944603,101.1995829077291,90.76141479099678,840e8a87dea584e307112311abda6194,
trainval_0401,TN3K,nodule,trainval,0401.jpg,0401.jpg,305,293,1,4334,0.04849773401219717,0.20959214768750944,139.74793830136912,36.629485816594865,b2a96a86ffcf17ae63a6800cc84508a6,
trainval_0402,TN3K,nodule,trainval,0402.jpg,0402.jpg,270,320,1,32380,0.3747685185185185,0.25744431839694953,78.8428346757299,47.71016203703704,d9549b32d5dcef4f0b9f563df50c532b,
trainval_0403,TN3K,nodule,trainval,0403.jpg,0403.jpg,272,235,1,3602,0.05635168961201502,0.1401852409033324,72.5229655091104,61.46065394242804,e0735da91de8b342122cad958d86dc5f,
trainval_0404,TN3K,nodule,trainval,0404.jpg,0404.jpg,310,298,1,2361,0.02555747997402035,0.04517586789057007,64.32784366539812,52.72715955834596,68514f15a894cabba087a83855a4d1a8,
trainval_0405,TN3K,nodule,trainval,0405.jpg,0405.jpg,314,298,1,5855,0.06257213696404908,0.09269483571480507,89.76178634322903,79.64686017184628,eb9da921fcda9c4886777c2695468dc5,
trainval_0406,TN3K,nodule,trainval,0406.jpg,0406.jpg,287,267,1,2107,0.027496117657805793,0.06622757232489497,97.58924087397439,100.14957783606728,483e3575db8b74717b18b2b87eeb770e,
trainval_0407,TN3K,nodule,trainval,0407.jpg,0407.jpg,290,266,1,7404,0.0959813326419497,0.14972594813356233,107.29908483894097,68.35957998444387,e7ff1f19501c47009e01d3de17de6ccc,
trainval_0408,TN3K,nodule,trainval,0408.jpg,0408.jpg,363,329,1,18449,0.15447930534971155,0.09820028420303267,68.87824143115778,60.57253384912959,9d4190421da4bc3e80c7446566fb98a3,
trainval_0409,TN3K,nodule,trainval,0409.jpg,0409.jpg,364,326,1,8575,0.07226285983954696,0.07468292251965719,48.134452647007286,62.24495213375582,c9dbeaeaf23ed59204f2c5a7c6f3deb8,
trainval_0410,TN3K,nodule,trainval,0410.jpg,0410.jpg,424,267,1,8571,0.07571019715921136,0.31592546406566,133.48670905480725,54.05368878524486,db6312a538fdb0962fbb229ef8117cc0,
trainval_0411,TN3K,nodule,trainval,0411.jpg,0411.jpg,307,287,1,18943,0.21499506293341203,0.02948504395215503,81.52618478859648,103.4839460214053,93483fb23493b89b8e299362fd415b0c,
trainval_0412,TN3K,nodule,trainval,0412.jpg,0412.jpg,282,249,1,19729,0.28096784300321853,0.013541851535308014,79.60397643607828,34.422441539206474,a5359be8c6531914a17d2a704212146f,
trainval_0413,TN3K,nodule,trainval,0413.jpg,0413.jpg,292,216,2,7176,0.11377473363774733,0.1313668477565143,99.07987443977083,43.672374429223744,918ed8c7c33a6e12db489506ad810e94,
trainval_0414,TN3K,nodule,trainval,0414.jpg,0414.jpg,292,310,1,5025,0.05551259390190013,0.22621793248638436,91.36081131006871,126.6108484312859,3e6e6046bd398a865c386b140cf0b7d4,
trainval_0415,TN3K,nodule,trainval,0415.jpg,0415.jpg,272,301,1,24870,0.30376685557944105,0.13535536920171257,93.38220920285642,102.34772571819425,f1249fed66c2600f7d963f612a04b8b9,
trainval_0416,TN3K,nodule,trainval,0416.jpg,0416.jpg,315,368,1,8127,0.07010869565217391,0.0638039763786381,84.59286252970516,62.883109040717734,a3b5adac4526f9f73a5f7226e508ee4c,
trainval_0417,TN3K,nodule,trainval,0417.jpg,0417.jpg,284,247,1,1073,0.015296230826253065,0.006771544497460116,62.83911797749242,47.244369048297884,ec2bbc840d4bdc765762bd9cbf0f6ffe,
trainval_0418,TN3K,nodule,trainval,0418.jpg,0418.jpg,376,301,1,8860,0.07828514879479748,0.19280046986345328,126.3735879290651,95.05603661553687,c8a3d72247d5c578c72d51b30686b843,
trainval_0419,TN3K,nodule,trainval,0419.jpg,0419.jpg,378,335,1,514,0.004059069730711522,0.0690535966332058,73.72429228497191,113.7964384427071,fc632d57ef9deb9ccfe7cb3558d03636,
trainval_0420,TN3K,nodule,trainval,0420.jpg,0420.jpg,344,368,1,32987,0.2605772876643074,0.03539202962513415,38.66013629520183,67.84540887259858,74d7fe270345671545ef41c3c7ca737c,
trainval_0421,TN3K,nodule,trainval,0421.jpg,0421.jpg,334,363,1,32325,0.26661552927203447,0.036187347639831585,54.82365193094991,72.53869121261609,d5725eb89209572ecaf9e3e9906ba379,
trainval_0422,TN3K,nodule,trainval,0422.jpg,0422.jpg,289,314,1,575,0.006336367443193088,0.28342575290985955,144.74273741063934,106.25998942102132,d3777a75a15e8e00cb32bc29a80e4c1b,
trainval_0423,TN3K,nodule,trainval,0423.jpg,0423.jpg,291,315,1,6238,0.06805214640266187,0.14500240602011882,89.1486736435591,94.20406916489391,df5beecead8ebcc79cb9118c4f7e7723,
trainval_0424,TN3K,nodule,trainval,0424.jpg,0424.jpg,307,246,1,2807,0.03716797754296761,0.05041971937399744,89.89409916776431,80.49770927676704,0541c5e08593c0e0d8cdac1f0f3f8c00,
trainval_0425,TN3K,nodule,trainval,0425.jpg,0425.jpg,411,336,1,3143,0.022759529602595297,0.13635048802491945,91.81697389304969,74.92438593442243,e57f9e70315e55e68a815f239cc739d8,
trainval_0426,TN3K,nodule,trainval,0426.jpg,0426.jpg,406,328,1,9264,0.0695662621650847,0.19698831657015134,94.88628147610544,65.33043974528415,3caf26a2c0657f154cd290d72dc0eb39,
trainval_0427,TN3K,nodule,trainval,0427.jpg,0427.jpg,304,359,1,9926,0.09095074036065093,0.18473387709573724,58.990681115619736,131.32385280750623,af14e7e2b60e019d951c7d56ba5122f0,
trainval_0428,TN3K,nodule,trainval,0428.jpg,0428.jpg,290,283,2,1488,0.018130863896673573,0.20921230251479092,148.53164439278467,63.4744730108444,049ca1dfda1327184b3b866ea883ba49,
trainval_0429,TN3K,nodule,trainval,0429.jpg,0429.jpg,289,319,1,29672,0.32185354318751286,0.24692609666216525,81.28660931418554,51.79486066969661,b6cc4d619b1789cc478061a733ce07da,
trainval_0430,TN3K,nodule,trainval,0430.jpg,0430.jpg,338,371,1,25875,0.2063430038756599,0.09888812359044648,51.61093367177815,124.05021611189972,6f6596d980590d300ac621a6bd238d36,
trainval_0431,TN3K,nodule,trainval,0431.jpg,0431.jpg,298,285,1,28993,0.341375250206052,0.1448168021742516,92.6708067380589,47.35197221241022,a6eb7efb39f8740adf4eeb0d9fd252b4,
trainval_0432,TN3K,nodule,trainval,0432.jpg,0432.jpg,287,280,1,26186,0.3258586361373818,0.03500878567429099,64.42730350699037,45.16641363862618,bf7b7fa3c086b7e9986f281fd3ea1025,
trainval_0433,TN3K,nodule,trainval,0433.jpg,0433.jpg,287,260,1,19746,0.26462074510855,0.047911571819384435,93.48867968208914,51.57057089252211,425c3f3323d22a6bec2e30c0c6775b36,
trainval_0434,TN3K,nodule,trainval,0434.jpg,0434.jpg,390,396,1,26155,0.16935379435379436,0.042501937115890134,54.054209642833015,75.72695545195545,ec3911d0a595d0e7d0be934eb429b4cf,
trainval_0435,TN3K,nodule,trainval,0435.jpg,0435.jpg,312,338,1,12715,0.12057161280534062,0.0018315256293166113,47.29664303189657,66.16519685935367,f15445592ce9483086c739066e82f5b1,
trainval_0436,TN3K,nodule,trainval,0436.jpg,0436.jpg,620,538,1,63640,0.19079026262141743,0.2081521053523738,59.61684320214316,74.20201163209018,7f803d58c396dce0e9960e6cf350ae94,
trainval_0437,TN3K,nodule,trainval,0437.jpg,0437.jpg,621,536,1,76396,0.22951666786838754,0.2898065442325536,72.34570909328258,75.84300117768645,de063875c46e623817922f866bfebf3e,
trainval_0438,TN3K,nodule,trainval,0438.jpg,0438.jpg,302,313,1,11491,0.12156443729767472,0.06423848353239432,88.82152225880198,105.92563950659078,e02dd7a04f6d6f446b304724d88f6398,
trainval_0439,TN3K,nodule,trainval,0439.jpg,0439.jpg,302,301,1,20198,0.2221953312358364,0.06058625863171379,52.54815020171788,122.80642890145431,ffdefdd9e6cf9d011f1998bdab294306,
trainval_0440,TN3K,nodule,trainval,0440.jpg,0440.jpg,338,264,1,2759,0.030919401111708805,0.07783186629320335,97.9576574988914,94.84052806168191,ef5ad03b2c1c2ffd0367dc6afa49574a,
trainval_0441,TN3K,nodule,trainval,0441.jpg,0441.jpg,336,296,1,7286,0.07325852638352638,0.08281375049384339,47.20943139170378,92.64691924066923,181244664e5c442e14578384c4bc1e20,
trainval_0442,TN3K,nodule,trainval,0442.jpg,0442.jpg,336,314,1,47713,0.45223877767667575,0.14160482596041976,45.30936928069316,101.38202343039127,aca703c5eb71d199323ce6283520d566,
trainval_0443,TN3K,nodule,trainval,0443.jpg,0443.jpg,269,253,1,29506,0.433548349177895,0.0820576242479161,76.30803700208892,70.60046725538886,0b5383e6c96a2278697dab2287e84797,
trainval_0444,TN3K,nodule,trainval,0444.jpg,0444.jpg,271,258,1,12714,0.18184158585771903,0.0020052534470294476,80.57628123169127,42.61822420549787,52dfa34e8896f04e0712c21b05a70325,
trainval_0445,TN3K,nodule,trainval,0445.jpg,0445.jpg,423,334,1,1456,0.01030562987500177,0.0715008974655494,175.38444950517982,42.37186619668464,b74f033567b23b0b4c26c0211fd03a04,
trainval_0446,TN3K,nodule,trainval,0446.jpg,0446.jpg,371,297,1,9295,0.08435659379055606,0.030112753008680604,51.480111014365455,42.706743989762856,f7dae2dae1b0a3271fd3f0c6a4ce7173,
trainval_0447,TN3K,nodule,trainval,0447.jpg,0447.jpg,372,368,1,16639,0.12154482234689107,0.05036948611952018,43.880458270867145,84.72965608929407,0cd478bfdbcf89efcae874d51bffd164,
trainval_0448,TN3K,nodule,trainval,0448.jpg,0448.jpg,267,266,1,25360,0.3570724564219538,0.04947370939454007,73.76458287420255,40.84935653741094,3a8fb8bae5fdf90088df75a52be378ca,
trainval_0449,TN3K,nodule,trainval,0449.jpg,0449.jpg,269,264,1,16413,0.2311169313957418,0.05308314062626067,48.90675127600767,33.431621043145206,ababbd9b5d25b4821c67428884041503,
trainval_0450,TN3K,nodule,trainval,0450.jpg,0450.jpg,424,342,1,615,0.00424114531612049,0.021022427941366266,251.45835256426278,31.047714608849166,dffb62c79c3a8f591d78c0cfdb36d4f9,
trainval_0451,TN3K,nodule,trainval,0451.jpg,0451.jpg,350,281,1,7230,0.07351296390442298,0.06086700612059891,129.6875453987772,31.050889679715304,664f90a4e80c0c2ee9c6da007026dfd4,
trainval_0452,TN3K,nodule,trainval,0452.jpg,0452.jpg,300,368,1,26035,0.23582427536231884,0.08453477094572967,57.08355088732321,103.31671195652174,292e09fc5b503b3e8072e24ff0e2474b,
trainval_0453,TN3K,nodule,trainval,0453.jpg,0453.jpg,321,282,1,4132,0.04564636221029142,0.21225342420859947,94.59023909052523,27.02665650339144,6a13b183173696c011b0063a7c9c37cc,
trainval_0454,TN3K,nodule,trainval,0454.jpg,0454.jpg,302,369,1,53459,0.47971966474631633,0.2975498153386665,80.346118982593,80.03757246181733,86bb143d9b23a14806e2f7579094495d,
trainval_0455,TN3K,nodule,trainval,0455.jpg,0455.jpg,300,276,1,392,0.004734299516908212,0.20185861229737798,143.10771616293823,95.22649758454106,6cfa4fdfc7b2bbbf9eb00e41580a9168,
trainval_0456,TN3K,nodule,trainval,0456.jpg,0456.jpg,269,338,1,3993,0.04391676381953762,0.03614443294056253,58.01541365288367,33.79277842546358,e4cf9c2cc2a54e700712dd51c349a19e,
trainval_0457,TN3K,nodule,trainval,0457.jpg,0457.jpg,270,374,1,30688,0.3039017627252921,0.2548557616904878,63.697110689487126,56.94441473559121,cea78496de2099c06fe2cbe041e323a3,
trainval_0458,TN3K,nodule,trainval,0458.jpg,0458.jpg,310,371,1,46091,0.40075645596035125,0.18668965631819462,69.48286297748103,64.54281366837667,f33886ae1ab36d3e22bf236e3e1add9e,
trainval_0459,TN3K,nodule,trainval,0459.jpg,0459.jpg,302,313,1,7186,0.07602141209825868,0.08020451130575525,74.30873565093948,135.92873918287032,aaef149a863f2a17635e99b81730642c,
trainval_0460,TN3K,nodule,trainval,0460.jpg,0460.jpg,367,268,1,6027,0.06127740046362194,0.04410961434276166,27.642731690679547,43.840924803774044,6a766f99d81e78d9ea792f88821bf827,
trainval_0461,TN3K,nodule,trainval,0461.jpg,0461.jpg,271,301,1,14767,0.181032474776575,0.286479937364726,127.48424130560348,95.84673474641723,5ac595a1a7e11eb6ffedb24b0c1b95c5,
trainval_0462,TN3K,nodule,trainval,0462.jpg,0462.jpg,338,360,1,26579,0.21843359631821171,0.1938921198091131,55.2100733174448,112.90611439842209,7f969badef83e6c00bafa2fde640ab80,
trainval_0463,TN3K,nodule,trainval,0463.jpg,0463.jpg,332,322,1,10196,0.09537528997979496,0.08076865864464233,60.487793681820705,80.73326535957494,e83ec2976f74e0ab39a38e38a2a5f550,
trainval_0464,TN3K,nodule,trainval,0464.jpg,0464.jpg,330,328,1,49140,0.4539911308203991,0.18882169594521542,71.55882309154714,70.18374907612713,b378a929a158bb48bd1e4b3eda040a00,
trainval_0465,TN3K,nodule,trainval,0465.jpg,0465.jpg,386,323,1,14661,0.11759091419496623,0.024859175517464086,112.2676261758531,49.51108455381062,60ce95b24da59cd56e4ddfe2a36ca736,
trainval_0466,TN3K,nodule,trainval,0466.jpg,0466.jpg,311,381,1,16436,0.1387109569503169,0.04198817817853122,44.698302915964916,49.72763332236204,a2934fec26fc1771dca01656f4a76e3f,
trainval_0467,TN3K,nodule,trainval,0467.jpg,0467.jpg,312,378,2,4925,0.04175993759327093,0.0523221022312211,59.4634481003068,72.74127492877493,66ba906257dcc0125fdc5c81a9856092,
trainval_0468,TN3K,nodule,trainval,0468.jpg,0468.jpg,311,383,1,1300,0.010914006027889483,0.12204028258054529,74.12437088404353,61.509365056710855,733722602f544969268101b723984ee3,
trainval_0469,TN3K,nodule,trainval,0469.jpg,0469.jpg,387,324,1,1350,0.010766580534022395,0.13672242230225423,118.85480873544395,70.43019268191533,c38ea011a3a07648be5d8f5b74472d71,
trainval_0470,TN3K,nodule,trainval,0470.jpg,0470.jpg,333,270,1,24320,0.2704927149371594,0.07958930261522004,65.90526633880947,42.93088644199755,93046833c209e07ec1a594187b61e8d5,
trainval_0471,TN3K,nodule,trainval,0471.jpg,0471.jpg,264,349,1,14813,0.1607732048276461,0.022406586781977385,23.83339324247362,58.81734609707389,61dc722c8f8ea9cfdf2c3e4dc1255ba6,
trainval_0472,TN3K,nodule,trainval,0472.jpg,0472.jpg,304,281,1,857,0.010032309421239933,0.22147140718079011,137.56132775184787,90.97178778797527,b213c525eb688b1dcc8fd32f03a5ef31,
trainval_0473,TN3K,nodule,trainval,0473.jpg,0473.jpg,361,334,1,48082,0.3987758554912336,0.006330979155027993,50.18816574965431,40.749937797535125,cc6484b232ed496e6be9333138cd8205,
trainval_0474,TN3K,nodule,trainval,0474.jpg,0474.jpg,333,296,1,369,0.003743608473338203,0.01944484363224776,52.13308824044933,45.87661309958607,5adedb767c498f66cd8579009de91f99,
trainval_0475,TN3K,nodule,trainval,0475.jpg,0475.jpg,291,264,1,10026,0.13050609184629802,0.04589968574933868,78.08859867693499,32.24245027595543,a88fe9fc3fcc4e39c4306dc62f667903,
trainval_0476,TN3K,nodule,trainval,0476.jpg,0476.jpg,289,252,1,1027,0.014101719119020157,0.07499373919701545,78.35799435651928,34.172008018893834,729da969297938be94043369c2929547,
trainval_0477,TN3K,nodule,trainval,0477.jpg,0477.jpg,288,326,1,7906,0.08420671438309475,0.25914243407242976,106.31787926873731,52.94860898091343,36d29274b5ecc62fefd096d16a1070ca,
trainval_0478,TN3K,nodule,trainval,0478.jpg,0478.jpg,361,324,1,10369,0.08865120891898362,0.01586783524637751,101.0816407496927,66.07046612632946,52f4eb7902335b2b7bf9f566afcce19f,
trainval_0479,TN3K,nodule,trainval,0479.jpg,0479.jpg,374,346,1,13941,0.10773237303329108,0.07282608392122562,76.86754497036317,104.60931655899354,545e9f6e7e683c0a5315b6bbc42ea950,
trainval_0480,TN3K,nodule,trainval,0480.jpg,0480.jpg,376,349,2,2458,0.018731329634822897,0.010633641491370206,55.481503945536325,95.58214198622203,4eacc3a41f9ffbf837412525e8853feb,
trainval_0481,TN3K,nodule,trainval,0481.jpg,0481.jpg,617,537,1,57559,0.17372158790809136,0.01837727639004936,69.7504200137651,83.19925813919096,4bcf9c2dd9e4b82cd768dde579a3cfff,
trainval_0482,TN3K,nodule,trainval,0482.jpg,0482.jpg,184,293,1,11921,0.2211196023148835,0.025006710846405517,58.96296806461455,36.17853168125835,a2d4654e373e55053442884493cb3dd5,
trainval_0483,TN3K,nodule,trainval,0483.jpg,0483.jpg,187,316,1,762,0.012895146551140595,0.052401975441826294,145.00055834611948,40.77523184187369,3957dfba318ae2c8cf1017cffdfb3e6e,
trainval_0484,TN3K,nodule,trainval,0484.jpg,0484.jpg,272,218,1,24539,0.4138390447922288,0.260798590678351,91.2922615234124,48.158830275229356,5a03977731c2f7c8f6d674665faaacdc,
trainval_0485,TN3K,nodule,trainval,0485.jpg,0485.jpg,313,384,1,53620,0.44611954206602766,0.3865337032008452,122.57400405713511,113.61199580670926,63ae584aef27a883d6f61b55424c8d63,
trainval_0486,TN3K,nodule,trainval,0486.jpg,0486.jpg,313,339,2,5013,0.04724476236252085,0.038525685960641785,84.61339133510563,73.13786083858746,77ac234f9dfcae249dfefd35754fa772,
trainval_0487,TN3K,nodule,trainval,0487.jpg,0487.jpg,277,313,1,3113,0.03590500686266594,0.00022960569948442272,120.26203980873005,113.81639196779737,748f9bf5924fa4d71b391695514a2e12,
trainval_0488,TN3K,nodule,trainval,0488.jpg,0488.jpg,475,315,1,23606,0.15776775271512114,0.025285936475219227,49.918543103305396,60.43526148705096,41c0145ce160548880ef084ab40b062b,
trainval_0489,TN3K,nodule,trainval,0489.jpg,0489.jpg,435,378,1,23455,0.14264428632244724,0.04928462778393289,63.033056720942504,62.991199902694156,f5fc2bcd678d35082a50274e5643831d,
trainval_0490,TN3K,nodule,trainval,0490.jpg,0490.jpg,340,365,1,42620,0.3434327155519742,0.23246035170193527,83.43461002969399,90.05388396454472,b222ae458a64aece0fe154900193d5a8,
trainval_0491,TN3K,nodule,trainval,0491.jpg,0491.jpg,340,368,1,15222,0.12165920716112531,0.20767548756823065,83.09634315133933,76.61480179028133,6c76e5f72473193dab98d6f25712f01d,
trainval_0492,TN3K,nodule,trainval,0492.jpg,0492.jpg,228,327,1,29919,0.401295670368582,0.0744653898782267,96.98173352873114,102.84929449004775,c36e034ddc2b96aba4d95b195ce91f49,
trainval_0493,TN3K,nodule,trainval,0493.jpg,0493.jpg,291,325,1,3546,0.037494052339413164,0.09244350217303655,116.55881612013296,63.184594237377745,20ce0977d1769aee164b514122e9aef6,
trainval_0494,TN3K,nodule,trainval,0494.jpg,0494.jpg,337,347,1,45732,0.3910756890344539,0.18139736820125485,69.32358539723644,70.4979262692515,a312aec3b0b3ed88acb7cc8c25e737a1,
trainval_0495,TN3K,nodule,trainval,0495.jpg,0495.jpg,342,347,1,17110,0.14417648347574027,0.13194487609030967,67.6340458462434,71.40457893051553,96f2308202a335605f4955d6405d15eb,
trainval_0496,TN3K,nodule,trainval,0496.jpg,0496.jpg,393,375,1,5678,0.0385275657336726,0.07359356229827749,83.62280075549903,52.03600339270568,5e7069c0bbaf4ce347b446588be587cc,
trainval_0497,TN3K,nodule,trainval,0497.jpg,0497.jpg,495,392,1,5241,0.027009894867037726,0.03831856182945447,99.7200378598042,57.291249226963515,af86e6d1c5912e7cd7b26c6689e139cb,
trainval_0498,TN3K,nodule,trainval,0498.jpg,0498.jpg,315,309,1,40445,0.4155237067858427,0.14196859293296932,85.9326242767788,138.29107720758205,36e4819fef71f1e704797787f4f2b212,
trainval_0499,TN3K,nodule,trainval,0499.jpg,0499.jpg,363,345,1,6562,0.05239749271369825,0.021118560601117414,83.6238472579177,59.4043997285104,508c55e3f5ea89d2a9e1febdad9a9651,
trainval_0500,TN3K,nodule,trainval,0500.jpg,0500.jpg,361,335,1,12888,0.10656964485053955,0.06411958519815451,96.41630965839852,72.91092735767148,578e4ad21f4ed51c70fb600b897f3bb6,
trainval_0501,TN3K,nodule,trainval,0501.jpg,0501.jpg,314,361,1,19231,0.16965435714663796,0.14551148899379865,80.48582546316942,85.15162235121831,f55aeb89273cc6130a19e6810b660bd6,
trainval_0502,TN3K,nodule,trainval,0502.jpg,0502.jpg,313,355,1,26311,0.23679071232506863,0.3854993425796959,112.1618287623065,88.2635917742879,278e97d5ffb3b783ec67e7551f97699f,
trainval_0503,TN3K,nodule,trainval,0503.jpg,0503.jpg,289,336,1,21567,0.22210207612456748,0.10177228205209554,70.03357938992472,82.54562118965234,4372907edfd0a600b28a99d4dcbbdd21,
trainval_0504,TN3K,nodule,trainval,0504.jpg,0504.jpg,291,320,1,4483,0.048142182130584195,0.0508861948884769,95.18048470443505,39.89095790378007,afe55752373e4ff896d275118eb82649,
trainval_0505,TN3K,nodule,trainval,0505.jpg,0505.jpg,313,324,1,26846,0.2647221236145624,0.21737731981256045,87.18039419673411,113.50998895594209,8982751fe7ab3bd9f0f27a596f4873a0,
trainval_0506,TN3K,nodule,trainval,0506.jpg,0506.jpg,322,328,1,46438,0.4396871686108165,0.03879144914056628,67.92032898481058,112.41110248447205,00df281cdb4797ca9404c9629bfaf6f3,
trainval_0507,TN3K,nodule,trainval,0507.jpg,0507.jpg,312,385,1,54317,0.45218947718947716,0.19345133693361447,74.26111800037945,96.0281968031968,3d078a3a0745149ac60818bd12b410aa,
trainval_0508,TN3K,nodule,trainval,0508.jpg,0508.jpg,334,365,1,46019,0.3774833893856123,0.04297081125282338,53.536528227444,49.65706668854072,1c46363c6271b8dfb375ff30c0e9a78d,
trainval_0509,TN3K,nodule,trainval,0509.jpg,0509.jpg,234,320,1,8962,0.11968482905982906,0.06990918607678465,93.32659697072683,64.75395299145299,f5cc4502fbdc9c193ceac69297476a01,
trainval_0510,TN3K,nodule,trainval,0510.jpg,0510.jpg,240,265,1,4798,0.07544025157232705,0.018706200202060343,115.27880561465982,34.761823899371066,bf87908e555a79bd67c401c6bdb0cc67,
trainval_0511,TN3K,nodule,trainval,0511.jpg,0511.jpg,264,322,1,786,0.00924618859401468,0.03655299732661975,53.62353831746796,25.292407773386035,c72b726e9659dd6839fb2442e4d4ab8c,
trainval_0512,TN3K,nodule,trainval,0512.jpg,0512.jpg,272,295,1,25265,0.3148678963110668,0.10599976803423393,52.795802129840354,41.72755483549352,646167da6d48ad2c30da50681c5a0c73,
trainval_0513,TN3K,nodule,trainval,0513.jpg,0513.jpg,267,313,1,20562,0.24604228739634562,0.09513299448885024,72.3477175269016,39.70348565890082,bd4a9b2745e2477eb943a0337c35e6c9,
trainval_0514,TN3K,nodule,trainval,0514.jpg,0514.jpg,300,298,1,8248,0.09225950782997763,0.07197131419681568,78.51826996729774,132.50459731543623,0caa0ace620f0f9e64e0df47fa0e74fd,
trainval_0515,TN3K,nodule,trainval,0515.jpg,0515.jpg,541,383,2,4056,0.01957500615338581,0.015739405558410094,34.05236136407789,67.97088845238727,cd7be8aac790d23096c2e992ac188a8b,
trainval_0516,TN3K,nodule,trainval,0516.jpg,0516.jpg,538,377,1,1350,0.006655951406624398,0.08339770417971107,59.951110486514466,81.08991943833631,532f9e5cabe372638958be9ae710b598,
trainval_0517,TN3K,nodule,trainval,0517.jpg,0517.jpg,539,394,1,4565,0.0214959080078732,0.08562411391960048,89.47865704245945,66.65324957855778,fa3fa8815e3d2568c2ce24dd839ada97,
trainval_0518,TN3K,nodule,trainval,0518.jpg,0518.jpg,536,391,1,4116,0.01963965339542696,0.09171894466567249,104.1250684689273,67.10315112417453,ccf5c49784f36dc2cfad3e26bb3d2b6f,
trainval_0519,TN3K,nodule,trainval,0519.jpg,0519.jpg,537,394,1,4450,0.021032432483528533,0.09896761401189691,97.71248500873821,70.41822873833763,cc5fd1edd8bc659fffbf9fe0f2f1bcd2,
trainval_0520,TN3K,nodule,trainval,0520.jpg,0520.jpg,540,391,1,2424,0.01148053424268258,0.08801620002712676,39.53152481329262,69.6657857345837,b1a23bbb57ac491fdf66b18e0e2e5ab9,
trainval_0521,TN3K,nodule,trainval,0521.jpg,0521.jpg,546,397,1,2594,0.011967042193742446,0.0844399995927438,37.99402060224317,68.40800970649838,abe0979ef2f5d8417dc191d47e0b5a56,
trainval_0522,TN3K,nodule,trainval,0522.jpg,0522.jpg,534,394,1,17065,0.08110895644403886,0.18104251313577233,64.11697681067474,74.69413867183786,9e56ce0d9060d26b5c52e3c8d79c922b,
trainval_0523,TN3K,nodule,trainval,0523.jpg,0523.jpg,539,389,1,17420,0.08308254360402727,0.17553354453998293,72.13712648447752,74.81428046797124,f8f5e8bd6a22bed4ffc83ab60048eef7,
trainval_0524,TN3K,nodule,trainval,0524.jpg,0524.jpg,539,391,1,14772,0.0700928592780986,0.08179031142015042,43.67373527348701,74.00161329353875,b08b84ad3b602ed9ea3fb47490783a8e,
trainval_0525,TN3K,nodule,trainval,0525.jpg,0525.jpg,536,394,1,11517,0.05453538146829305,0.04960151761095634,45.93007569713249,74.57291272066065,f0c4adaa52ddbd2e448c95d19522905b,
trainval_0526,TN3K,nodule,trainval,0526.jpg,0526.jpg,539,382,1,1524,0.007401723183323781,0.06402916809768526,65.88469290612649,75.36389862941844,af08f024caa217f5fba3caa51da1b916,
trainval_0527,TN3K,nodule,trainval,0527.jpg,0527.jpg,536,386,1,1518,0.007337019565385508,0.056594506413714434,57.81945149026955,75.02784974093264,1bd4ac3031baaeb5410e20cde0d968e7,
trainval_0528,TN3K,nodule,trainval,0528.jpg,0528.jpg,533,392,1,15317,0.07330953019106329,0.16977751141509795,56.57325577485846,74.49748248267412,9487a21bc8d8e126c02773a5367c9b43,
trainval_0529,TN3K,nodule,trainval,0529.jpg,0529.jpg,531,390,2,6376,0.030788546042783332,0.06380245033220651,40.88864574854579,57.510072915157664,4b0c028ae635b146f60cea957981c93b,
trainval_0530,TN3K,nodule,trainval,0530.jpg,0530.jpg,537,376,2,5678,0.028121161694203416,0.05687511190427168,53.38771940776924,58.38932307143706,52d1a3a80a0a726d495f62dc049b0007,
trainval_0531,TN3K,nodule,trainval,0531.jpg,0531.jpg,537,384,1,14992,0.07270328988206083,0.17896406315713953,109.63561842232923,80.94813974239602,e6bb6815feb93972916a37bb68a8ebef,
trainval_0532,TN3K,nodule,trainval,0532.jpg,0532.jpg,535,381,1,3803,0.018657247283341918,0.13034917175180571,91.35151067578171,75.91462212083303,5504afff2a7a9cb8565788ba598f7fc9,
trainval_0533,TN3K,nodule,trainval,0533.jpg,0533.jpg,533,384,2,4320,0.021106941838649154,0.15071731402782065,111.5262361458803,81.55491713570981,c0025057ece2376993e7b6712511f00a,
trainval_0534,TN3K,nodule,trainval,0534.jpg,0534.jpg,331,330,1,38165,0.34940034788977387,0.0557739534028726,49.81157263743785,96.30631694589398,f388e020c703538fb94266e1c655a058,
trainval_0535,TN3K,nodule,trainval,0535.jpg,0535.jpg,311,342,1,315,0.0029615840243696055,0.04829328222517075,173.7417348329473,47.959684849852394,013a9a38ca220f81aeba36a9463576ea,
trainval_0536,TN3K,nodule,trainval,0536.jpg,0536.jpg,311,346,1,12161,0.113014144192703,0.11170182748172759,82.78613664455021,145.51899522331468,eff0a8e55efb435092ec77bbec54d7c5,
trainval_0537,TN3K,nodule,trainval,0537.jpg,0537.jpg,311,340,1,708,0.0066956686211462075,0.18485995590094254,109.77479441106372,106.6081047853225,26b5ed5df4c0bd57b029982cba99d77f,
trainval_0538,TN3K,nodule,trainval,0538.jpg,0538.jpg,324,306,1,8219,0.08289962075365126,0.12762333098243803,101.15361483276953,46.363420882756394,46b9fb883e9f4dd711d5274c8b2824d7,
trainval_0539,TN3K,nodule,trainval,0539.jpg,0539.jpg,326,288,1,5292,0.056365030674846626,0.3104888568297173,162.50002493784982,41.018873551465575,ca65f1785f20d7ce4c9272f23d0435aa,
trainval_0540,TN3K,nodule,trainval,0540.jpg,0540.jpg,291,313,1,481,0.0052808976428093055,0.07220100514218161,154.92735665906477,50.796131001394336,7db69f8fe924f4371f6b929f7f8e3c42,
trainval_0541,TN3K,nodule,trainval,0541.jpg,0541.jpg,447,396,1,11535,0.0651650735543353,0.06749427640103779,96.98295385497967,91.37179965200099,59aaa5f8b1d411dc0ee9fc2e68ce5bda,
trainval_0542,TN3K,nodule,trainval,0542.jpg,0542.jpg,339,312,1,12860,0.12158686937447999,0.12114428556754929,64.96417235339253,94.9412109522729,7a2626608e951fdebae1f75c725cbeb8,
trainval_0543,TN3K,nodule,trainval,0543.jpg,0543.jpg,336,366,1,20315,0.1651948347645069,0.16328837885284073,54.11752806687028,81.70540593286495,d18f27d5154685ac295d036a8e993be3,
trainval_0544,TN3K,nodule,trainval,0544.jpg,0544.jpg,275,310,1,31129,0.36514956011730204,0.21179762609731873,74.63569123221792,82.21653958944282,7276701a3bc2915279c523d2cd58c7c7,
trainval_0545,TN3K,nodule,trainval,0545.jpg,0545.jpg,288,295,1,2315,0.027248116760828625,0.09655831421529686,132.73766206351385,99.96554849340866,5e06234521ed5664d01cb7f41bbeaca8,
trainval_0546,TN3K,nodule,trainval,0546.jpg,0546.jpg,454,391,1,19809,0.11159119844068636,0.03483826500913542,73.32567156176873,61.96191286321079,ce0fd489d23a914025608ed2e514f817,
trainval_0547,TN3K,nodule,trainval,0547.jpg,0547.jpg,445,392,1,1948,0.011167163494611328,0.20305793775415712,82.24958171793372,49.87023618436138,c54e6d20aeb01cc35ec0e8088f9a16fd,
trainval_0548,TN3K,nodule,trainval,0548.jpg,0548.jpg,485,373,1,45551,0.2517951410961554,0.16027626052342386,43.395118868540926,47.437395317984574,6ed9b59c428d9fc36236d48fa6177b58,
trainval_0549,TN3K,nodule,trainval,0549.jpg,0549.jpg,480,397,2,29771,0.1562290092359362,0.26472142594709946,84.4356563684785,78.38633501259446,7f5fa3029bb0badf69b23780834c5c94,
trainval_0550,TN3K,nodule,trainval,0550.jpg,0550.jpg,313,341,1,12305,0.11528768047370541,0.17306272350300633,76.81766307668698,56.85444051980175,4eb688381ec1e69970c9aeac51f3a756,
trainval_0551,TN3K,nodule,trainval,0551.jpg,0551.jpg,309,336,1,17254,0.16618508244721836,0.1693503809942167,69.99560377243093,62.07181383880413,d5f85a38f037bb83e54eed99064730bd,
trainval_0552,TN3K,nodule,trainval,0552.jpg,0552.jpg,483,374,1,4156,0.023006831190974412,0.040054117303594414,69.19912555154167,40.029411764705884,f0a580d9bf681c724ea4da768fa91b1a,
trainval_0553,TN3K,nodule,trainval,0553.jpg,0553.jpg,479,380,1,40009,0.21980551587737612,0.24794302913646085,69.79063381691891,59.3522524997253,c4b01714e5480db16d65d773e4f84e64,
trainval_0554,TN3K,nodule,trainval,0554.jpg,0554.jpg,482,373,1,28784,0.1601014539508082,0.2043500761761656,84.29212876100365,61.711868554837416,b054431f5f620a90fbe02ca8755cfb78,
trainval_0555,TN3K,nodule,trainval,0555.jpg,0555.jpg,353,245,1,5563,0.06432329305659941,0.19604108226069503,126.03706557591735,32.8692027519223,8607c11d66e9d2a16d3e6e5f5289eadc,
trainval_0556,TN3K,nodule,trainval,0556.jpg,0556.jpg,304,326,1,36146,0.3647279625443978,0.2310508083192332,63.502223644953744,72.16427187600904,51007ba277ae967fe90538adde5d9439,
trainval_0557,TN3K,nodule,trainval,0557.jpg,0557.jpg,384,296,2,4989,0.043892525337837836,0.15968080064180945,109.49365188854276,58.8609058277027,8aa14c0a9473702ac9a2a52eb8284380,
trainval_0558,TN3K,nodule,trainval,0558.jpg,0558.jpg,386,265,1,8237,0.08052595561638479,0.003478078797689542,54.104738126946195,48.02422524195914,db48c3f625ae9bfb94c0952cdabe1a5f,
trainval_0559,TN3K,nodule,trainval,0559.jpg,0559.jpg,319,273,1,33190,0.3811131397338294,0.08859530332143503,61.74748227512289,49.61911651566824,b339a1e19c43f5ff99fea41978702c6c,
trainval_0560,TN3K,nodule,trainval,0560.jpg,0560.jpg,272,261,1,4768,0.06716249718278115,0.07733628082105325,103.57063253438892,64.58806626098715,9c51bceca745ce5c08cb4c5debec79cd,
trainval_0561,TN3K,nodule,trainval,0561.jpg,0561.jpg,316,295,1,6343,0.06804333833941215,0.0764182855156447,105.99000480631305,44.76714224415362,a77bb87d3a67c03c74296e95ac9bc498,
trainval_0562,TN3K,nodule,trainval,0562.jpg,0562.jpg,288,317,1,21763,0.23837846126883983,0.0283059570396422,82.5569538669328,53.99050341745531,bfbde8fcadaa5de1cef342300b34d981,
trainval_0563,TN3K,nodule,trainval,0563.jpg,0563.jpg,483,376,1,61169,0.3368188626051716,0.06392231510087677,53.38273285267685,56.224197171930754,fa64e878eaf2e1f9e43430afd4871666,
trainval_0564,TN3K,nodule,trainval,0564.jpg,0564.jpg,371,320,1,16815,0.14163578167115903,0.06454568759294652,116.48128989349543,62.237794811320754,7880ff5ea171d1c676119600d86ba236,
trainval_0565,TN3K,nodule,trainval,0565.jpg,0565.jpg,363,329,3,6773,0.05671246870473176,0.1820332360046868,119.58934322093342,100.99559563582774,20cd24d0f43b781123ce9434d1f5266c,
trainval_0566,TN3K,nodule,trainval,0566.jpg,0566.jpg,363,323,2,6803,0.058021816817201,0.09576732275411036,114.824460883894,87.92285648491672,2b2e5757213080e82553c923c43d0e3b,
trainval_0567,TN3K,nodule,trainval,0567.jpg,0567.jpg,270,283,1,2474,0.03237796099986913,0.049119037327644784,64.95346642781477,26.05054312262793,5c7e22c93b32440319c2d7701c9e25d7,
trainval_0568,TN3K,nodule,trainval,0568.jpg,0568.jpg,269,282,1,39177,0.5164517915051807,0.04646920519059265,45.53183663040731,69.49102270030848,8e6f86137442a311bbc9789eab4f34b1,
trainval_0569,TN3K,nodule,trainval,0569.jpg,0569.jpg,294,248,1,5338,0.07321154268158876,0.05167035165071134,51.10437604615891,36.267020517884575,bc40585b8d50f913e75e6abc69fdf6a9,
trainval_0570,TN3K,nodule,trainval,0570.jpg,0570.jpg,296,237,1,6103,0.08699680693351579,0.07015301518092525,69.89191048057559,38.399047781959176,dcc5cbc2e9f205c3632e601ab3a5a2ef,
trainval_0571,TN3K,nodule,trainval,0571.jpg,0571.jpg,371,380,1,18226,0.12928074904241738,0.12348203854564976,72.15048821388103,65.33529578663641,564880cbde1b489d1edf1ee3037f50d1,
trainval_0572,TN3K,nodule,trainval,0572.jpg,0572.jpg,380,360,1,42725,0.3123172514619883,0.09384381380058444,48.92489946193814,65.43218567251462,696d9734be8cbee773cd1fca7537d4f2,
trainval_0573,TN3K,nodule,trainval,0573.jpg,0573.jpg,437,384,1,1128,0.006721967963386728,0.13194220950791666,76.73826890609533,47.472355310831425,e3cc04708c9f5938434143b632d07b76,
trainval_0574,TN3K,nodule,trainval,0574.jpg,0574.jpg,428,379,1,29117,0.17949966710231055,0.10972964093315125,71.66867742577644,52.75787241387813,f76a2e76f6303ef86fa7b378e904ecec,
trainval_0575,TN3K,nodule,trainval,0575.jpg,0575.jpg,379,295,1,1301,0.011636331112204284,0.07834022298824996,100.70613871848893,56.88911944904074,7c6fd84bee2be98aee0fcd79b9070051,
trainval_0576,TN3K,nodule,trainval,0576.jpg,0576.jpg,382,330,1,7443,0.05904331270823417,0.06794259909063469,47.64125873957364,56.084999206726955,839b20d58ee90e971c50eb317dcfa9af,
trainval_0577,TN3K,nodule,trainval,0577.jpg,0577.jpg,369,291,1,4186,0.03898341388912171,0.06543431250083949,108.63623618373113,34.45662559718381,1eb8f9b569f54effb443ac38dc3da5b4,
trainval_0578,TN3K,nodule,trainval,0578.jpg,0578.jpg,374,384,2,47456,0.3304367201426025,0.22170258354754313,82.81525561892946,50.58729528743316,f9c07151d10e7df10bff36351b26ea88,
trainval_0579,TN3K,nodule,trainval,0579.jpg,0579.jpg,536,358,1,1171,0.006102518135579087,0.08137340151461134,91.56515796682677,48.692951096472946,d621d242dae9d198f40433f9bcbbb36d,
trainval_0580,TN3K,nodule,trainval,0580.jpg,0580.jpg,289,335,1,42269,0.43659556886846046,0.1573844483080387,62.45010996037394,48.648732117956925,e704548387adc76e61345af2a72d2fed,
trainval_0581,TN3K,nodule,trainval,0581.jpg,0581.jpg,276,333,1,49385,0.5373308090699395,0.23880326252666292,76.24726281743948,48.91891891891892,18a08535fc518a32ff55241bfc448c42,
trainval_0582,TN3K,nodule,trainval,0582.jpg,0582.jpg,289,316,1,3424,0.03749288248434147,0.003358445582882088,95.8099574150119,75.91273925802636,2850a84718ae542d6603df55905e06c8,
trainval_0583,TN3K,nodule,trainval,0583.jpg,0583.jpg,290,311,1,16240,0.18006430868167203,0.09131268330353189,108.08482741483988,77.03865173522563,f3468d9aa539d64fc6d362d861c5c8e0,
trainval_0584,TN3K,nodule,trainval,0584.jpg,0584.jpg,407,331,1,6558,0.04867982511487043,0.042096922078806026,88.12077834721084,71.47165539612669,07b290cf4df4d0e340d4a3046c84f212,
trainval_0585,TN3K,nodule,trainval,0585.jpg,0585.jpg,418,327,1,13047,0.09545235064307976,0.08172687424222598,90.74462297936583,76.44825366167713,389d7b7b56c26744e0c370ba73b8c1a4,
trainval_0586,TN3K,nodule,trainval,0586.jpg,0586.jpg,312,296,1,22787,0.2467407311157311,0.25486651527055676,66.5773634719428,50.62018147955648,ca6236feb8b732176b7d84dfa8e9aa68,
trainval_0587,TN3K,nodule,trainval,0587.jpg,0587.jpg,312,298,1,21487,0.23110265014627432,0.21035791344793522,78.35960607098534,51.03377215625538,a734f4cdad33933353dcb4758a42c61f,
trainval_0588,TN3K,nodule,trainval,0588.jpg,0588.jpg,288,326,1,58103,0.6188543796864349,0.23777061432893487,75.83040096684313,97.92826559304703,ea85a2ed935775c0465c6df1eea6ef78,
trainval_0589,TN3K,nodule,trainval,0589.jpg,0589.jpg,447,385,1,19616,0.11398355559429385,0.05132866654905477,77.98846523436072,67.71864958307911,103d4e55791a8ad98b34059813c8ad6d,
trainval_0590,TN3K,nodule,trainval,0590.jpg,0590.jpg,411,334,1,76519,0.5574180106939406,0.0055217934293145445,59.17409009048782,75.1908882963999,58f3b3ca88cbcad1424672c5198fbdda,
trainval_0591,TN3K,nodule,trainval,0591.jpg,0591.jpg,240,203,1,735,0.015086206896551725,0.2037039431157078,151.86421313523618,68.8319170771757,294e26bf415a3ca5a6ef3b13576a026b,
trainval_0592,TN3K,nodule,trainval,0592.jpg,0592.jpg,314,271,1,18878,0.22184877899734412,0.136715432430667,81.29917924339733,92.18394951465439,2b23d9f73b677c970ab717e6193cef9b,
trainval_0593,TN3K,nodule,trainval,0593.jpg,0593.jpg,334,370,1,55700,0.4507201812591034,0.15300987939083152,55.64790403653751,56.94886713060366,2eea30296f012a1171fb739554a08210,
trainval_0594,TN3K,nodule,trainval,0594.jpg,0594.jpg,468,334,1,5837,0.03734198270126414,0.02326450065500753,98.64819391250013,68.46712984287835,5bd9c1cd9d1ad91bf1c40730a14680d4,
trainval_0595,TN3K,nodule,trainval,0595.jpg,0595.jpg,421,328,1,11932,0.08640866693702566,0.06885015864329277,66.78294424619659,82.86111754823011,1d74e1cdd66a2dd6ce94644addccd852,
trainval_0596,TN3K,nodule,trainval,0596.jpg,0596.jpg,515,329,1,58308,0.3441319680113318,0.07731178682745243,88.71802868032304,70.77410216307139,4aa372b011b73e607a22fdc3053301ad,
trainval_0597,TN3K,nodule,trainval,0597.jpg,0597.jpg,498,393,1,3141,0.016048928538581808,0.15657200654750558,99.88996606492887,84.74896021746017,20c860db4da58cd17aba10a8ac6d0b41,
trainval_0598,TN3K,nodule,trainval,0598.jpg,0598.jpg,498,386,1,41539,0.21609234866928856,0.16249179724900187,84.94341924053562,85.29977422643944,e9b4708d621771d83121ba684b976b63,
trainval_0599,TN3K,nodule,trainval,0599.jpg,0599.jpg,338,362,2,14536,0.11880087613194286,0.0480408775056482,70.73476994868015,80.83438490960803,774bdbe6f9684ea31d94e3f83eeac71e,
trainval_0600,TN3K,nodule,trainval,0600.jpg,0600.jpg,334,357,1,25785,0.2162481759170734,0.05492141071815584,52.32232030150592,87.19920662875928,e2012adf621a8fd989405174310a3ea5,
trainval_0601,TN3K,nodule,trainval,0601.jpg,0601.jpg,410,328,1,23812,0.1770672218917311,0.007082556884874329,69.24393486632859,106.61571237358714,7bc86cc2b86501257bf39cc72d5db35d,
trainval_0602,TN3K,nodule,trainval,0602.jpg,0602.jpg,408,330,1,3840,0.0285204991087344,0.1663020833333333,122.1593118442798,90.60041592394533,11544c363ca16a9f36b864291a0644c9,
trainval_0603,TN3K,nodule,trainval,0603.jpg,0603.jpg,484,322,1,5726,0.03674092705713259,0.19869843142039165,118.44082111123474,63.773792413120475,7578b73fe658b1a053647f3338c02f2b,
trainval_0604,TN3K,nodule,trainval,0604.jpg,0604.jpg,374,347,1,13837,0.10662053660867019,0.04995788295850165,88.1122424079192,93.3876388910293,d3f2e13594c2860fad5897f094a7207a,
trainval_0605,TN3K,nodule,trainval,0605.jpg,0605.jpg,375,342,1,3690,0.028771929824561403,0.04428899533315286,122.21681332253777,78.87080701754385,5bf046966bd01504cb3911f4cb90ea27,
trainval_0606,TN3K,nodule,trainval,0606.jpg,0606.jpg,374,355,1,97730,0.7360849589515703,0.19950682411304432,64.00336310005105,98.89497627476086,7131140667c0ad0a521eb1acd1eb2c43,
trainval_0607,TN3K,nodule,trainval,0607.jpg,0607.jpg,280,279,1,28933,0.37036610343061954,0.2963064197503956,92.53812034721768,113.23014592933947,0166aca94adeffd52c655ff381b66b6b,
trainval_0608,TN3K,nodule,trainval,0608.jpg,0608.jpg,275,284,1,21311,0.27286811779769526,0.36340088195019277,134.11644561394854,103.48859154929578,30271946829c762e8a49d7dceb999f38,
trainval_0609,TN3K,nodule,trainval,0609.jpg,0609.jpg,277,287,1,14449,0.18175071384545718,0.13610910684764918,64.49042498934135,23.2175121699644,efb9b05e0ac6c2667e27f2fad142d4b9,
trainval_0610,TN3K,nodule,trainval,0610.jpg,0610.jpg,272,292,1,8159,0.10272713537469783,0.10737612298019877,64.67439003415156,19.069764806607573,7ec6e8ab1624a99fa63de9f884becdeb,
trainval_0611,TN3K,nodule,trainval,0611.jpg,0611.jpg,408,322,1,3104,0.023626842041164293,0.08411529764319876,103.78245035621742,91.5365668006333,2848c0dd26dfc6523dda2a2140d1e489,
trainval_0612,TN3K,nodule,trainval,0612.jpg,0612.jpg,409,329,1,4883,0.036288374789129094,0.06810137930977342,64.36514049108916,92.86141601206887,53eba18f00fe5646edfa868fe4ca80ae,
trainval_0613,TN3K,nodule,trainval,0613.jpg,0613.jpg,408,330,1,26335,0.19559566250742721,0.3246507874131059,98.67102084309244,89.34828431372549,3eb47eeda5cdac5a43230c29c4fd0aee,
trainval_0614,TN3K,nodule,trainval,0614.jpg,0614.jpg,957,619,1,25419,0.0429097391383615,0.22577299755468103,77.67321550823502,22.771620725105212,5bd814cf4e3bef3e3cbf1f7d7ca2eaf9,
trainval_0615,TN3K,nodule,trainval,0615.jpg,0615.jpg,962,621,1,33194,0.05556392512914252,0.2450634608234523,66.84774075500532,30.899806160675727,b6a31d6c6ba7f5f2d408b2650a63d7f5,
trainval_0616,TN3K,nodule,trainval,0616.jpg,0616.jpg,378,292,1,17686,0.16023410886424586,0.08275021350988088,80.43368510826348,89.28211748930927,259e5ef454aba8401297c26989ac1171,
trainval_0617,TN3K,nodule,trainval,0617.jpg,0617.jpg,379,341,1,37462,0.28986606210199706,0.05553473050904202,71.98686393236113,113.60568404274251,93be51d5a7ccb28572e4a43b3996fac7,
trainval_0618,TN3K,nodule,trainval,0618.jpg,0618.jpg,625,513,1,16590,0.051742690058479535,0.020619746321370695,47.552290660119,81.18070643274854,06ab1e6c7083dd9362738d9ef6ac7a4c,
trainval_0619,TN3K,nodule,trainval,0619.jpg,0619.jpg,620,517,1,31835,0.09931677793723093,0.024156913267125622,95.05347204000851,83.92457103637612,35799aa608bef55bf4a3395e7a8ed863,
trainval_0620,TN3K,nodule,trainval,0620.jpg,0620.jpg,443,360,1,8814,0.05526711813393529,0.056396327592159144,99.84971618889813,71.54308377225985,77a398be38577d47eab5fc1333a053a0,
trainval_0621,TN3K,nodule,trainval,0621.jpg,0621.jpg,269,338,1,2479,0.027265128351774047,0.005650208090945592,50.38720854825671,29.797045819493633,080603dd35b22e61edc13e7c613d7ebf,
trainval_0622,TN3K,nodule,trainval,0622.jpg,0622.jpg,383,337,1,4381,0.033942558746736295,0.03036292105896699,66.18621812462462,48.64804642406118,54fbd157ec65d2978db7eb7150304b69,
trainval_0623,TN3K,nodule,trainval,0623.jpg,0623.jpg,224,297,1,27344,0.411014911014911,0.033819299905277024,89.37939718248832,64.06308621933621,49eb5d7223b6fdd9c6d5a888e5ef45b2,
trainval_0624,TN3K,nodule,trainval,0624.jpg,0624.jpg,409,331,1,586,0.004328588628960179,0.03337444192694146,171.37216826156606,64.72777166325649,a5e925c88df0db593f5cda553270ff50,
trainval_0625,TN3K,nodule,trainval,0625.jpg,0625.jpg,310,329,1,38946,0.3818609667614472,0.12111522757672717,47.38359432454017,49.224924012158056,f116111d7d45df4aa25216799361617e,
trainval_0626,TN3K,nodule,trainval,0626.jpg,0626.jpg,407,322,1,37197,0.28382956643826207,0.25989476855016713,102.49596114279345,70.85995849039327,653c16e3ebff6e86c7c57aca027fe145,
trainval_0627,TN3K,nodule,trainval,0627.jpg,0627.jpg,408,322,1,51411,0.3913271830471319,0.21767325699186585,80.76449101177285,64.83029624893436,21e32a1c8755dadd56a48ab5377a4223,
trainval_0628,TN3K,nodule,trainval,0628.jpg,0628.jpg,407,324,1,42608,0.32311098977765645,0.13982149198564844,87.3639474297944,68.23918615585282,bae3019c75c20bad52493fdeafae91ab,
trainval_0629,TN3K,nodule,trainval,0629.jpg,0629.jpg,271,285,1,3990,0.05166051660516605,0.012204960931741119,132.1491296064433,33.99239981873503,9cde692492b0e03d4cd416379480ae0f,
trainval_0630,TN3K,nodule,trainval,0630.jpg,0630.jpg,267,277,1,621,0.008396544031152395,0.1448276282684265,177.3145883167378,36.75779823956516,3a1c92a613f59a07a5bb057a583461d8,
trainval_0631,TN3K,nodule,trainval,0631.jpg,0631.jpg,376,339,1,13369,0.10488451641247724,0.2523284496242836,93.55334476172533,88.95219042239377,a6994b833db6c58356b12b390963b6a2,
trainval_0632,TN3K,nodule,trainval,0632.jpg,0632.jpg,269,275,1,25514,0.3449003041568097,0.012559439825680729,67.74103305382755,36.82299425481582,951ff02a13bac97f9dd26b6628ff21c6,
trainval_0633,TN3K,nodule,trainval,0633.jpg,0633.jpg,304,340,1,32490,0.31433823529411764,0.0775006633480431,91.88280906793702,102.76055534055727,bf8868dd686fc97ac7d1b7bbdd401732,
trainval_0634,TN3K,nodule,trainval,0634.jpg,0634.jpg,269,268,1,4345,0.06027021028685568,0.024061769605618618,125.4973586919223,14.160239693724685,7bc19802d9662d502696c14068c58667,
trainval_0635,TN3K,nodule,trainval,0635.jpg,0635.jpg,255,321,1,7417,0.09061144707104025,0.4724001754543673,124.85602954307244,103.53567894447498,14f9ef8ee528a449c00c078b566a2cfa,
trainval_0636,TN3K,nodule,trainval,0636.jpg,0636.jpg,257,262,1,1508,0.022395817863189473,0.2409954565380529,93.48175660084149,64.4540796625776,c48e93c4074056ae43deb30523e2ccad,
trainval_0637,TN3K,nodule,trainval,0637.jpg,0637.jpg,619,540,1,97095,0.29047747262609946,0.008229975062471785,62.99042939759334,85.97439418416802,8f735a63dfc6c758b7a1ff192914e157,
trainval_0638,TN3K,nodule,trainval,0638.jpg,0638.jpg,338,361,1,16676,0.13666836040584177,0.2371368530302348,72.18095164310915,57.421503384746515,b48f5db7ba420154e1483d731a57548f,
trainval_0639,TN3K,nodule,trainval,0639.jpg,0639.jpg,342,357,1,45392,0.3717791210051272,0.2644878530260106,81.5383421360458,67.43185578324898,4032fd8eb70f6cd37237746782322165,
trainval_0640,TN3K,nodule,trainval,0640.jpg,0640.jpg,333,360,1,36469,0.30421254587921254,0.29227750544928516,77.50523585272757,72.40946780113447,439c902c1b18ee1f04ef7713b2624e32,
trainval_0641,TN3K,nodule,trainval,0641.jpg,0641.jpg,283,306,1,11348,0.13104228735074713,0.008344249280200671,63.57509494974128,50.7979168110118,292f981e35a1c8fdd02bcc0344f248a5,
trainval_0642,TN3K,nodule,trainval,0642.jpg,0642.jpg,408,332,1,5696,0.042050555161823766,0.016308795590899306,109.62262893287672,59.246973186865105,43c2f04a70ba0d9e496adb72cc0d9fad,
trainval_0643,TN3K,nodule,trainval,0643.jpg,0643.jpg,396,330,2,32161,0.24610498928680746,0.06156191824945931,89.27795401972307,74.16344505662687,5c4d6679162461fa43c7ea0a165ff2f8,
trainval_0644,TN3K,nodule,trainval,0644.jpg,0644.jpg,368,354,1,5132,0.03939449766642103,0.0016927830060044962,50.09830527854149,40.37793232620977,0bc6198c4e92ff7fbf7342ce3fe373dc,
trainval_0645,TN3K,nodule,trainval,0645.jpg,0645.jpg,422,377,1,1796,0.011288923529485713,0.1063800191760907,78.87242459971567,51.06872666473909,4bef8465afe314976a7ce8586537789f,
trainval_0646,TN3K,nodule,trainval,0646.jpg,0646.jpg,427,382,1,7067,0.04332552693208431,0.009816359211955124,91.32521643170514,70.25311132091666,29e5dc5bc6ce900b074aca79dc8894dc,
trainval_0647,TN3K,nodule,trainval,0647.jpg,0647.jpg,391,367,1,1093,0.007616883976668502,0.11681927653537491,84.10453481977336,40.81460936465571,26745a0a518a72da14bea8847f63c6aa,
trainval_0648,TN3K,nodule,trainval,0648.jpg,0648.jpg,375,363,2,36166,0.26568227731864097,0.16438831103822707,63.837589020930444,108.1126170798898,7f4c6ccecd6ce901567ec4e3682fe620,
trainval_0649,TN3K,nodule,trainval,0649.jpg,0649.jpg,375,368,1,21835,0.1582246376811594,0.2380834551215194,76.85857252241945,66.72770289855073,c56530a4f6aacdebb230b7f2d19e8f56,
trainval_0650,TN3K,nodule,trainval,0650.jpg,0650.jpg,620,526,1,88287,0.27071936710413347,0.20020953182508366,66.38781841949502,52.30040475898442,d4576807d05dad298366c44e9899ff38,
trainval_0651,TN3K,nodule,trainval,0651.jpg,0651.jpg,621,527,1,75326,0.23016680569687747,0.17705777443038248,69.85089806938328,52.57013997744961,cf5de1508a7ab5e325e6d7cc3b59be1e,
trainval_0652,TN3K,nodule,trainval,0652.jpg,0652.jpg,270,293,1,44187,0.5585513841486538,0.06636457186272877,68.67528982968805,32.57346732397927,22e0bdd51f4bc25c79c7cdb348a04634,
trainval_0653,TN3K,nodule,trainval,0653.jpg,0653.jpg,216,174,1,2788,0.07418050234142189,0.010236799167299629,98.15185238355183,25.300473605789698,28432b764dfb088ebffe0b4748fc9518,
trainval_0654,TN3K,nodule,trainval,0654.jpg,0654.jpg,330,399,1,54061,0.41057947900053166,0.30687454428462557,103.19213821872626,114.98106630211893,a49bc80929f0e58b5bbef79ba609941d,
trainval_0655,TN3K,nodule,trainval,0655.jpg,0655.jpg,328,400,1,61291,0.46715701219512196,0.24103761845976768,121.45609566107319,105.39076219512195,81171e93e9e325cb68d8da5fdc76d6d0,
trainval_0656,TN3K,nodule,trainval,0656.jpg,0656.jpg,210,216,1,4046,0.08919753086419753,0.014940905707075725,94.47410333859207,39.12257495590829,331a2ee0964e2967aa89ff1a54a52eef,
trainval_0657,TN3K,nodule,trainval,0657.jpg,0657.jpg,305,293,1,9897,0.11074805572651486,0.23062956413026842,136.21471835636987,116.39194315447882,c490512b4f70a7a696583706ae4d535c,
trainval_0658,TN3K,nodule,trainval,0658.jpg,0658.jpg,306,279,1,17699,0.2073113594302715,0.1912257651660363,105.1870069741497,124.15162695902734,ef858725f2c2efa13d594b1e6bb5f3e7,
trainval_0659,TN3K,nodule,trainval,0659.jpg,0659.jpg,266,269,1,5690,0.07952036224389972,0.04049763296888196,99.8510719124376,29.577759454398077,5cdaffe7c48d0e1adf65b416e56b3eb4,
trainval_0660,TN3K,nodule,trainval,0660.jpg,0660.jpg,270,267,1,14214,0.19717020391177695,0.032128588900648715,85.25453624460985,30.231627132750727,b6aa8b13d1438ee00550ec2407aa682e,
trainval_0661,TN3K,nodule,trainval,0661.jpg,0661.jpg,342,371,1,42345,0.333735281600227,0.013997254128617099,46.89642178850034,77.26681483583172,75ea3be4542c453d53b7d5b5da5aa453,
trainval_0662,TN3K,nodule,trainval,0662.jpg,0662.jpg,343,368,1,48021,0.38044270503232347,0.04833055967132771,36.21123771641925,77.68861706173152,ca8bafd40dcbc903fa8127d3111d0759,
trainval_0663,TN3K,nodule,trainval,0663.jpg,0663.jpg,297,327,1,38250,0.3938467241219535,0.08679906040552739,35.74067196669606,96.15266837590997,592cc1755291c655cab9152850cf6539,
trainval_0664,TN3K,nodule,trainval,0664.jpg,0664.jpg,294,330,1,6438,0.06635745207173778,0.028619080065647763,30.444199050325377,98.90506081220367,84b6ab60b5b1ac38acff8a7068fc5d7b,
trainval_0665,TN3K,nodule,trainval,0665.jpg,0665.jpg,311,338,1,13878,0.13202305979946347,0.18431593962925466,69.15861251158147,47.63857759850834,18f0b1c3f205b1a32d117be26c2fc25d,
trainval_0666,TN3K,nodule,trainval,0666.jpg,0666.jpg,309,342,1,45576,0.43127235564639754,0.1274294432562056,75.043708216872,82.37912337478,61a128912fa9b99a433146897da6ec3f,
trainval_0667,TN3K,nodule,trainval,0667.jpg,0667.jpg,310,338,1,21528,0.2054590570719603,0.022038924575156438,84.20356810150372,88.6111185340714,fd9bd6906790c9da2f7af990e592dbfa,
trainval_0668,TN3K,nodule,trainval,0668.jpg,0668.jpg,269,313,1,1662,0.019739420644441015,0.059831717806210626,137.53480397077715,50.89344038386166,a4ce37c321e2e483d47df983aa062da7,
trainval_0669,TN3K,nodule,trainval,0669.jpg,0669.jpg,310,296,1,24101,0.2626525719267655,0.33444832205543695,106.49768424051008,106.00307323452485,704083c673fb1296a5632f6cfda161a3,
trainval_0670,TN3K,nodule,trainval,0670.jpg,0670.jpg,310,295,1,5274,0.05767085839256424,0.07704894953328664,68.72364827294605,85.38804811372334,2e10257b6153b317a6227be94b7c94fd,
trainval_0671,TN3K,nodule,trainval,0671.jpg,0671.jpg,494,388,1,97049,0.5063285195542385,0.10913456038424628,73.57198388357358,66.56630076380483,d736f6dd0aad761a6867ac6bc5dc3b47,
trainval_0672,TN3K,nodule,trainval,0672.jpg,0672.jpg,497,396,1,8760,0.04450948112919944,0.17899543378995436,140.25714903378707,57.91942564477776,159985b8051ade41579349fe66f9fcab,
trainval_0673,TN3K,nodule,trainval,0673.jpg,0673.jpg,391,372,1,8690,0.05974479553392184,0.14186714316732746,56.68473388500682,105.02008910155928,ddccd198508cd07432a03370518013e9,
trainval_0674,TN3K,nodule,trainval,0674.jpg,0674.jpg,427,365,1,34013,0.21823489782169325,0.006366058584414117,91.52095443664835,46.34722017259632,6e87b1c1ffc43ae8f309666260c1723d,
trainval_0675,TN3K,nodule,trainval,0675.jpg,0675.jpg,397,402,1,12961,0.08121232627793025,0.14056890812240896,84.39521002837697,70.86087196260512,e09739877edb3863050a31c94b7ae902,
trainval_0676,TN3K,nodule,trainval,0676.jpg,0676.jpg,351,378,1,4228,0.03186662445921705,0.11893678593668389,90.68598201903608,70.31771657697584,1c80a840ad27225846af500de57f9a6f,
trainval_0677,TN3K,nodule,trainval,0677.jpg,0677.jpg,328,374,1,37635,0.3067937263597235,0.08033384727249837,54.26588653199059,33.05317431850789,90b72d530caab602815e40101990b8d0,
trainval_0678,TN3K,nodule,trainval,0678.jpg,0678.jpg,331,333,1,2270,0.020594612739627847,0.09358068588274823,70.09314170928474,51.627672990210755,ceb06cc7604b826d2bd86a80ac365c24,
trainval_0679,TN3K,nodule,trainval,0679.jpg,0679.jpg,328,383,1,51650,0.4111475514232949,0.08401051127847789,66.06202902949617,55.806708909125646,821ad80ea0ae8402dfa34fa1ed7e52e9,
trainval_0680,TN3K,nodule,trainval,0680.jpg,0680.jpg,392,394,1,51542,0.33371749715114474,0.21104629480883697,96.51458819725569,64.80278151869885,b765da0fcbcea789e18749db36ca5dc3,
trainval_0681,TN3K,nodule,trainval,0681.jpg,0681.jpg,375,327,1,31690,0.25843017329255863,0.018276630072427604,42.81877423712076,60.73602446483181,2c5abe0383f19fab1d0e6d6804abf607,
trainval_0682,TN3K,nodule,trainval,0682.jpg,0682.jpg,398,364,1,36907,0.2547559224694903,0.06543289203783484,83.4524998158547,38.58802943287868,e718678b203ae26ef64f1d69f08e335a,
trainval_0683,TN3K,nodule,trainval,0683.jpg,0683.jpg,398,390,1,66030,0.4253962118283726,0.11050459391707977,76.6842304212077,53.01559077438474,086f2b51046b8273149b74a944f4930c,
trainval_0684,TN3K,nodule,trainval,0684.jpg,0684.jpg,371,342,1,3633,0.0286329030122476,0.003059551717060274,174.50303675893315,25.534638482999952,e786d2dd3116cfcb24673f48802cbf48,
trainval_0685,TN3K,nodule,trainval,0685.jpg,0685.jpg,451,388,1,15614,0.08922897570119094,0.21678435800357554,85.34928979523384,49.61787665439916,a03bf69ffbbcd0e2fc11db870dab03a0,
trainval_0686,TN3K,nodule,trainval,0686.jpg,0686.jpg,446,398,1,33254,0.18733803546882394,0.11942676835393452,93.37062026314196,66.6194819388422,d1ae7afec83d3502e6adf3677d28d4d6,
trainval_0687,TN3K,nodule,trainval,0687.jpg,0687.jpg,442,388,1,23476,0.1368894901338807,0.2170982242471912,82.34233607804997,64.07182091710594,c02d7e703743403ce08f40ea690d8111,
trainval_0688,TN3K,nodule,trainval,0688.jpg,0688.jpg,300,367,1,20357,0.18489554950045414,0.1984454110090333,113.33044718354857,138.010608537693,73c3b0c2419aec62f7e32b195250624b,
trainval_0689,TN3K,nodule,trainval,0689.jpg,0689.jpg,274,302,1,13712,0.16570793251800647,0.07741416975568026,73.67497793356932,140.13672838014213,d77471ed4f9998a0d5c699ae96b27139,
trainval_0690,TN3K,nodule,trainval,0690.jpg,0690.jpg,443,394,1,4569,0.026177080588053306,0.05829092045593087,60.346465682656905,70.8396775561183,af5b028feae91630ad2cf7490d276533,
trainval_0691,TN3K,nodule,trainval,0691.jpg,0691.jpg,255,309,1,35601,0.4518180087569008,0.15642556179150496,68.37577651415044,61.640954375277616,5697ca600b027804a34cf66878d3b5c1,
trainval_0692,TN3K,nodule,trainval,0692.jpg,0692.jpg,243,316,1,33322,0.4339480127103193,0.22551752659084917,89.9233308734823,57.71983903734959,f5fa1ccf91ca219285d7c5b86a0c2849,
trainval_0693,TN3K,nodule,trainval,0693.jpg,0693.jpg,336,364,1,9717,0.07944956828885401,0.10117133176192196,70.95711992246831,70.2040080455259,607717b6372b56f48c00ace92710fc09,
trainval_0694,TN3K,nodule,trainval,0694.jpg,0694.jpg,382,372,1,20137,0.14170607442436525,0.06995597098506635,66.57172524503724,86.16269774249845,97ff8fccbcfbfe90d2095abf25d9fc4c,
trainval_0695,TN3K,nodule,trainval,0695.jpg,0695.jpg,448,360,1,17472,0.10833333333333334,0.06067962509608315,61.79000279223121,87.08472842261905,d5472d08646fc83aca57893dff111421,
trainval_0696,TN3K,nodule,trainval,0696.jpg,0696.jpg,317,291,1,358,0.0038808850152308475,0.037093720169632124,100.23493168983985,58.37749737118822,281779b2ebf87ac46acdab5242f6eb56,
trainval_0697,TN3K,nodule,trainval,0697.jpg,0697.jpg,388,349,1,23368,0.17256963932295513,0.053256791222825076,47.92486868806342,41.51993176380232,99af19c68ceb2ddd377d88475973fbc5,
trainval_0698,TN3K,nodule,trainval,0698.jpg,0698.jpg,385,330,1,2508,0.019740259740259742,0.005717040670601072,50.07405971659875,51.69671782762692,a1720357c845a900031df57aaec96712,
trainval_0699,TN3K,nodule,trainval,0699.jpg,0699.jpg,394,407,1,3629,0.02263061400117238,0.15278537578011236,118.55406347452606,53.9144726175183,edc1d0d8a97c2e3d087d601741c93647,
trainval_0700,TN3K,nodule,trainval,0700.jpg,0700.jpg,451,399,1,45392,0.25224924839815727,0.14398704659186154,64.71862574025954,72.36477557530189,bbb5c544b1a606eb2b9f5b3d81204a52,
trainval_0701,TN3K,nodule,trainval,0701.jpg,0701.jpg,393,404,1,21166,0.13331065931020583,0.0014683307228103653,73.19317475280194,77.96658100924596,33330fbca3d8b86d13ac54716706dc46,
trainval_0702,TN3K,nodule,trainval,0702.jpg,0702.jpg,395,397,1,17652,0.11256576220387081,0.0020584074906997672,92.23012157129223,87.15798233587348,e5ac268c362ff58651fd5629517ecc6e,
trainval_0703,TN3K,nodule,trainval,0703.jpg,0703.jpg,394,401,1,1770,0.011202957074319278,0.12906633923366514,102.21243071769693,80.66344924490804,bf619af55c1def7086bdc392ea9125dd,
trainval_0704,TN3K,nodule,trainval,0704.jpg,0704.jpg,498,399,1,21451,0.1079556320520176,0.040627324253471625,38.418427826418764,62.61211261084438,28c44a1fae2b4223de31d815f8595d96,
trainval_0705,TN3K,nodule,trainval,0705.jpg,0705.jpg,225,378,1,1237,0.014544385655496766,0.05242250592756954,75.51137499502052,81.90124632569076,fbf73d143bdbd9aff4bc190b6834cb7d,
trainval_0706,TN3K,nodule,trainval,0706.jpg,0706.jpg,305,377,1,2330,0.020263512632082446,0.03604127551389625,35.34950928114763,83.79842588163673,2896f30af9d29a77a0357620ada56a15,
trainval_0707,TN3K,nodule,trainval,0707.jpg,0707.jpg,457,377,1,16994,0.09863659316613364,0.17264825796153463,61.78707099894641,96.41620765109786,58a1cb6c38d079e95a8f09aca7f72c39,
trainval_0708,TN3K,nodule,trainval,0708.jpg,0708.jpg,291,265,1,21811,0.28283732088439345,0.03728336331195732,43.098970942244215,20.396356091551578,9a392295234f07e1fb364122b06bd695,
trainval_0709,TN3K,nodule,trainval,0709.jpg,0709.jpg,288,287,1,1179,0.014263937282229966,0.038419839088613975,81.97495291522937,38.32508226867983,d83c50106f3d891e64a7e482e4d3760d,
trainval_0710,TN3K,nodule,trainval,0710.jpg,0710.jpg,290,323,1,55845,0.5961887477313974,0.2258581425712708,97.72185794280988,26.920657627842427,7e943fdf5cdfcd1fbe8bfa38d3dabf36,
trainval_0711,TN3K,nodule,trainval,0711.jpg,0711.jpg,342,378,1,3773,0.029185618366904916,0.01216484118818987,68.83950929694092,103.37515084006311,64948b93e15a99484febc54be1436193,
trainval_0712,TN3K,nodule,trainval,0712.jpg,0712.jpg,342,377,1,4230,0.032807482898227,0.17600571378198035,85.40796812766224,91.84730172025998,2584e32b8057c1a46497c9707458439d,
trainval_0713,TN3K,nodule,trainval,0713.jpg,0713.jpg,343,376,1,12230,0.09482972520315117,0.06272964340421323,41.156253316437244,76.3977653371379,d3036fb9d92e71f8a85e52d9875a47cf,
trainval_0714,TN3K,nodule,trainval,0714.jpg,0714.jpg,272,241,1,1434,0.021875762753234072,0.06298128115340355,39.1660368346698,23.83072980229436,4bb82d25e89d32f087ef9e6de92ebaae,
trainval_0715,TN3K,nodule,trainval,0715.jpg,0715.jpg,278,392,1,9846,0.09035016884451623,0.21305649314770442,113.12383955900575,81.67528630157099,a35ed2feb521cbcf5cc3844b3935b547,
trainval_0716,TN3K,nodule,trainval,0716.jpg,0716.jpg,279,391,1,12995,0.11912291798439806,0.08692140325802959,58.3218054247844,66.02012118545407,01f10c4c34b8ba6abcf1f808b6a9cb4d,
trainval_0717,TN3K,nodule,trainval,0717.jpg,0717.jpg,281,390,1,6905,0.06300757368373026,0.17658342566124652,105.75276098690972,72.88770873254859,5d18bdaed03b014c7838b7ae9ddff74f,
trainval_0718,TN3K,nodule,trainval,0718.jpg,0718.jpg,626,516,1,99528,0.3081209599524482,0.22015830464443797,66.11813272134924,43.35535081853531,b81c85e9b144e1147be4c477b0dd9d2d,
trainval_0719,TN3K,nodule,trainval,0719.jpg,0719.jpg,623,514,1,14198,0.04433799051907739,0.11897314910020579,65.09008874863763,49.49291429071082,3529aa9fd13994a612770bc881d52c99,
trainval_0720,TN3K,nodule,trainval,0720.jpg,0720.jpg,626,491,1,4000,0.01301380113610484,0.10858503312587833,49.62981699243225,23.588760630648803,4d34628208ad985f054e3a3e8685729f,
trainval_0721,TN3K,nodule,trainval,0721.jpg,0721.jpg,626,458,1,5276,0.01840199785147258,0.15045654052899138,63.28183448226869,23.51944835860876,9c1b8a3a8aaaf88cf7b3bbeb5b367533,
trainval_0722,TN3K,nodule,trainval,0722.jpg,0722.jpg,390,378,1,14600,0.09903676570343237,0.08205131023311492,61.98517982263777,103.65429385429385,9670b9c14b65d67242056d4e56cb0020,
trainval_0723,TN3K,nodule,trainval,0723.jpg,0723.jpg,389,379,1,40838,0.27699737504324057,0.06365509894268638,69.10939315486404,104.2373788416276,87b1a58264c440d77519ad675653f799,
trainval_0724,TN3K,nodule,trainval,0724.jpg,0724.jpg,327,333,1,56527,0.5191154457209503,0.11997410529659189,64.76743180537892,78.04163796824348,1a349923e9ca9e0a76d566a790a5a1e7,
trainval_0725,TN3K,nodule,trainval,0725.jpg,0725.jpg,338,376,1,22094,0.17384804230139747,0.06003038722680463,55.13650824583947,52.826293591841875,e594606dd46f2d0949ff1973cf47e012,
trainval_0726,TN3K,nodule,trainval,0726.jpg,0726.jpg,292,264,1,5349,0.06938823163138232,0.11251397758579967,61.319501224275584,65.42529317144043,e2690340f094256cb55bdf34ac011017,
trainval_0727,TN3K,nodule,trainval,0727.jpg,0727.jpg,289,303,1,446,0.005093242888302671,0.10757545885709846,72.19203667366602,49.020030376740095,c0248ee99b5b02f197fcb11bd6fe0d71,
trainval_0728,TN3K,nodule,trainval,0728.jpg,0728.jpg,386,315,1,9512,0.07823011760835595,0.13159012129702535,71.54035191857707,82.60607780245086,8fcb584ccc2d5bc7d0aeb23db3195f2c,
trainval_0729,TN3K,nodule,trainval,0729.jpg,0729.jpg,341,376,1,38223,0.29811411992263054,0.1449776902454725,58.03523000622853,89.7239580083609,e280c930229f2e3b9b1647ed58428d2a,
trainval_0730,TN3K,nodule,trainval,0730.jpg,0730.jpg,340,375,1,28267,0.22170196078431373,0.16887259548256767,52.68583158200236,96.57970196078432,e6eb14f5e2f2d27f62235fce99bc4a7b,
trainval_0731,TN3K,nodule,trainval,0731.jpg,0731.jpg,342,372,1,1859,0.014612022888763126,0.12688414526649822,102.50929395644663,79.08206784883356,b2143fc451ef495e8be0cc271c32b7f1,
trainval_0732,TN3K,nodule,trainval,0732.jpg,0732.jpg,303,373,1,30660,0.27128181987099514,0.06868150573835737,52.739599146203815,82.93026836195683,053b761a7e526a9ca3e0774ca535dc7b,
trainval_0733,TN3K,nodule,trainval,0733.jpg,0733.jpg,394,403,1,12688,0.07990830194858359,0.16404016413910458,90.29023815900723,76.82426849390988,840e7e7e858d625a5f88d4fc6df841f4,
trainval_0734,TN3K,nodule,trainval,0734.jpg,0734.jpg,360,333,1,37146,0.30985985985985987,0.014710640623018174,74.90461430909873,51.19662996329663,04d86d093aec9bddeb59cca4f91ef704,
trainval_0735,TN3K,nodule,trainval,0735.jpg,0735.jpg,360,324,1,1741,0.014926268861454046,0.14196404744672445,123.07509544992396,40.61949588477366,cf263e824cea8ec793790fe38ecffb34,
trainval_0736,TN3K,nodule,trainval,0736.jpg,0736.jpg,305,375,1,7345,0.06421857923497268,0.03975571004238493,61.54756929922366,85.8944174863388,7a61139b5d37ffb89ee93e27de1e51bf,
trainval_0737,TN3K,nodule,trainval,0737.jpg,0737.jpg,304,373,1,24121,0.21272223790038097,0.06872554846082632,54.13726657478655,78.34387787498237,a1f55a06807b2ced1c1adc1037869a08,
trainval_0738,TN3K,nodule,trainval,0738.jpg,0738.jpg,390,370,1,25539,0.176985446985447,0.05766367885756,50.167244565126786,106.68388773388773,307cddc709a354c6259b9322b45c7182,
trainval_0739,TN3K,nodule,trainval,0739.jpg,0739.jpg,538,374,1,8986,0.04465936425262907,0.15523927545009295,53.74632006677237,108.27980438542433,98b402870d3307534fbd45e801b1c89f,
trainval_0740,TN3K,nodule,trainval,0740.jpg,0740.jpg,454,378,1,22332,0.13013076008670724,0.07052452791038903,54.723540930298846,123.23792625224343,f56019d23e9a762a074b2a975d9f9f5a,
trainval_0741,TN3K,nodule,trainval,0741.jpg,0741.jpg,255,232,1,26015,0.43973968897903987,0.12419327903433401,90.83630043494097,42.820233265720084,d2eb4f506c1d29be7fa04be91ee9fbeb,
trainval_0742,TN3K,nodule,trainval,0742.jpg,0742.jpg,370,326,1,62104,0.514873155363953,0.18928589439476315,91.67595708174906,72.71850439396452,e19d62fc4084bc4aa8647237d49f1748,
trainval_0743,TN3K,nodule,trainval,0743.jpg,0743.jpg,373,330,1,20503,0.1665691770249411,0.07660540415734901,85.2194143445171,59.01204809488992,d7620329d77a5e5eb5732d4a872f2a9e,
trainval_0744,TN3K,nodule,trainval,0744.jpg,0744.jpg,394,404,1,4168,0.026184851987736846,0.11124903435828862,71.61569416540654,91.40325802884857,fa06806f1f156312144537ca364328fb,
trainval_0745,TN3K,nodule,trainval,0745.jpg,0745.jpg,452,400,1,5444,0.03011061946902655,0.12276453588048004,74.47953930567515,82.17568584070797,29e5c4cff92d58ea903ce857083b147e,
trainval_0746,TN3K,nodule,trainval,0746.jpg,0746.jpg,632,519,2,65283,0.19902868222726275,0.24057877224042665,61.640629026767506,68.14503609668057,161f0ccc76c23610c1ce5220a0782138,
trainval_0747,TN3K,nodule,trainval,0747.jpg,0747.jpg,496,541,1,71103,0.2649774909069227,0.09795044555684528,62.741157100637125,92.35486852304574,f24ddcc72a1391242b17d26a587a1ee0,
trainval_0748,TN3K,nodule,trainval,0748.jpg,0748.jpg,496,543,1,122359,0.45431221410324957,0.24090176070129993,74.13283756727247,77.32154102061428,7c5bb92ca10e1e0df514ac13356297c9,
trainval_0749,TN3K,nodule,trainval,0749.jpg,0749.jpg,497,544,1,122247,0.4521504024144869,0.23428467457544394,71.26328955678218,67.20051559356136,d648252feb51dffe2118ecc3283a2ff1,
trainval_0750,TN3K,nodule,trainval,0750.jpg,0750.jpg,302,289,1,9706,0.11120786452485162,0.15512100669448983,141.8463589669627,127.99949586379157,ada06453c3e33e7a0ef43d5173aa0d89,
trainval_0751,TN3K,nodule,trainval,0751.jpg,0751.jpg,333,312,1,1777,0.017103642103642104,0.11262956562355479,62.87541840690062,61.12039924539925,c801d0f5177447eaf4fdc9fbf527c14c,
trainval_0752,TN3K,nodule,trainval,0752.jpg,0752.jpg,333,324,1,6013,0.05573165758350943,0.14370470530445717,72.50716967872768,60.62504170837504,507797f59f41248b3503e51ec3db5412,
trainval_0753,TN3K,nodule,trainval,0753.jpg,0753.jpg,294,282,1,15456,0.18642350557244175,0.15571875907553656,73.88315834664654,32.15653495440729,49fe69663492d56436dfa84f534185ee,
trainval_0754,TN3K,nodule,trainval,0754.jpg,0754.jpg,289,271,1,9829,0.12549955949386485,0.016824328602849985,84.45229313760679,63.40212464408381,b86045ca91957967ee9b14ad14b026b3,
trainval_0755,TN3K,nodule,trainval,0755.jpg,0755.jpg,288,263,1,17002,0.2244666244190959,0.12437579119561168,97.34965281862964,70.61425327418674,da36e38104df755929e826e22d80bffd,
trainval_0756,TN3K,nodule,trainval,0756.jpg,0756.jpg,413,337,2,11166,0.08022646769314777,0.1124209835490544,56.31568603769515,62.647071080104325,c226787e4973fd4fe462997e07075d37,
trainval_0757,TN3K,nodule,trainval,0757.jpg,0757.jpg,410,332,1,4153,0.030509844255069057,0.08736100357376037,138.48566531591027,49.33981046135762,1239d94be83b85a03204524051307597,
trainval_0758,TN3K,nodule,trainval,0758.jpg,0758.jpg,399,377,1,76822,0.5107064744088338,0.16455370309764447,51.918194036333034,120.03457582949416,b44cc9383e42c07c1a5c36ffd0fe550d,
trainval_0759,TN3K,nodule,trainval,0759.jpg,0759.jpg,398,377,1,57986,0.38645482052170665,0.11627895727254306,46.808638271374356,135.33914932753956,6a9ffd61a7fd450adecba60673295b3d,
trainval_0760,TN3K,nodule,trainval,0760.jpg,0760.jpg,398,372,1,12560,0.08483276598043983,0.040658570019290914,49.94068566701596,101.84508564327011,8b54672e0d530751477b30191e870ac7,
trainval_0761,TN3K,nodule,trainval,0761.jpg,0761.jpg,270,246,1,8182,0.12318578741342968,0.05339742510921319,77.89338978155025,37.60937970490816,9892cd277c1158e1177519ae8cb4d0af,
trainval_0762,TN3K,nodule,trainval,0762.jpg,0762.jpg,361,329,1,1715,0.014439794895974538,0.11757761489689046,53.80468499913643,43.60312034285041,eff9ba4922a9ff5ccde42c8d56f797c0,
trainval_0763,TN3K,nodule,trainval,0763.jpg,0763.jpg,359,330,1,2013,0.016991643454038998,0.1250432873310143,58.59513485863043,54.62186207478687,355ced9bfc97afe777c7e951c549601b,
trainval_0764,TN3K,nodule,trainval,0764.jpg,0764.jpg,331,336,1,3953,0.035543446986045175,0.025555088965603656,49.71116800397736,78.33016832110488,752a2fe52ae9e27d6ec09de9e0271fa0,
trainval_0765,TN3K,nodule,trainval,0765.jpg,0765.jpg,333,339,1,19148,0.16962094838201033,0.009700145290342315,32.15239420510115,75.67250436276984,a1b1fb832bf4e042c1ba7b078334ada3,
trainval_0766,TN3K,nodule,trainval,0766.jpg,0766.jpg,298,286,1,34938,0.4099357018820106,0.03725200687287887,52.630465768802544,61.22673299854508,1234468714ae48356474140ca33fabd8,
trainval_0767,TN3K,nodule,trainval,0767.jpg,0767.jpg,289,325,1,3439,0.036614319936119244,0.17046089568989847,116.91157956654692,76.81136012776152,b91a738ff6f8546fd8649da3628385b3,
trainval_0768,TN3K,nodule,trainval,0768.jpg,0768.jpg,290,281,1,2491,0.030568167873358695,0.12485828577464796,118.90645191350006,81.37546938274635,0936f2aed69c369ec012675e6273ea15,
trainval_0769,TN3K,nodule,trainval,0769.jpg,0769.jpg,289,295,1,2966,0.03478974840185326,0.12041049565062682,104.78676393003069,70.06487596035423,a3a90c997c8f868e981b9b9fa8ce25f6,
trainval_0770,TN3K,nodule,trainval,0770.jpg,0770.jpg,291,303,1,5460,0.061923718145010374,0.10909868547229781,85.27624283118101,50.90306556428839,b37469dbe46e4c5aefd60f4911868ef4,
trainval_0771,TN3K,nodule,trainval,0771.jpg,0771.jpg,387,295,1,12396,0.10857968729470503,0.10728486204462112,59.20149547319245,43.94751456225638,2028741560580cb885cc9aff8e7e2442,
trainval_0772,TN3K,nodule,trainval,0772.jpg,0772.jpg,276,270,2,8818,0.11833064949006979,0.09424788036774968,41.592201882220934,41.589452495974236,8a6ddb82c39af064c10fb77be50c5f04,
trainval_0773,TN3K,nodule,trainval,0773.jpg,0773.jpg,401,344,2,7066,0.05122368497361248,0.0799317642521399,63.57541940576942,86.35172243809082,1a33d29f07cd94820704bbde11177c09,
trainval_0774,TN3K,nodule,trainval,0774.jpg,0774.jpg,404,344,1,25932,0.1865933686391895,0.18540202763905275,107.65291188923383,76.2710324084734,4e303b66343faedf549f4b9c188c9ae3,
trainval_0775,TN3K,nodule,trainval,0775.jpg,0775.jpg,402,344,1,27772,0.20082725905356935,0.1730939880093769,100.76586356448483,76.0830223880597,b82584a3e2d86068e710daab4373debe,
trainval_0776,TN3K,nodule,trainval,0776.jpg,0776.jpg,283,267,1,16041,0.21229205542541787,0.009195351863195133,35.522885038084425,48.53555405566364,a3f3cac1de05a40ed00d526c6d4ec76a,
trainval_0777,TN3K,nodule,trainval,0777.jpg,0777.jpg,285,266,1,3639,0.04800158290463,0.15108018059455913,62.417321905140895,43.41402189684738,232cf6bc199cc1d97fecfe3a33a4cece,
trainval_0778,TN3K,nodule,trainval,0778.jpg,0778.jpg,273,244,1,30627,0.4597820212574311,0.17072014094896623,73.30942492462516,24.94630096679277,9abbcc63bc3a127a5b85fd54bf515a6f,
trainval_0779,TN3K,nodule,trainval,0779.jpg,0779.jpg,426,396,1,43264,0.2564613268838621,0.14342228397945098,55.92860069124438,51.08172689334661,e8fbb19d5e98ed678b4c4e6ef4e7baed,
trainval_0780,TN3K,nodule,trainval,0780.jpg,0780.jpg,272,241,1,5092,0.07767878935806688,0.057399257769898515,34.024924729342935,17.83497071027581,313313e7b00478292821207d2a625876,
trainval_0781,TN3K,nodule,trainval,0781.jpg,0781.jpg,272,249,1,28243,0.4170062603354595,0.032430033403851505,31.303419469560115,21.72299492085991,b277c13cbd223036e54b922c9030bb88,
trainval_0782,TN3K,nodule,trainval,0782.jpg,0782.jpg,365,332,1,77749,0.641599273807559,0.11637777285065062,46.91069258997113,44.96761016669417,28fc98c198eb1af848ec8bfeaa3ee3ef,
trainval_0783,TN3K,nodule,trainval,0783.jpg,0783.jpg,365,334,1,56991,0.467484209662866,0.06985273142165056,50.235240574396386,36.617143794602576,07bb49602422d2d07bf33bbd6675fd0d,
trainval_0784,TN3K,nodule,trainval,0784.jpg,0784.jpg,304,325,1,4309,0.04361336032388664,0.18305897442354,112.54468366258845,80.41354251012146,3fba6091c0015cb9e2501fae8fa2bfb0,
trainval_0785,TN3K,nodule,trainval,0785.jpg,0785.jpg,305,296,1,9977,0.11051174124944617,0.18279156250646866,69.16762400726358,88.65435312361542,796b69b6b3419f95cf98b24f5bd1ee7a,
trainval_0786,TN3K,nodule,trainval,0786.jpg,0786.jpg,226,182,1,6841,0.16631819507925702,0.07843648863152525,107.39824954197925,89.48084216668288,8c0b2a00900aa6fbc13963f79e938ad1,
trainval_0787,TN3K,nodule,trainval,0787.jpg,0787.jpg,225,227,1,5167,0.10116495349975527,0.0682717301072924,70.91354982311886,88.94132158590308,cf843acea434a2cc3c33d4b103688dc1,
trainval_0788,TN3K,nodule,trainval,0788.jpg,0788.jpg,291,300,1,37794,0.4329209621993127,0.13175473148542582,65.42744107566243,81.98490263459335,318c17404f09504a1fed64f8ba3ae03c,
trainval_0789,TN3K,nodule,trainval,0789.jpg,0789.jpg,291,324,1,7914,0.08393788977981417,0.0093423469521771,90.54538662108486,75.02244283229392,1b59f4a650542699fb451e35375d3f04,
trainval_0790,TN3K,nodule,trainval,0790.jpg,0790.jpg,304,327,1,8152,0.0820054723965878,0.07749377430807662,45.37932043900937,85.72068646386609,a78c203b59d77665dfcea9c28ff086e1,
trainval_0791,TN3K,nodule,trainval,0791.jpg,0791.jpg,458,380,1,19723,0.11332452309813836,0.077194292697764,37.9696563505415,99.48108480809009,b2e2b218ff50385a3ec4e9240a50dd7f,
trainval_0792,TN3K,nodule,trainval,0792.jpg,0792.jpg,456,384,1,21878,0.12494289108187134,0.1052444396325904,49.5699543991962,90.47163971125731,94c519215cc8127786adf2a5693bd8d1,
trainval_0793,TN3K,nodule,trainval,0793.jpg,0793.jpg,322,290,1,6985,0.07480188477189977,0.11711416300419998,74.76678129897044,69.07595844934676,d09314245ac45ccfe2d772b9a34b3e8f,
trainval_0794,TN3K,nodule,trainval,0794.jpg,0794.jpg,323,313,1,6807,0.06733004282930592,0.13526015729638255,82.52661702030255,66.09071306343287,28fa65ce7e1405a690da8f90f8b7600c,
trainval_0795,TN3K,nodule,trainval,0795.jpg,0795.jpg,324,313,1,6978,0.068808425038457,0.17464904148978466,77.02263945939119,75.84820336843767,57222dfc777d6b36f5965d984bbc6cb6,
trainval_0796,TN3K,nodule,trainval,0796.jpg,0796.jpg,293,326,1,2256,0.02361858497874746,0.14644247770029997,105.01980316347617,92.4595678301472,db46f8389f32bcd14e744ab2ff869c6e,
trainval_0797,TN3K,nodule,trainval,0797.jpg,0797.jpg,291,323,2,11788,0.12541359462938728,0.011073226655270944,88.0958448269312,78.27050950602704,5abfe30d32f118d3abb4a0555fa8a8eb,
trainval_0798,TN3K,nodule,trainval,0798.jpg,0798.jpg,290,321,1,7018,0.07538940809968847,0.11333049595669183,77.11321484340986,67.45525835213235,bc94bd65315568f99cf6413957ff4513,
trainval_0799,TN3K,nodule,trainval,0799.jpg,0799.jpg,429,391,1,87438,0.5212741222971402,0.02199588436192174,51.09018976850868,57.263576151044184,70247034a4bf0720088fa84471d84eb5,
trainval_0800,TN3K,nodule,trainval,0800.jpg,0800.jpg,426,392,1,21284,0.1274552074350867,0.0039019737834478036,57.40836328739027,66.48133443518252,501cb0140908dc2b3b8fc2b2cf4984fa,
trainval_0801,TN3K,nodule,trainval,0801.jpg,0801.jpg,316,253,1,11393,0.14250512833341672,0.1098728414452758,63.747714757517905,35.13812728273378,49c4cde517257052b4964963c195325a,
trainval_0802,TN3K,nodule,trainval,0802.jpg,0802.jpg,395,406,1,57237,0.35690590509446907,0.26836667871390374,65.14835606120077,99.89960092286587,ed0ebcc0909af50d52023d0f0f65b5e7,
trainval_0803,TN3K,nodule,trainval,0803.jpg,0803.jpg,453,377,1,9596,0.056188920313149586,0.07570898643052397,59.50873408683186,55.399687318846944,cbf02ec359c3d52e8eeb8bca497a34b7,
trainval_0804,TN3K,nodule,trainval,0804.jpg,0804.jpg,385,323,1,7913,0.06363234288930883,0.19124849824681675,96.75975607472957,44.450444292549555,ea913b44e9d8e03a7d4e1389ca359369,
trainval_0805,TN3K,nodule,trainval,0805.jpg,0805.jpg,290,328,1,9398,0.09880151387720774,0.15672864460934857,102.71317993372145,54.800273338940286,774d5ffe83522dfd0aa697411002ad62,
trainval_0806,TN3K,nodule,trainval,0806.jpg,0806.jpg,301,323,1,2991,0.030764325313968915,0.12200713288111506,69.02585001807182,120.3795809633523,1adeef314741d9b680d10487cf98e2f8,
trainval_0807,TN3K,nodule,trainval,0807.jpg,0807.jpg,304,334,1,5244,0.051646706586826345,0.04202160921453788,68.14187736046739,116.05949613930035,43eac5d3eed4f591f53897973146246f,
trainval_0808,TN3K,nodule,trainval,0808.jpg,0808.jpg,292,331,1,21314,0.22052311385175682,0.025240982973858305,94.10517862530706,65.08996192525763,cf224480cbbc474f4a8a532fe80e0f64,
trainval_0809,TN3K,nodule,trainval,0809.jpg,0809.jpg,290,324,1,9357,0.09958492975734355,0.026219968808082264,92.66281520704108,62.128001277139205,d02e751510c0a43e36bfabf2cd95e06f,
trainval_0810,TN3K,nodule,trainval,0810.jpg,0810.jpg,289,310,1,33034,0.3687241879674071,0.039831134173899684,92.03464474002035,86.15089853778323,481b45ea937b3e610f357379deac8f3e,
trainval_0811,TN3K,nodule,trainval,0811.jpg,0811.jpg,230,292,1,1315,0.01958010720667064,0.11078784531167439,120.66251836189232,63.772453841572364,11be2dd970ff8753fe3c9fe938b3d7b3,
trainval_0812,TN3K,nodule,trainval,0812.jpg,0812.jpg,316,406,1,22606,0.17620190808754754,0.13067207542514736,58.10771228304747,51.131149840992705,c7f5100c87af2d295fd1a9e60191b732,
trainval_0813,TN3K,nodule,trainval,0813.jpg,0813.jpg,314,405,1,13116,0.1031375324368955,0.011315590372894337,62.77273670697467,47.142588660847686,e778631f878fe3c98e723a57e17c1383,
trainval_0814,TN3K,nodule,trainval,0814.jpg,0814.jpg,414,332,1,7677,0.05585385018334207,0.0702591124428013,82.8187931932283,42.89302136080554,a0ad05a7b386bbd027a5dce6e1cf3e96,
trainval_0815,TN3K,nodule,trainval,0815.jpg,0815.jpg,520,327,1,1223,0.007192425311691367,0.08824562180905536,62.444743218194446,40.220465772759354,97b32d46fed6b08430ca8e8f5b1d1b62,
trainval_0816,TN3K,nodule,trainval,0816.jpg,0816.jpg,275,306,1,19771,0.23494949494949494,0.08718178278414992,79.26555416330707,88.17026737967915,fee81de241979ea68e4c8d306478cdd8,
trainval_0817,TN3K,nodule,trainval,0817.jpg,0817.jpg,385,314,1,3231,0.02672677640830507,0.07000744487649396,54.951863402691366,48.80808172719001,6ef655def4d7032a4f559350f0784ee7,
trainval_0818,TN3K,nodule,trainval,0818.jpg,0818.jpg,273,335,1,7637,0.08350554917719097,0.11909097059050834,57.67467469203275,52.07215570499152,81a055ac91e61d593b3eda114c980a1e,
trainval_0819,TN3K,nodule,trainval,0819.jpg,0819.jpg,314,357,1,10056,0.08970722046780495,0.04654116113322712,122.08757410430725,88.72668557869008,31f900dd5f13b4cec700d7bc88769fa3,
trainval_0820,TN3K,nodule,trainval,0820.jpg,0820.jpg,260,332,1,11965,0.13861214087117701,0.061949849353998075,103.18260015909938,114.00267608897127,15249e475088bf715652d8aaaa30337f,
trainval_0821,TN3K,nodule,trainval,0821.jpg,0821.jpg,261,259,1,962,0.014230979748221127,0.13564107602442035,107.37516627586638,82.62617790203997,0330af95fa050b75a0c6609750967471,
trainval_0822,TN3K,nodule,trainval,0822.jpg,0822.jpg,292,317,1,1209,0.013061233308845772,0.17970395377464576,155.48733136674053,92.74509528542414,b278972e341b7a0c48428992f187fcce,
trainval_0823,TN3K,nodule,trainval,0823.jpg,0823.jpg,291,300,1,314,0.0035967926689576173,0.02813541398029975,137.31007606120494,51.04537227949599,095de205965d791f4c84ad813b0a238d,
trainval_0824,TN3K,nodule,trainval,0824.jpg,0824.jpg,292,304,1,7242,0.08158345349675558,0.07340999771410388,88.37583077412425,73.6285035147801,e59e0c36cc54b4b67c9e668b54903981,
trainval_0825,TN3K,nodule,trainval,0825.jpg,0825.jpg,271,250,1,8970,0.13239852398523985,0.08864970221750956,82.31026173239246,59.843025830258306,5723fecce319c721dec098dc61b31975,
trainval_0826,TN3K,nodule,trainval,0826.jpg,0826.jpg,484,388,1,35353,0.18825615574678367,0.0692657375675908,38.35007785247628,66.3308447644202,b6f6d6a8784e0b3b29c9132a55414900,
trainval_0827,TN3K,nodule,trainval,0827.jpg,0827.jpg,321,329,1,38764,0.3670520504881213,0.32653846748627513,77.69217071485446,91.29844994271322,39f9f76b9c8f2fb1daddd066b3fda46e,
trainval_0828,TN3K,nodule,trainval,0828.jpg,0828.jpg,322,319,1,2042,0.019879670554333224,0.13329994336678855,77.06032040477717,89.54754765474405,d3b3032dbe16a3c59e009cebf8364752,
trainval_0829,TN3K,nodule,trainval,0829.jpg,0829.jpg,425,390,1,7323,0.04418099547511312,0.015716161226830658,91.80790150556359,52.77817797888386,dec4e1b65941fecb32b89e2d6b05e527,
trainval_0830,TN3K,nodule,trainval,0830.jpg,0830.jpg,423,392,1,5597,0.03375428185458581,0.04771017222782128,71.53255717932454,48.6837156848555,641cb369a7b4be92a1a80faf1152e035,
trainval_0831,TN3K,nodule,trainval,0831.jpg,0831.jpg,426,390,1,11169,0.06722643553629469,0.0528123540059192,59.78072718535554,45.46789454676779,bf4cda45f7730d12277474d04595a4ab,
trainval_0832,TN3K,nodule,trainval,0832.jpg,0832.jpg,360,325,1,6292,0.05377777777777778,0.10911045018585618,79.50713566828053,51.305623931623934,397b7f0d7762e7a6b4bbaa4d745d68f4,
trainval_0833,TN3K,nodule,trainval,0833.jpg,0833.jpg,287,306,1,8410,0.09576188198856779,0.011275729909220732,117.11669952818212,64.50828949465965,009a4647c3f6835f5d123faed6fecb78,
trainval_0834,TN3K,nodule,trainval,0834.jpg,0834.jpg,289,298,1,3831,0.04448340725946912,0.002945766658185965,117.28201968824806,44.07982861522027,275c315593edc8ad828f7329f83fc9ad,
trainval_0835,TN3K,nodule,trainval,0835.jpg,0835.jpg,380,330,1,3235,0.02579744816586922,0.07362151596594972,60.2500002781345,41.84732057416268,8f47ad66328129a79cd4bc67fab954e8,
trainval_0836,TN3K,nodule,trainval,0836.jpg,0836.jpg,378,312,1,19772,0.16765025098358433,0.08223111903690893,90.78478373478812,47.53964862298196,91912fe1c9b15a4b877e5bca39e96bf9,
trainval_0837,TN3K,nodule,trainval,0837.jpg,0837.jpg,271,319,1,9407,0.1088156022626057,0.047564384649260175,58.91239753926131,45.31626739464887,ff34e5bee8d9049774deb027572dacd9,
trainval_0838,TN3K,nodule,trainval,0838.jpg,0838.jpg,291,312,1,2278,0.02509031632742973,0.06446114469004739,90.70917259648834,86.80689928628072,d58afc44be672e16909668d195413cc0,
trainval_0839,TN3K,nodule,trainval,0839.jpg,0839.jpg,291,293,1,3834,0.04496674993842581,0.08785643016570238,132.93862615957212,82.92860912705395,c0239f8e7a7cdd1ae5ea5d299c7ee57b,
trainval_0840,TN3K,nodule,trainval,0840.jpg,0840.jpg,292,313,1,45329,0.49596262418486586,0.020510710340294606,68.42477631105382,45.769989933913955,80f8e86acf218f126884d142a0eee284,
trainval_0841,TN3K,nodule,trainval,0841.jpg,0841.jpg,332,390,1,5243,0.04049274019153537,0.04383872869789909,48.42117619290807,43.12974204510349,75eab8381cdaa441faf22e4f471e26c7,
trainval_0842,TN3K,nodule,trainval,0842.jpg,0842.jpg,332,390,1,39229,0.30297343219029965,0.04288574479790112,61.64707939397111,57.735928328699416,398955c8417437d3b25aaea710c5d695,
trainval_0843,TN3K,nodule,trainval,0843.jpg,0843.jpg,272,269,1,2927,0.040003826809534224,0.03448382762090894,48.26144500456126,24.122649245571836,ac43fa54870614b512e61bfc7ce43cb6,
trainval_0844,TN3K,nodule,trainval,0844.jpg,0844.jpg,274,249,1,1360,0.01993374959692786,0.01658534937479793,92.03345666335578,20.827499780142468,1e005e7f7c502bbc2f5abb942f927d27,
trainval_0845,TN3K,nodule,trainval,0845.jpg,0845.jpg,289,286,1,6832,0.08265782660246328,0.10159460601984285,83.94103317798199,50.612142183076436,c031ce33e9e5eb7361b3be5e28a56941,
trainval_0846,TN3K,nodule,trainval,0846.jpg,0846.jpg,456,376,1,49462,0.2884821761851437,0.014124266878464338,53.006500706404964,81.29755739081747,34f20d671513bd84dd56f9af9577c530,
trainval_0847,TN3K,nodule,trainval,0847.jpg,0847.jpg,453,377,1,6474,0.03790819821877141,0.043988991951429995,54.88770427311613,72.35136227097863,4f80b55d9e366738429f04ab25cd023b,
trainval_0848,TN3K,nodule,trainval,0848.jpg,0848.jpg,457,376,1,26350,0.15334745565436006,0.033966946994188243,70.35494404255007,76.65470925089622,6a6e4ed84608f8ba120b2742755f2e83,
trainval_0849,TN3K,nodule,trainval,0849.jpg,0849.jpg,310,379,1,35089,0.29865520469827217,0.006210268818598568,78.26291846961558,112.57011660566857,9c2062df50f1e245d4c5bfad0c9e4583,
trainval_0850,TN3K,nodule,trainval,0850.jpg,0850.jpg,313,365,1,40694,0.3561993960348374,0.1239222636519712,71.87284176583393,91.81215808131647,ccf1f85a5679487f8106c70b34666739,
trainval_0851,TN3K,nodule,trainval,0851.jpg,0851.jpg,312,362,1,16591,0.14689580677149738,0.24723070375322628,85.52470665666175,102.92388263210087,263c9ca481851a0c3bb95a697a075b15,
trainval_0852,TN3K,nodule,trainval,0852.jpg,0852.jpg,318,330,1,13077,0.12461406518010291,0.21716574646939454,95.62384549978029,90.3350867162188,317ad6900bed199030d2e79cdbac9fe8,
trainval_0853,TN3K,nodule,trainval,0853.jpg,0853.jpg,482,394,1,99521,0.5240484866356341,0.10456253323173272,85.68732044558351,144.56129283653138,48cf98641c6116093e5ad71f961c59f4,
trainval_0854,TN3K,nodule,trainval,0854.jpg,0854.jpg,485,394,1,3575,0.018708461981265374,0.0625930168245642,81.28575666663302,108.64125804594694,5c8139bef7483a7548a74855ec0172ce,
trainval_0855,TN3K,nodule,trainval,0855.jpg,0855.jpg,585,386,1,9915,0.04390859572206723,0.12562466407389988,63.899094713173575,99.23601257694521,21e8d06ba5c5724d5be56692d64fdd84,
trainval_0856,TN3K,nodule,trainval,0856.jpg,0856.jpg,231,238,1,22614,0.41132816763068863,0.034195848290585945,92.96253183153077,59.559660227727456,67f06df50bae56005e0d2c09a2fe8336,
trainval_0857,TN3K,nodule,trainval,0857.jpg,0857.jpg,314,333,1,40336,0.38576155773608,0.1605760086526089,59.95049327470116,64.30461353072818,96582c0360b8146347a8d7b7159ea586,
trainval_0858,TN3K,nodule,trainval,0858.jpg,0858.jpg,271,249,1,4841,0.07174083789030661,0.1614752636862631,61.679478187941456,52.51762770639755,fd245d6c9bd4c6791bb4f1f11e030e2b,
trainval_0859,TN3K,nodule,trainval,0859.jpg,0859.jpg,322,345,1,45769,0.41199927986317403,0.027571098003147432,74.84603883392123,120.331190926276,72d961ab961c6b345ac5461540b8beb8,
trainval_0860,TN3K,nodule,trainval,0860.jpg,0860.jpg,321,345,1,10918,0.09858684364982617,0.046661316646689925,57.830607986940116,92.15467063975801,fb5fc35d83e316be992c1a1638091786,
trainval_0861,TN3K,nodule,trainval,0861.jpg,0861.jpg,737,638,1,12279,0.02611408616648873,0.011156695781193037,57.97955812704729,44.306542238933574,c1a42c585e36a98e46d1e32aef3d26c0,
trainval_0862,TN3K,nodule,trainval,0862.jpg,0862.jpg,736,580,1,17469,0.04092250749625188,0.08136893383027187,57.00629517275342,39.67475402923538,dfc560bd7d0e3dd8eb1c8cd546d0c7c7,
trainval_0863,TN3K,nodule,trainval,0863.jpg,0863.jpg,313,316,1,54874,0.5547983985117483,0.4109997463306638,110.78662561703139,106.3811420714199,007affbd15a9892104d48b4279f3e3c3,
trainval_0864,TN3K,nodule,trainval,0864.jpg,0864.jpg,271,301,1,11442,0.14027043924924298,0.1305266965286405,70.29206748421392,82.71743634379865,566986e6d35b862faf559439958aa8a1,
trainval_0865,TN3K,nodule,trainval,0865.jpg,0865.jpg,270,303,1,5735,0.07010145458990344,0.11718731718731717,98.31544428098374,63.37947683657254,087f0b2773d24c428235aa4ce92193ee,
trainval_0866,TN3K,nodule,trainval,0866.jpg,0866.jpg,368,333,1,22262,0.1816653610131871,0.17373629073450714,102.46302738097799,65.49576478652565,3d8303f33a75f92c507fb78dd13a0882,
trainval_0867,TN3K,nodule,trainval,0867.jpg,0867.jpg,365,334,1,46114,0.3782626527766385,0.12742993973123293,69.71394822406165,76.60571733245837,3af0eb0967d91f6c3477c3f511c9aab1,
trainval_0868,TN3K,nodule,trainval,0868.jpg,0868.jpg,314,258,1,2921,0.036056386708142006,0.0387068187553397,54.3488918130474,73.40575470300696,1e3250c593de3ce7c95361f7357ca80c,
trainval_0869,TN3K,nodule,trainval,0869.jpg,0869.jpg,316,337,1,2792,0.02621793186342636,0.0659060334013983,49.83398527395906,69.26465837809413,048e17e26844a5e4e087a2b7b5923dbb,
trainval_0870,TN3K,nodule,trainval,0870.jpg,0870.jpg,317,298,1,4589,0.04857832447653124,0.08828286769405778,72.06721048548823,74.30406707175068,404677b1777ea4657e8d5c32549e768f,
trainval_0871,TN3K,nodule,trainval,0871.jpg,0871.jpg,313,376,1,12616,0.10719869485419074,0.01753961502233912,51.18619815073915,79.31750050982258,2dea0088fc27ddc6dcd4d0d8c4c10394,
trainval_0872,TN3K,nodule,trainval,0872.jpg,0872.jpg,312,375,1,14954,0.1278119658119658,0.07272420823858612,88.56380424607076,70.44182051282051,67caab98c52f6633566ecbd9ac75e8ff,
trainval_0873,TN3K,nodule,trainval,0873.jpg,0873.jpg,292,318,1,4556,0.0490652192642371,0.08727102920912061,85.21846270919467,95.51598173515981,02409f88e80b0e898c5b240fa4d8b9fb,
trainval_0874,TN3K,nodule,trainval,0874.jpg,0874.jpg,377,366,1,16451,0.11922569610528909,0.1061962884208008,64.543667258754,78.38759403400444,43ee45855a24613a7f2b4540629177b3,
trainval_0875,TN3K,nodule,trainval,0875.jpg,0875.jpg,377,367,1,71326,0.5155139889707211,0.19690140927242142,89.62736701019767,116.58180530359428,8ca0966efcf03ed4175d494eff4d7233,
trainval_0876,TN3K,nodule,trainval,0876.jpg,0876.jpg,391,402,1,13425,0.08541054319196854,0.007867895933620552,97.06034941448301,86.0350358183507,ed73ae72927201a5cf82e273137cf0c1,
trainval_0877,TN3K,nodule,trainval,0877.jpg,0877.jpg,451,403,1,17824,0.09806715707581168,0.29251499319856344,93.58116022991572,107.2561443277415,95d90d0932e60d74ef5aa20491cc79c8,
trainval_0878,TN3K,nodule,trainval,0878.jpg,0878.jpg,450,405,1,19669,0.10792318244170096,0.27478352477095697,87.04914760337837,81.95765157750343,ddf37b5d64a666e71087e65ae447d2b9,
trainval_0879,TN3K,nodule,trainval,0879.jpg,0879.jpg,316,299,1,9410,0.09959358198213454,0.009080722524553478,78.39301554914698,50.60725625502731,eef44e0bb088db8dc911081637b3aa5b,
trainval_0880,TN3K,nodule,trainval,0880.jpg,0880.jpg,314,342,1,10704,0.09967594144597161,0.03085756020512494,111.08611895916573,93.10512347748352,3130a334d7443f381739bbdd22179620,
trainval_0881,TN3K,nodule,trainval,0881.jpg,0881.jpg,287,225,1,2826,0.04376306620209059,0.08730353325971421,78.32967380944383,34.37460317460317,d7241d82c31672098be1c6739aa98dcf,
trainval_0882,TN3K,nodule,trainval,0882.jpg,0882.jpg,283,224,1,9972,0.15730691569914185,0.06561509238614903,82.68353822627674,58.65815875820293,8b9420a99834339dc369f505365c1d08,
trainval_0883,TN3K,nodule,trainval,0883.jpg,0883.jpg,272,333,1,33582,0.37076046634870163,0.03512510246284368,91.14709970719302,43.88378819996467,4fbec85e903c959e6792878c422b3150,
trainval_0884,TN3K,nodule,trainval,0884.jpg,0884.jpg,316,340,1,6360,0.05919583023082651,0.09867126058710578,66.7281719691083,44.940450483991064,6f36dba70afb66946a740d94b71e38f7,
trainval_0885,TN3K,nodule,trainval,0885.jpg,0885.jpg,502,396,1,1785,0.00897923457684414,0.0009397632927045031,73.07116739391151,70.30957483198519,869934a48b4b680ef002a570d97529ac,
trainval_0886,TN3K,nodule,trainval,0886.jpg,0886.jpg,500,394,1,43409,0.2203502538071066,0.06388749152301079,69.05400104955916,94.44312182741116,8aea2b0f595d60d8b69cfd8a5e2c45b3,
trainval_0887,TN3K,nodule,trainval,0887.jpg,0887.jpg,291,320,1,1873,0.020113831615120276,0.04499263489855467,93.18825877400766,68.50457474226805,da3ffeed2225ec0038ffcee3ff451c61,
trainval_0888,TN3K,nodule,trainval,0888.jpg,0888.jpg,291,315,1,6269,0.06839033436971581,0.057879926703493685,107.3973233105115,49.83184421534937,0cbf558769141cd112ca4457c42973ef,
trainval_0889,TN3K,nodule,trainval,0889.jpg,0889.jpg,277,316,1,17841,0.20382260201983274,0.1165500670070845,91.23207434078627,24.828108577434538,92f9ca0ba1568166073f9b5b45af8626,
trainval_0890,TN3K,nodule,trainval,0890.jpg,0890.jpg,301,293,1,3657,0.04146587597655143,0.09621050066289066,88.37479036259042,107.28972820972186,c60d415c091a6429f4b752fe3c0015a4,
trainval_0891,TN3K,nodule,trainval,0891.jpg,0891.jpg,314,386,1,7503,0.061903897561136595,0.0334571966003604,54.76978874609789,39.122207187881585,ace9c8fe0f397683d15fbf5be14ea755,
trainval_0892,TN3K,nodule,trainval,0892.jpg,0892.jpg,304,333,1,3360,0.03319108582266477,0.09601112522730101,74.32026906203706,89.87219456298403,c3a0415fc1d5e4fadb0295e1e6f338af,
trainval_0893,TN3K,nodule,trainval,0893.jpg,0893.jpg,291,328,1,26707,0.27980680580001677,0.05885268834582815,96.51207739633517,88.81142611683849,d44857b961cfb549dde170194560ecd5,
trainval_0894,TN3K,nodule,trainval,0894.jpg,0894.jpg,289,331,1,37732,0.3944427602212024,0.05525088063185867,120.84177147975585,93.06075748230694,470f9b5bda50d51ab1b7427a7db0fb9d,
trainval_0895,TN3K,nodule,trainval,0895.jpg,0895.jpg,498,350,1,73845,0.4236660929432014,0.15834132194988024,67.39704444499215,88.42668387837062,36d636579100cbbd5d06ca4f2b844ef7,
trainval_0896,TN3K,nodule,trainval,0896.jpg,0896.jpg,503,363,1,24275,0.1329488632940648,0.012232164566656108,54.17496695658907,67.55207049712743,d6dd3c23353c5b2e1a9bc35bb2446f8e,
trainval_0897,TN3K,nodule,trainval,0897.jpg,0897.jpg,497,366,1,9490,0.052170949192422295,0.16094751889723521,74.49192065871246,65.8887093050104,1c406dad6cff629c611bb45feb592656,
trainval_0898,TN3K,nodule,trainval,0898.jpg,0898.jpg,501,355,1,5506,0.030957802704450255,0.03418231749753072,69.2188262323561,28.155328779061595,b46a12017a433dd80560361144d1044b,
trainval_0899,TN3K,nodule,trainval,0899.jpg,0899.jpg,502,352,1,7990,0.0452168598333937,0.04361539510799209,79.23307784576406,27.693113908004346,0967b5ef686f5052075a3d64c9fbf673,
trainval_0900,TN3K,nodule,trainval,0900.jpg,0900.jpg,499,356,1,60623,0.3412611740334602,0.051242269511212545,61.546756398684884,75.55900565175294,6ecfa09282249d11da509eec3e6583b4,
trainval_0901,TN3K,nodule,trainval,0901.jpg,0901.jpg,290,276,1,3538,0.04420289855072464,0.04299320338340003,73.60866022367948,31.736094452773614,f1db1d5ea9f7482e9cec975c2e96788a,
trainval_0902,TN3K,nodule,trainval,0902.jpg,0902.jpg,289,289,1,3141,0.03760730834161469,0.08572272284742698,70.89804506067539,35.18824008333234,5a03d4e55524b633d6b7a6639eda59bc,
trainval_0903,TN3K,nodule,trainval,0903.jpg,0903.jpg,389,380,1,12672,0.08572588283046949,0.08375177054657186,58.95582151435449,79.93937897442837,f274c6e6b3bccfb3a66f9ff234be238d,
trainval_0904,TN3K,nodule,trainval,0904.jpg,0904.jpg,389,375,1,30606,0.20980976863753215,0.0009894789805573465,71.48886218163089,83.27782005141388,1927ce6dac4099ec3e17738cfd7fa827,
trainval_0905,TN3K,nodule,trainval,0905.jpg,0905.jpg,386,373,1,10698,0.07430301851671783,0.03442953081154691,55.801684464193684,57.8332314659184,8b1e03862463339cc42b0ca935ac9fab,
trainval_0906,TN3K,nodule,trainval,0906.jpg,0906.jpg,536,372,1,11250,0.056421521425132404,0.061262166803863115,61.84949198546016,71.0437831006259,ff5a354f180c354cbf5f0d389a21c9f3,
trainval_0907,TN3K,nodule,trainval,0907.jpg,0907.jpg,538,375,1,3134,0.015534076827757126,0.047618480642777884,58.54664986973306,68.98442627013631,60f4af48e74b5cdf6b844ea87832ad72,
trainval_0908,TN3K,nodule,trainval,0908.jpg,0908.jpg,292,323,1,3418,0.036239874464565926,0.05827850098978415,89.6745122079873,76.87509012256669,dcaca07212418c842374c8363e8abd42,
trainval_0909,TN3K,nodule,trainval,0909.jpg,0909.jpg,291,319,1,29991,0.32307791746113823,0.022771645710790826,86.43109370543779,76.24556981115815,d16decd0d51d25a7dee637b98d87fe31,
trainval_0910,TN3K,nodule,trainval,0910.jpg,0910.jpg,265,319,1,20127,0.23809073164961259,0.09795255505408637,100.76564556590519,75.7747915064766,bca4552d5f581c9ed5edb163405f6bbc,
trainval_0911,TN3K,nodule,trainval,0911.jpg,0911.jpg,374,336,1,4524,0.03600076394194041,0.03158561946358541,45.31784743602525,36.59967850776674,6442ed5a554ecc3c1cfd49f109cddcea,
trainval_0912,TN3K,nodule,trainval,0912.jpg,0912.jpg,374,389,1,6937,0.04768156386181488,0.022076965208001707,85.31811004583511,45.54340623840095,9e42bf949230e4897e699e0f167291e8,
trainval_0913,TN3K,nodule,trainval,0913.jpg,0913.jpg,313,401,1,1496,0.01191908407894003,0.14494899564103722,107.59911061159842,51.28168396899126,cc6eb3740a597926d5f6f330d2491be3,
trainval_0914,TN3K,nodule,trainval,0914.jpg,0914.jpg,316,341,1,1725,0.01600838932402836,0.16379896886290746,103.91509782817043,79.41277515869186,37c2fe2b96d9c8eec54a60848f19e0cd,
trainval_0915,TN3K,nodule,trainval,0915.jpg,0915.jpg,315,339,1,1280,0.011986702252188978,0.1871430644626272,128.90055868664714,84.40502879617924,2c150c792dcd853d272cf027bc6a6230,
trainval_0916,TN3K,nodule,trainval,0916.jpg,0916.jpg,314,340,2,18736,0.17549644061446235,0.04405204740303227,67.60876611091956,68.52755713750469,7defd30ec42cd6de95317430f28d1cf2,
trainval_0917,TN3K,nodule,trainval,0917.jpg,0917.jpg,310,339,1,5900,0.05614235417261395,0.14908893869769138,77.34580043290448,78.45484822533066,8806689aa014ae94528b075f7cfae924,
trainval_0918,TN3K,nodule,trainval,0918.jpg,0918.jpg,310,339,1,1965,0.018698258635455323,0.1509875077211673,139.9671640125465,88.55820725092778,cfaea6650903984ffce032f5765d3577,
trainval_0919,TN3K,nodule,trainval,0919.jpg,0919.jpg,312,341,1,2599,0.024428528460786525,0.18592515318690436,111.93114678086005,90.59990412812994,683dda4d12b9e40279f7321d02da00b7,
trainval_0920,TN3K,nodule,trainval,0920.jpg,0920.jpg,312,338,1,19147,0.18156387498103474,0.02297707501180745,92.31669527620156,79.00615422545896,9a6a0e45ba8caffffea8ccece07a253c,
trainval_0921,TN3K,nodule,trainval,0921.jpg,0921.jpg,281,336,1,24480,0.2592780884595831,0.05993955458916812,62.139328539009874,141.89130020335537,1c7ea220d41e85ab9b65ad4a3ccd1ad6,
trainval_0922,TN3K,nodule,trainval,0922.jpg,0922.jpg,281,303,1,13258,0.1557145038347251,0.003946231308388887,67.74235118878906,140.25175293330045,a203e70e2dd028f3d8969c62a3ce494e,
trainval_0923,TN3K,nodule,trainval,0923.jpg,0923.jpg,328,338,1,32119,0.2897153268869967,0.06473648327829717,88.72415512936158,73.09748881512483,ada7ce27d43f30c7d0fcea28b9145f2f,
trainval_0924,TN3K,nodule,trainval,0924.jpg,0924.jpg,326,335,1,39946,0.3657723651680249,0.06799983470812808,81.49131622708663,79.19923999633733,18515c3e5e3b120c276dead1c8b3da13,
trainval_0925,TN3K,nodule,trainval,0925.jpg,0925.jpg,303,378,1,16038,0.14002828854314003,0.2400514291432767,67.7459270806562,120.95228491103079,9a62de38cebb9e8e537523d5b0b2f0dc,
trainval_0926,TN3K,nodule,trainval,0926.jpg,0926.jpg,304,312,1,4363,0.04599991565452092,0.11004844279647984,83.99649915895733,112.78794492240216,ef385daa0bf4bfbd93d8792b07fb4090,
trainval_0927,TN3K,nodule,trainval,0927.jpg,0927.jpg,374,388,1,23072,0.1589944318870941,0.13677281001978647,55.69019546580181,81.17104029990628,01c5a34c4c1090be0c52c4ed29a824d7,
trainval_0928,TN3K,nodule,trainval,0928.jpg,0928.jpg,394,372,1,1155,0.007880301293597512,0.11984224508630019,76.94216158678094,40.29389089023525,55ee1f6208bec3e39bb5352d7f047405,
trainval_0929,TN3K,nodule,trainval,0929.jpg,0929.jpg,446,396,1,42095,0.23834193957512342,0.00638136137850399,87.62550430442556,56.8821850794945,84e9ab5259faf680fac9a72d6e23c94a,
trainval_0930,TN3K,nodule,trainval,0930.jpg,0930.jpg,427,388,1,7300,0.044061903957121125,0.13359636292388213,55.851046310501886,59.2135070861199,30cd56c33ead6ff9d5f9d300c3c57714,
trainval_0931,TN3K,nodule,trainval,0931.jpg,0931.jpg,395,405,1,12033,0.07521800281293953,0.07244833862613673,75.48442635710282,85.43615564932021,445a3a0fceefdef968f21c198eb15ce0,
trainval_0932,TN3K,nodule,trainval,0932.jpg,0932.jpg,500,401,1,26828,0.1338054862842893,0.027933688816537038,62.212787477990624,55.60447880299252,5d4326a23232b435339bb6263f52941a,
trainval_0933,TN3K,nodule,trainval,0933.jpg,0933.jpg,340,376,1,42716,0.33413642052565706,0.06865749983234544,59.661298082991735,106.47834011264081,34cdb8139d8b98b6511781e3b8224a43,
trainval_0934,TN3K,nodule,trainval,0934.jpg,0934.jpg,342,375,1,2541,0.019812865497076025,0.09420060035033295,63.625616778824345,112.17194541910331,7d1aeb9fca15d43a65c4759bb706bbb4,
trainval_0935,TN3K,nodule,trainval,0935.jpg,0935.jpg,291,324,1,6765,0.07175130456917399,0.08959383283444926,114.35211799292541,55.22201009715328,f636f51545917d9167ab80092263854a,
trainval_0936,TN3K,nodule,trainval,0936.jpg,0936.jpg,291,318,1,14918,0.16120944909118418,0.09967478406707132,108.95332592303996,49.14081782619032,b01dcb017e31813d6c617d16bf04b43f,
trainval_0937,TN3K,nodule,trainval,0937.jpg,0937.jpg,290,313,1,2017,0.022220998127134517,0.0015176434976569017,90.67436675147655,34.969185854357164,2fcfdedd6173b9d03a85c8ab9c8c15d2,
trainval_0938,TN3K,nodule,trainval,0938.jpg,0938.jpg,291,302,1,2578,0.02933478983181994,0.08717489848127453,127.98414008362586,46.83845383582531,4b69cfc1e3773973b70ad04d0f6187a2,
trainval_0939,TN3K,nodule,trainval,0939.jpg,0939.jpg,291,299,1,2137,0.02456067763104966,0.05346293246475005,78.29569224912407,47.4388626463929,218a22d12f16a1087bc467b33a3532d3,
trainval_0940,TN3K,nodule,trainval,0940.jpg,0940.jpg,447,339,1,27178,0.1793536721374222,0.037999939556685076,100.80272191117969,95.23074181861377,b91a53e148abadf20c1191f6cb30a2df,
trainval_0941,TN3K,nodule,trainval,0941.jpg,0941.jpg,250,273,1,51791,0.7588424908424909,0.00576981865003316,31.25624719260931,62.77989743589744,a14b5070ff10dab8f4d591dce051030f,
trainval_0942,TN3K,nodule,trainval,0942.jpg,0942.jpg,253,270,1,18412,0.2695359391011565,0.013696971919735597,30.146233533760515,44.123495827843655,9f43bc2805e966c02f374f6a402a2ba2,
trainval_0943,TN3K,nodule,trainval,0943.jpg,0943.jpg,329,370,1,16759,0.13767353980119937,0.027555556675238374,54.69499452243975,52.80485500698266,62dc06c4256e6dcbd80063c9b198e417,
trainval_0944,TN3K,nodule,trainval,0944.jpg,0944.jpg,412,380,1,3868,0.024706182933060806,0.09036531325600003,51.768715427895756,58.775798415942766,ca9c7fa0c9aaa2cdd15c93c041a6b506,
trainval_0945,TN3K,nodule,trainval,0945.jpg,0945.jpg,413,378,1,5388,0.03451324032437834,0.13615432973664895,69.66072615069184,52.6857937148494,c340b49e3180ef75e74adc536ccc3872,
trainval_0946,TN3K,nodule,trainval,0946.jpg,0946.jpg,386,315,1,5851,0.04812073361296159,0.08421292463502734,75.77634943800966,91.9204704334238,e7f98f7d0ed0006b71da18780c43a91f,
trainval_0947,TN3K,nodule,trainval,0947.jpg,0947.jpg,388,324,1,3941,0.03134943362606593,0.07397135959716199,81.50407534161948,99.15051864579355,2b94e49a118e1764cab9dacbec708d96,
trainval_0948,TN3K,nodule,trainval,0948.jpg,0948.jpg,332,345,1,16400,0.143181421337524,0.028122481610162484,57.54677349381478,86.63652872359002,e77c7d2d64c93c1baac406f7822e47d2,
trainval_0949,TN3K,nodule,trainval,0949.jpg,0949.jpg,330,341,1,2455,0.02181640451435173,0.019404322446901316,112.00501289714308,71.48637696614236,7a613cf597b33cef81d871d37d5237f4,
trainval_0950,TN3K,nodule,trainval,0950.jpg,0950.jpg,410,334,2,22458,0.16399883160508252,0.16191619003951457,84.32890916417561,68.67696801518913,aafdbc28122c142999e6dbff6e3542da,
trainval_0951,TN3K,nodule,trainval,0951.jpg,0951.jpg,340,307,1,18624,0.17842498562943093,0.00970282106278195,55.92874779043587,54.227831002107685,aa949be032333e18e6fbafb861777d5c,
trainval_0952,TN3K,nodule,trainval,0952.jpg,0952.jpg,339,315,1,2913,0.02727911223486445,0.0376249861427578,67.57578086523213,55.53169452638479,f6d1ac6f977c3613e1b8a94cc0428238,
trainval_0953,TN3K,nodule,trainval,0953.jpg,0953.jpg,429,377,1,15323,0.09474256954363056,0.07813363810576768,76.16156629912427,75.66040325722024,59bb3aba6347c86b261c4c29fb066736,
trainval_0954,TN3K,nodule,trainval,0954.jpg,0954.jpg,431,328,1,45208,0.31978948559787224,0.016453380403656775,70.39153598976982,89.13019212268689,7e893c5ae8e6bf09f6fd3c523bc3b48e,
trainval_0955,TN3K,nodule,trainval,0955.jpg,0955.jpg,295,292,1,11286,0.1310192709542605,0.013389432926643796,70.46476422525362,162.94219874622706,93612ae0f2ff1f95b9ef3ea2f3ef9218,
trainval_0956,TN3K,nodule,trainval,0956.jpg,0956.jpg,410,299,1,3805,0.031038420752100497,0.005018165879232806,98.02529519368721,59.372958642629904,f7330f08acd95faa2dc2574da494c23f,
trainval_0957,TN3K,nodule,trainval,0957.jpg,0957.jpg,321,317,1,44952,0.4417583065538489,0.295393363306859,84.6420757921877,68.2184616291754,61b5168ee4c9e8bf3152ff82877a08f3,
trainval_0958,TN3K,nodule,trainval,0958.jpg,0958.jpg,342,320,3,21531,0.19673793859649122,0.03075625902048813,55.01450132551346,77.6984923245614,28b1d84b8447e2e494559a6a85381a63,
trainval_0959,TN3K,nodule,trainval,0959.jpg,0959.jpg,339,322,1,12234,0.11207607321497279,0.06425112177824002,72.42086081989075,71.25604170102054,acb92c2f3cee9914b4830a9339ea3c88,
trainval_0960,TN3K,nodule,trainval,0960.jpg,0960.jpg,342,374,1,8174,0.06390530693936267,0.14765749509921774,46.2507613102611,80.73608374769366,101b5a4b5b1a25764fb7eb45f0021561,
trainval_0961,TN3K,nodule,trainval,0961.jpg,0961.jpg,345,306,2,17628,0.16697925547030407,0.0001961282895676424,62.016156632489086,61.613479208108366,e6a8ccd9fdb9b682999c72fe31686a0c,
trainval_0962,TN3K,nodule,trainval,0962.jpg,0962.jpg,410,332,1,30927,0.22720393770202763,0.01004398968981171,78.33263490550523,78.4570746400235,7fd824bdfe9ba1cd31e51bee370c8d90,
trainval_0963,TN3K,nodule,trainval,0963.jpg,0963.jpg,408,326,1,2690,0.020224347407674727,0.13932676811687342,121.85145911401729,67.77670516059185,eb46b7b43c01c73a9f9e538d09bb2a0d,
trainval_0964,TN3K,nodule,trainval,0964.jpg,0964.jpg,273,393,1,63452,0.5914119807249578,0.12245436999047586,76.32348959892008,48.66608878822619,a3d1884b95a7f6bd1a57a5b4c141c8ab,
trainval_0965,TN3K,nodule,trainval,0965.jpg,0965.jpg,208,251,1,3780,0.07240269690468894,0.13322878410623512,75.31294739609808,93.05725176218205,ce0c01324cab8436dda50cc9faf24b92,
trainval_0966,TN3K,nodule,trainval,0966.jpg,0966.jpg,293,293,1,12089,0.1408170159233072,0.09508298780870018,66.19112181635859,127.50573681696933,5e8584a4cbde8126c33bc44bfedd1e1d,
trainval_0967,TN3K,nodule,trainval,0967.jpg,0967.jpg,333,360,1,6381,0.05322822822822823,0.06665081118773263,53.61678637555227,35.41005171838505,e7b02b1122810025f18afe7077de70fd,
trainval_0968,TN3K,nodule,trainval,0968.jpg,0968.jpg,337,384,1,82210,0.635277571711177,0.08975936656805733,36.491084711190965,32.820389774975276,2c2083042c7249dbd4a2b46201d6ec56,
trainval_0969,TN3K,nodule,trainval,0969.jpg,0969.jpg,413,333,1,34679,0.25215772673399794,0.25360637742014935,98.73449489135669,60.0154367442503,19eac2429a2526d1130fcc405de1ce0c,
trainval_0970,TN3K,nodule,trainval,0970.jpg,0970.jpg,472,338,1,6261,0.039245060675960286,0.11852025003974044,53.29547551303325,53.956711964697625,0f0b2f42e73440c74908ba1b1930a634,
trainval_0971,TN3K,nodule,trainval,0971.jpg,0971.jpg,340,367,1,33816,0.2710049687449912,0.16069110510340695,53.84199615491187,75.31097130950472,ef7d505e2fb468500549863b1c92e772,
trainval_0972,TN3K,nodule,trainval,0972.jpg,0972.jpg,342,362,2,21596,0.17443701334367226,0.10966925198542003,51.60190541845015,92.02734160447159,ee95073bc7f942d8127ffb9e22202a5c,
trainval_0973,TN3K,nodule,trainval,0973.jpg,0973.jpg,490,308,1,10654,0.07059369202226345,0.10746687738069045,89.09651435577523,67.60145772594753,2d1ca951c3ffc05c83573f9771a816f5,
trainval_0974,TN3K,nodule,trainval,0974.jpg,0974.jpg,412,307,2,1496,0.011827582935391037,0.09425662124624067,170.50106831410318,79.21764017583251,05baae72459bf7e1ca25110877a5879b,
trainval_0975,TN3K,nodule,trainval,0975.jpg,0975.jpg,409,333,1,10167,0.07464922134848785,0.10453322910183294,81.06897097097189,99.65645351953421,1c8a035a3ef7483a1a1f9d315a575a46,
trainval_0976,TN3K,nodule,trainval,0976.jpg,0976.jpg,340,319,1,9564,0.08817997418403098,0.028377628388839452,48.67282243773549,112.31513922183294,1d76176cbae445e4f50f2d06c77ba68f,
trainval_0977,TN3K,nodule,trainval,0977.jpg,0977.jpg,353,328,2,15267,0.13185759690458093,0.07238369156449079,54.2865464576049,87.01197920265322,a9bf3d1063857aab4d0d7b63f76787d7,
trainval_0978,TN3K,nodule,trainval,0978.jpg,0978.jpg,346,334,2,20850,0.18041950780519886,0.06222105797138288,59.03283529283356,76.80526807656364,27584d90b7616d016f1c94a07e6e9379,
trainval_0979,TN3K,nodule,trainval,0979.jpg,0979.jpg,274,234,1,9702,0.15131948343627175,0.11812831694479009,82.34807720191304,29.467917524486868,2c3cc8d46f14362d49551c30bc300f0c,
trainval_0980,TN3K,nodule,trainval,0980.jpg,0980.jpg,434,353,2,5240,0.034203208835393795,0.09605415121337521,46.19354096134297,17.805257111525957,95f8a93916a36d5531c05e8434a65579,
trainval_0981,TN3K,nodule,trainval,0981.jpg,0981.jpg,433,343,1,54172,0.3647479447074112,0.10617821840481177,47.12759664149076,14.218456897770656,95b5f365e17e7895b107afda713c8f4c,
trainval_0982,TN3K,nodule,trainval,0982.jpg,0982.jpg,299,342,1,21657,0.2117878307809658,0.1850616763100897,68.16333857280918,52.75201940190499,163e198ef436c9902351c0b46f78eec2,
trainval_0983,TN3K,nodule,trainval,0983.jpg,0983.jpg,315,336,1,13922,0.1315381708238851,0.23181500228555596,86.64710692761398,102.40478080120937,a6c1408650afa65a32588d2b50bb1ed8,
trainval_0984,TN3K,nodule,trainval,0984.jpg,0984.jpg,307,341,1,18377,0.17554233094844632,0.2620531956950698,107.71458597825757,96.76831889346337,65e245b9b5ce6dc127a36079b68278b4,
trainval_0985,TN3K,nodule,trainval,0985.jpg,0985.jpg,314,335,1,6714,0.06382736001521057,0.008858457647123848,98.46971168024974,102.14108755585131,3ee45cf27a02db52102cbc10bfdeaf6d,
trainval_0986,TN3K,nodule,trainval,0986.jpg,0986.jpg,448,368,1,31897,0.19347462150621117,0.14809494316633554,53.60397719360688,84.5294849087733,1a12523e3764b0eecb3d3716386bda76,
trainval_0987,TN3K,nodule,trainval,0987.jpg,0987.jpg,447,364,1,22537,0.13851193549180127,0.17902183255962742,60.27211988411902,92.97145192614991,f5096234f74b50b0c162cc817c8610c8,
trainval_0988,TN3K,nodule,trainval,0988.jpg,0988.jpg,515,279,1,4543,0.03161777499391029,0.09775720457674592,59.20106963668383,99.71309461669624,b730a30983990319e3d5fd53a3bd9768,
trainval_0989,TN3K,nodule,trainval,0989.jpg,0989.jpg,387,371,1,3791,0.02640395049346344,0.17545710436302706,62.241596234741735,57.25866259916282,2abd4af99738e867927be874001b0625,
trainval_0990,TN3K,nodule,trainval,0990.jpg,0990.jpg,290,317,1,39112,0.4254541498966605,0.19244179047826102,80.29397429381578,72.86846513651692,3b90a1a099026203f1bf4d273c4dfd00,
trainval_0991,TN3K,nodule,trainval,0991.jpg,0991.jpg,295,334,1,59975,0.6086978585202476,0.24515617730407752,67.61524103590992,58.96660915457221,b555305c25a322350203a0ff23e06417,
trainval_0992,TN3K,nodule,trainval,0992.jpg,0992.jpg,369,338,1,35448,0.2842160965988358,0.3671154911294106,155.17047621222804,77.12613652763747,e96294e50db79a9325681d916fc0a284,
trainval_0993,TN3K,nodule,trainval,0993.jpg,0993.jpg,474,338,1,20247,0.12637630140064415,0.05406646617021001,76.00561317114264,52.49766559308916,a4afbb0121093b8bf876d256f20a4f61,
trainval_0994,TN3K,nodule,trainval,0994.jpg,0994.jpg,472,336,1,5709,0.03599803268765133,0.029884980546963244,102.0319462622222,73.38652643260694,dcd7a9d50602e66c84431ec8b8363086,
trainval_0995,TN3K,nodule,trainval,0995.jpg,0995.jpg,274,262,1,10115,0.14090098623725414,0.19816199785678473,70.8607515565817,60.4878252632752,a34b6c6e05dce6493b34f27ef2974907,
trainval_0996,TN3K,nodule,trainval,0996.jpg,0996.jpg,412,322,1,43996,0.3316348067297835,0.02292595693150438,58.8528774273142,40.45794639088223,7cb4200cdc348a15feb6d30641691a71,
trainval_0997,TN3K,nodule,trainval,0997.jpg,0997.jpg,388,373,1,22117,0.152821923108814,0.21921199957001167,90.38350918631427,108.92157485973301,2f90bc278bcb350912955f9476e0c546,
trainval_0998,TN3K,nodule,trainval,0998.jpg,0998.jpg,390,368,1,10937,0.07620540691192865,0.17722801812897204,81.87735087778141,125.82314659977703,bc97f32c8a6e9097d71264848af84e9c,
trainval_0999,TN3K,nodule,trainval,0999.jpg,0999.jpg,415,337,1,4329,0.03095348754066712,0.008840411817024156,55.920024031749016,23.57255729148046,797f806701cb5369aa50d5346b26c421,
trainval_1000,TN3K,nodule,trainval,1000.jpg,1000.jpg,412,339,1,14306,0.102428616433256,0.004233100836669827,51.25778271119302,24.00087350001432,5f9b59ec559aa0ee0bdc8b7e40621f78,
trainval_1001,TN3K,nodule,trainval,1001.jpg,1001.jpg,411,331,1,8749,0.06431149432891554,0.01562193310983894,71.46949761041544,84.26909534625591,76a4d559e17ab15627d797af8bfc654c,
trainval_1002,TN3K,nodule,trainval,1002.jpg,1002.jpg,394,323,1,28913,0.22719272052930176,0.18740490598164253,59.80291431753407,77.98153415787903,833126819de198fbbe01ceaf852c1088,
trainval_1003,TN3K,nodule,trainval,1003.jpg,1003.jpg,392,322,1,750,0.005941817720877171,0.309109243697479,181.08966918168886,106.42305742172645,c47d7ca3f3e12d76f73674b7b5c5e031,
trainval_1004,TN3K,nodule,trainval,1004.jpg,1004.jpg,473,331,1,852,0.005441898788347183,0.17282034879679573,172.86469300471794,72.0436884832304,d696510718ce2160de05187d637d8203,
trainval_1005,TN3K,nodule,trainval,1005.jpg,1005.jpg,470,330,1,31805,0.20506125080593166,0.2673549741682214,81.3413758853793,74.71704061895551,44ed251f5178d9bd8fa362374b9c22bd,
trainval_1006,TN3K,nodule,trainval,1006.jpg,1006.jpg,430,316,1,13737,0.10109655578451575,0.30455274314267683,107.34747867734836,53.45587282896673,0fbf814319560bf792d1933c4978f56e,
trainval_1007,TN3K,nodule,trainval,1007.jpg,1007.jpg,410,319,2,17068,0.13049927364477407,0.20040046153832722,103.91752328659727,95.81938221576573,7b7d560055405ef172757b5e54421d47,
trainval_1008,TN3K,nodule,trainval,1008.jpg,1008.jpg,408,323,1,5664,0.042979420870515386,0.09555148315243032,97.31525664436491,100.23763886359497,7e14345b64edd13868dfb2e1a0645db9,
trainval_1009,TN3K,nodule,trainval,1009.jpg,1009.jpg,394,366,1,61659,0.4275817591745028,0.22512107790468133,57.71320013060748,96.05208593381599,01b3fa7da4dedeea9751be4d2fdb5748,
trainval_1010,TN3K,nodule,trainval,1010.jpg,1010.jpg,292,293,1,6841,0.07995932488662397,0.013250472377836229,64.29591668514371,139.92161858899433,f6fd89dd7bb137ea2694866d06972158,
trainval_1011,TN3K,nodule,trainval,1011.jpg,1011.jpg,288,286,1,1281,0.015552156177156178,0.015313661846677156,85.49789222198282,133.19808663558663,77cd883638bcfa20798dc25172fff9b8,
trainval_1012,TN3K,nodule,trainval,1012.jpg,1012.jpg,277,238,1,14471,0.21950368595091466,0.06072171504354544,79.51398317320708,53.17217789642933,0ccfc6b228fce350b5b1b3ed4b37e92c,
trainval_1013,TN3K,nodule,trainval,1013.jpg,1013.jpg,346,329,1,30745,0.27008626596623153,0.15155942504707715,73.05177705195685,40.09273152133809,aae48cdd93e8857281f7759d9bec28e4,
trainval_1014,TN3K,nodule,trainval,1014.jpg,1014.jpg,306,315,1,30309,0.3144413320883909,0.08357372092095618,57.11976824907839,83.81226268285091,3a1fa81d243974c6ecb3ed06acc1f51d,
trainval_1015,TN3K,nodule,trainval,1015.jpg,1015.jpg,416,390,1,51792,0.3192307692307692,0.05405066193438391,66.35543927263143,93.22215853057199,d3485915e0b9f5c7463cc166d24796b8,
trainval_1016,TN3K,nodule,trainval,1016.jpg,1016.jpg,329,299,1,36684,0.37291478179544785,0.08333834181366365,52.228702682744405,114.39842026613535,b0e1c0d5ba4061375d7bc8bd08c7c6a0,
trainval_1017,TN3K,nodule,trainval,1017.jpg,1017.jpg,369,284,1,1709,0.0163078743463491,0.14128980721300505,127.07256623817564,83.57754112752396,81647c7f322525045ce5ebd189c65e7c,
trainval_1018,TN3K,nodule,trainval,1018.jpg,1018.jpg,300,270,1,22751,0.28087654320987654,0.021793980135186745,102.68584081583413,151.7956913580247,395d623d50a93b00e3d4a60fb46774d9,
trainval_1019,TN3K,nodule,trainval,1019.jpg,1019.jpg,382,308,1,7344,0.062419256136533624,0.060814456699693174,76.20091309622549,44.928069966682536,2e0d41647c5b093bea3725d30c9d7b96,
trainval_1020,TN3K,nodule,trainval,1020.jpg,1020.jpg,405,325,1,22297,0.16939791073124408,0.13610506698113817,77.37611478394253,51.17025641025641,c5156f32e283e2ea3136fc4710b038b7,
trainval_1021,TN3K,nodule,trainval,1021.jpg,1021.jpg,349,334,1,35577,0.30520906610847076,0.017604474868738975,43.034990538054814,77.53058353207625,a6a35e9af7ee22eb3c5671415b56c29e,
trainval_1022,TN3K,nodule,trainval,1022.jpg,1022.jpg,300,264,1,14174,0.17896464646464647,0.10949418637524957,99.5542829482086,68.7569191919192,59a2059756962bf65e13d8e2aaba7dee,
trainval_1023,TN3K,nodule,trainval,1023.jpg,1023.jpg,347,339,1,27431,0.233191366368281,0.037933099083353766,44.86482853293622,69.87692229221392,1fa5dac34770c83fd1f9d3a8a39898b7,
trainval_1024,TN3K,nodule,trainval,1024.jpg,1024.jpg,419,346,1,29993,0.2068853725495606,0.018278742250097294,41.447435188899874,54.50660808144909,d6863747481de23de93e707aef1d7e20,
trainval_1025,TN3K,nodule,trainval,1025.jpg,1025.jpg,426,358,1,34130,0.22379153880452174,0.011545496105735867,40.120474565720116,51.178685708290715,e00bc2af77091515e1f512b860d41b79,
trainval_1026,TN3K,nodule,trainval,1026.jpg,1026.jpg,330,278,1,2963,0.03229779812513626,0.06399219588195795,136.7829950097943,80.61628515369523,561ad1c1a2084e9a8fe3778c330bf87d,
trainval_1027,TN3K,nodule,trainval,1027.jpg,1027.jpg,391,276,3,7875,0.07297342377404648,0.03465033431694573,65.93478483940747,43.458263834834504,c38d66e37557776831102a6b10e618c4,
trainval_1028,TN3K,nodule,trainval,1028.jpg,1028.jpg,486,339,2,19181,0.11642205955545844,0.0375640072709761,91.22285162847436,83.49983611930514,3d0263f5aa9f0c3cc32704f34b105f29,
trainval_1029,TN3K,nodule,trainval,1029.jpg,1029.jpg,271,257,1,7558,0.10851867273536549,0.02086456948714421,97.5462380900337,56.71160279696182,224a88c807ccf62980f2c72d9e32271d,
trainval_1030,TN3K,nodule,trainval,1030.jpg,1030.jpg,274,297,1,910,0.011182383445157167,0.11147517696537305,56.591122402634205,39.433667576003344,a5788fe8d750448d16c15ba773398833,
trainval_1031,TN3K,nodule,trainval,1031.jpg,1031.jpg,275,286,1,8435,0.10724729815638906,0.027609168148587247,93.47091244207766,48.93783852511125,31d4555ff0687b5027e77ac4cb396e85,
trainval_1032,TN3K,nodule,trainval,1032.jpg,1032.jpg,455,316,1,14091,0.09800389483933787,0.12696292404825862,67.02381299758332,52.049666156628184,8228494723ebf69c5ac4e3175dd8bc1b,
trainval_1033,TN3K,nodule,trainval,1033.jpg,1033.jpg,467,325,1,8354,0.05504200296491517,0.14996182917691556,80.94174913383353,49.482846318563666,bc98c6e23601566539404eb67d83c01a,
trainval_1034,TN3K,nodule,trainval,1034.jpg,1034.jpg,260,318,1,31485,0.3808055152394775,9.737927249667407e-05,63.598949997490266,68.28669569424287,83933cee876b89d99941a20aa9bb29b0,
trainval_1035,TN3K,nodule,trainval,1035.jpg,1035.jpg,380,353,1,29402,0.21918890711197256,0.14701736987461508,69.6864408927752,72.10492023259282,aeb2b7a0b8c906ff5d0aec77688da383,
trainval_1036,TN3K,nodule,trainval,1036.jpg,1036.jpg,368,304,1,17988,0.16079090389016018,0.18214844096635643,80.60669382665846,64.28689037471396,0080277dc1d8c8198c4236d2581926f7,
trainval_1037,TN3K,nodule,trainval,1037.jpg,1037.jpg,291,341,1,24088,0.24274672229444427,0.025474365709703815,75.81821693788274,66.51115074926183,53d03560376da198644cdea135be7f7f,
trainval_1038,TN3K,nodule,trainval,1038.jpg,1038.jpg,313,282,1,31794,0.3602066480864659,0.10297339522894595,41.53781874970385,36.97646885550495,e1fe9785c4a3370f69851c46b10cdb98,
trainval_1039,TN3K,nodule,trainval,1039.jpg,1039.jpg,407,330,2,33997,0.25312337130518947,0.09740980681507388,64.94736233667531,62.617191571737024,f17cc3bb3656735c5160e6415313692e,
trainval_1040,TN3K,nodule,trainval,1040.jpg,1040.jpg,412,336,1,1154,0.008336222838650023,0.22205220462717604,128.4927464541894,57.67675826398521,ffb2f8cf5dfe484e82e0f2c2b68b787f,
trainval_1041,TN3K,nodule,trainval,1041.jpg,1041.jpg,560,356,1,7414,0.03718900481540931,0.11267540890855923,75.10688401317493,61.134284711075445,437f025097e9f4817782d45e4e430c12,
trainval_1042,TN3K,nodule,trainval,1042.jpg,1042.jpg,370,285,1,5687,0.0539307728781413,0.07630809665170793,87.54433841285612,128.68367946894261,8d9e9ab3c9b322a213f727df5469a17c,
trainval_1043,TN3K,nodule,trainval,1043.jpg,1043.jpg,411,338,1,59739,0.43003066557249603,0.17850706321045676,81.86943537151502,55.63508688578874,914141b64fe97611dad3d9748c14a9d5,
trainval_1044,TN3K,nodule,trainval,1044.jpg,1044.jpg,231,264,1,28377,0.46531877213695394,0.2561600522481773,75.80717854041959,73.40021972976518,d3259b7a6885129f8250a18c6bf83d53,
trainval_1045,TN3K,nodule,trainval,1045.jpg,1045.jpg,294,277,1,3832,0.04705420074166851,0.0474342973097381,83.92899184669692,70.31802107124439,bab1c9710b7e3278bbc3207da7aee0ad,
trainval_1046,TN3K,nodule,trainval,1046.jpg,1046.jpg,293,317,1,5711,0.06148727942205618,0.05982339723426922,107.40650232800625,68.33803468954899,f55029777ed4de9b4a8568da2ecf2f58,
trainval_1047,TN3K,nodule,trainval,1047.jpg,1047.jpg,292,311,1,37653,0.41462582037616175,0.02679016277458511,80.40184378872334,71.2024291943796,c0738e7e742b8a8972f7fb6d29e59d48,
trainval_1048,TN3K,nodule,trainval,1048.jpg,1048.jpg,286,257,2,5356,0.07286876547576937,0.10759453237831472,65.45624539565975,40.83082093004272,51be4c346bcb5f130220cad1b15381c5,
trainval_1049,TN3K,nodule,trainval,1049.jpg,1049.jpg,499,338,2,40208,0.23839394765863087,0.145140803955768,80.8775095381804,84.11042795650472,8c5a7144154ac71660c59e9864bc7542,
trainval_1050,TN3K,nodule,trainval,1050.jpg,1050.jpg,503,334,1,48392,0.28804418995011966,0.18295736327787576,76.329037760714,76.04166021833073,350fd4f8355f00935af917e4ff7bfb4a,
trainval_1051,TN3K,nodule,trainval,1051.jpg,1051.jpg,334,324,1,2373,0.02192836549123974,0.034641587136329456,124.16392301824165,57.36634139129149,8e30be12d014d6726bacd73afb50587a,
trainval_1052,TN3K,nodule,trainval,1052.jpg,1052.jpg,333,337,1,19977,0.1780148100622878,0.008572814999873586,64.08178655634774,41.18053661970576,f7775f1e5a975282e2a307953fe01e5e,
trainval_1053,TN3K,nodule,trainval,1053.jpg,1053.jpg,334,344,1,1881,0.016371327113215428,0.03312801018939003,135.70089518259292,34.17790001392564,450ffedff3dc5f3e05e5db3f6d05e13a,
trainval_1054,TN3K,nodule,trainval,1054.jpg,1054.jpg,236,240,1,2081,0.03674081920903955,0.03633356549690052,86.09256449721701,118.0555261299435,3e82a540416aa257c1e47c2e86fcefe5,
trainval_1055,TN3K,nodule,trainval,1055.jpg,1055.jpg,287,330,1,6080,0.06419596663499103,0.023325820581643997,88.41589485280876,66.89666349910253,63db3cae11f6f66bdd575ee7f2911690,
trainval_1056,TN3K,nodule,trainval,1056.jpg,1056.jpg,415,338,1,34687,0.24728737434946887,0.047425812397770946,59.65733190352086,49.311035859413984,b760e77e823bf2053de02cba22617e66,
trainval_1057,TN3K,nodule,trainval,1057.jpg,1057.jpg,415,339,1,22795,0.16202864555567403,0.08502424942429473,63.782948374773476,55.57869708924192,98dc61f2f6034468a4102ab00c4c3557,
trainval_1058,TN3K,nodule,trainval,1058.jpg,1058.jpg,418,333,1,3470,0.024929235455551244,0.0939603739307079,106.93727235551029,41.031423768265874,d867def45b8cb37db32b408ad70794f9,
trainval_1059,TN3K,nodule,trainval,1059.jpg,1059.jpg,490,337,1,26632,0.16127899230908982,0.19183313056873896,91.11366837964519,27.040792103191425,3943d6f1253f0882af1ac0b4730b36d5,
trainval_1060,TN3K,nodule,trainval,1060.jpg,1060.jpg,488,324,3,2916,0.018442622950819672,0.07066463447275578,86.5152515432499,31.770403258449708,060a6f0529efac0c634de7c507bd1994,
trainval_1061,TN3K,nodule,trainval,1061.jpg,1061.jpg,476,313,1,22369,0.1501396085590786,0.026491863079409116,52.00340208185975,45.950573200526215,0b9768ab630670e32e542f0ed80ef799,
trainval_1062,TN3K,nodule,trainval,1062.jpg,1062.jpg,490,313,3,13165,0.08583816913346809,0.09458227925916918,51.314615721531396,49.44082284671057,6d1e3f370cd7404684b27378131a5b93,
trainval_1063,TN3K,nodule,trainval,1063.jpg,1063.jpg,261,271,3,4687,0.06626514541007479,0.13764287013655985,98.43497758439908,140.14611697841116,3827152f8500bfb91259b2a41addcd00,
trainval_1064,TN3K,nodule,trainval,1064.jpg,1064.jpg,255,280,1,3380,0.04733893557422969,0.14189208344392848,76.20300085866509,135.82875350140057,ecf1cfb8bd533a1faec427e0cfb1d177,
trainval_1065,TN3K,nodule,trainval,1065.jpg,1065.jpg,424,336,2,4504,0.031615004492362986,0.044076576302816174,49.81205034654817,40.7146647574124,cc5beeba1204d3481caf9bd1fcb7fa9e,
trainval_1066,TN3K,nodule,trainval,1066.jpg,1066.jpg,440,348,1,52634,0.34374346917450366,0.03288614040008002,64.83853794704294,28.39085684430512,0187ee92208a51afc7061944a958f5b3,
trainval_1067,TN3K,nodule,trainval,1067.jpg,1067.jpg,290,311,2,15628,0.17327863399489965,0.08690921702724615,90.73623114551567,140.4217762501386,3ba27973d8f7945f1130c95d962e34ff,
trainval_1068,TN3K,nodule,trainval,1068.jpg,1068.jpg,425,386,1,9116,0.05556842426089607,0.002494025886373858,47.656474250749845,59.05526973483694,6a5e53ab214424ff21aece6a70486546,
trainval_1069,TN3K,nodule,trainval,1069.jpg,1069.jpg,292,279,1,33009,0.40517749300338785,0.2344509063969948,74.93297705473984,109.08782589482988,34eda6db6982c51625cf7cd5f5c7c000,
trainval_1070,TN3K,nodule,trainval,1070.jpg,1070.jpg,305,320,1,19913,0.2040266393442623,0.081087802956604,58.706696219739364,105.33169057377049,5a1fe13b48f8aef01db01c111c3665dd,
trainval_1071,TN3K,nodule,trainval,1071.jpg,1071.jpg,345,369,1,52557,0.41284317190998,0.15217554576684314,44.67566852893553,63.04360394328581,48173b103ed752c93f520e34190afb6f,
trainval_1072,TN3K,nodule,trainval,1072.jpg,1072.jpg,342,363,1,370,0.002980361832036473,0.1328520744074084,71.75517188762457,61.44885054693667,c288e28a57d0cbec28bca5d99ce2294c,
trainval_1073,TN3K,nodule,trainval,1073.jpg,1073.jpg,239,261,1,2004,0.03212619631606791,0.04895465675639343,62.70146184135599,31.7122108401866,e6287c931e201974079b7380828c34f2,
trainval_1074,TN3K,nodule,trainval,1074.jpg,1074.jpg,292,317,1,4127,0.04458536796162655,0.06296025218907532,76.510049147675,125.32574218918802,65ab8528fe80ac91335e877408a54a21,
trainval_1075,TN3K,nodule,trainval,1075.jpg,1075.jpg,384,319,1,51092,0.41709117032392895,0.008477535760889054,67.6176142248116,121.10940765412748,930af2d85922f729b55611a8b9772f75,
trainval_1076,TN3K,nodule,trainval,1076.jpg,1076.jpg,473,335,1,19072,0.12036224795683317,0.05550444249558538,74.12272391992099,72.28176453882806,5d950113a1fae55227aec15c8460596c,
trainval_1077,TN3K,nodule,trainval,1077.jpg,1077.jpg,472,398,2,26921,0.143306575249127,0.07282777678950651,64.18456134856986,67.41430137978026,4d467ac2c2ddf855f2279dfe7c315035,
trainval_1078,TN3K,nodule,trainval,1078.jpg,1078.jpg,400,373,2,4839,0.03243297587131367,0.0818274937593038,88.08892977544416,88.64052949061663,bd1977ba08a484c7ce5cbe416f6f6275,
trainval_1079,TN3K,nodule,trainval,1079.jpg,1079.jpg,302,314,1,9565,0.10086683258109419,0.09362098130686139,87.81877813231976,84.0746931286118,52b4390a123052a21c283953a11d2014,
trainval_1080,TN3K,nodule,trainval,1080.jpg,1080.jpg,395,400,1,55746,0.3528227848101266,0.05034041516152141,45.7546051981981,79.72856962025317,07626881114038c39fa84be08a68de74,
trainval_1081,TN3K,nodule,trainval,1081.jpg,1081.jpg,369,279,1,1544,0.014997425959922681,0.06100769721997996,84.16912415850526,112.03049994657653,2109f5b385d4e71f12cd241a2fa50097,
trainval_1082,TN3K,nodule,trainval,1082.jpg,1082.jpg,391,385,1,3420,0.022718969010529114,0.09883722773618259,63.3006623876251,93.57355432291493,cef0a30f5dd16dfc74ac56e3529ff33a,
trainval_1083,TN3K,nodule,trainval,1083.jpg,1083.jpg,391,380,1,2760,0.018575851393188854,0.07615672782326907,54.43262397264194,94.7078947368421,cbf2902081386f31fa5526b06a81fe78,
trainval_1084,TN3K,nodule,trainval,1084.jpg,1084.jpg,417,319,1,2842,0.021364726400697625,0.07297228980992142,109.59347493615653,50.349864309179615,d242f8e3caec12f36f41b386bd804cd1,
trainval_1085,TN3K,nodule,trainval,1085.jpg,1085.jpg,405,311,1,3732,0.02962962962962963,0.1247647379894606,79.75895352799853,53.95586518994879,a266b73746e350a4bda1324e3ea04965,
trainval_1086,TN3K,nodule,trainval,1086.jpg,1086.jpg,330,338,1,27365,0.24533799533799533,0.052457252588592504,70.2372863740874,106.90505648197956,5baa2fb92a2eccc4d3b9f9f3e3fb6c4f,
trainval_1087,TN3K,nodule,trainval,1087.jpg,1087.jpg,352,366,1,3753,0.029130961251862892,0.0550497768424465,35.547777806407474,68.04619970193741,ffa2f787bf5dd563d9c2d2c052603851,
trainval_1088,TN3K,nodule,trainval,1088.jpg,1088.jpg,282,288,1,292,0.003595350669818755,0.038355512791831664,109.26748949764685,75.81813928289992,7421d47b3f9ec684ea34713eb2e1b8da,
trainval_1089,TN3K,nodule,trainval,1089.jpg,1089.jpg,348,365,1,4081,0.032128798614391434,0.06285313439269356,59.5774282351582,131.47298850574714,7d31cff6f1b803c4114d78f2eed2a608,
trainval_1090,TN3K,nodule,trainval,1090.jpg,1090.jpg,348,315,1,7611,0.06943076081007116,0.007824065052258343,68.73822561985472,99.60028279511039,bf26d5f130659d92ebe6371e5c6f4a7f,
trainval_1091,TN3K,nodule,trainval,1091.jpg,1091.jpg,431,312,1,8363,0.06219138556725564,0.06355963452574286,74.32946162323978,120.71330834671902,85d057ea248ce360f4579e1f6781c6fc,
trainval_1092,TN3K,nodule,trainval,1092.jpg,1092.jpg,349,315,1,28333,0.25772501932960384,0.024373110100917306,49.92330628513074,61.780533951880656,cd000b02a9a9efc246bebc7f406cd55e,
trainval_1093,TN3K,nodule,trainval,1093.jpg,1093.jpg,349,297,1,6514,0.06284429780131785,0.05550520923312963,45.78419106222212,31.934570152335194,dd683ff41d873b93a9787ca6820098a2,
trainval_1094,TN3K,nodule,trainval,1094.jpg,1094.jpg,327,367,1,63738,0.5311101667374947,0.11837888443033993,49.18801199485707,37.98825088118391,c9fb7f8e33d57578319ff183a66201fe,
trainval_1095,TN3K,nodule,trainval,1095.jpg,1095.jpg,344,357,1,14715,0.11982118428766855,0.08131053235674601,40.65400309044734,52.80355514298743,b59315804c084ecca09eb522a9ca0028,
trainval_1096,TN3K,nodule,trainval,1096.jpg,1096.jpg,298,284,1,20223,0.23895216939219208,0.15999755172308636,78.46892357803951,130.68506002457698,fe16a875580915bbce7709b1c71545b5,
trainval_1097,TN3K,nodule,trainval,1097.jpg,1097.jpg,283,301,1,47723,0.5602408931359544,0.051690398054556705,68.21300526355222,47.13791484216334,4a87a058e02a699b0562a55472605df6,
trainval_1098,TN3K,nodule,trainval,1098.jpg,1098.jpg,417,335,2,23088,0.16527434768603028,0.05550784531876967,68.98754847586247,73.88155624753928,0a842648f410685950ac7d13dbca5d10,
trainval_1099,TN3K,nodule,trainval,1099.jpg,1099.jpg,399,351,1,637,0.004548408057179987,0.08776724364959661,93.80374542243449,52.45308427764568,cf1e472a4a8feae4696396550bba4c49,
trainval_1100,TN3K,nodule,trainval,1100.jpg,1100.jpg,419,350,2,13959,0.09518581657006478,0.0867460295765092,54.50841411961908,73.08874190248892,b07734fd7ca20713512417beabad65c1,
trainval_1101,TN3K,nodule,trainval,1101.jpg,1101.jpg,296,270,1,982,0.012287287287287287,0.059036442692456156,137.21932555975735,62.89655905905906,bd4efe0d03970fe00bcde0c78a6f43da,
trainval_1102,TN3K,nodule,trainval,1102.jpg,1102.jpg,302,307,1,46384,0.5002912181547555,0.17066880223425027,98.47014751608432,53.62122225338137,c92325a1801d1e86f4b133694fe5e7c3,
trainval_1103,TN3K,nodule,trainval,1103.jpg,1103.jpg,276,298,1,14520,0.176539247154946,0.08656033449211162,103.1246387708259,46.34695068573096,7cec954e10c4e9d59d294fff11678b34,
trainval_1104,TN3K,nodule,trainval,1104.jpg,1104.jpg,278,283,2,8352,0.10615959529196431,0.019196390882596247,82.34281910389456,41.68904593639576,2c027c74e65ad6ccd80762ce8818ef13,
trainval_1105,TN3K,nodule,trainval,1105.jpg,1105.jpg,343,369,1,29040,0.22944369385384816,0.1287668654896686,51.52306243709899,60.07966531560359,f1df20197036fc6657eced21756255f2,
trainval_1106,TN3K,nodule,trainval,1106.jpg,1106.jpg,412,332,1,7080,0.05176043981752252,0.1723377340624144,67.5737277443105,77.55362469294654,8d946e76f086af935e1e087f5bda7c54,
trainval_1107,TN3K,nodule,trainval,1107.jpg,1107.jpg,410,332,1,11089,0.0814648839259477,0.0959010804648984,55.565699532865175,61.638260358507196,b3525ab305e7b6c5f4880e28bbe7b361,
trainval_1108,TN3K,nodule,trainval,1108.jpg,1108.jpg,413,330,1,4714,0.0345880108591973,0.0846191368641927,97.7369401596986,90.52526964560863,b32e007a6eb4315fe9c5a8d764c7a3e6,
trainval_1109,TN3K,nodule,trainval,1109.jpg,1109.jpg,344,364,1,73663,0.5882874393048811,0.12447993348749214,49.07473288392791,121.13876820853565,ecf16541e2f23fee4a865a6c1ec4f16a,
trainval_1110,TN3K,nodule,trainval,1110.jpg,1110.jpg,350,364,1,673,0.005282574568288854,0.15394960682959985,89.78116298505621,60.5188147566719,a3f03f9df13dc8798f72b37ced47235e,
trainval_1111,TN3K,nodule,trainval,1111.jpg,1111.jpg,344,354,2,10039,0.08243824727368283,0.10415302574575289,58.61950207830798,54.197485547234265,0636f864240339a8f50375ac061a72e8,
trainval_1112,TN3K,nodule,trainval,1112.jpg,1112.jpg,339,363,1,43375,0.35247893252720286,0.14789186542887012,51.02617476273006,58.906831793396556,fb621b668edf53faee3a60f9212afdad,
trainval_1113,TN3K,nodule,trainval,1113.jpg,1113.jpg,388,320,1,16938,0.1364207474226804,0.08811291049329534,91.1488561502202,61.23581668814433,485d7bd0fa9d259f14df50d1337beeaa,
trainval_1114,TN3K,nodule,trainval,1114.jpg,1114.jpg,389,308,1,21879,0.1826110907087771,0.09338590411254773,99.49167461579091,65.97112142356359,85980026fb5c8f98534cd0890916e1cd,
trainval_1115,TN3K,nodule,trainval,1115.jpg,1115.jpg,350,330,1,45424,0.3932813852813853,0.1616933556669577,78.26291634134736,96.43011255411255,ea74ef5402f6fcd150abc6515e347d95,
trainval_1116,TN3K,nodule,trainval,1116.jpg,1116.jpg,341,369,1,31134,0.24743103736022698,0.11388831017380055,46.52852028439228,94.80885964284863,81dd9da3f685164206fb2a03b167600d,
trainval_1117,TN3K,nodule,trainval,1117.jpg,1117.jpg,341,285,1,7924,0.08153521633997016,0.03222246817133532,61.03358173951914,84.19300303544786,354ce46ed792677f06d440a6d2d4acc2,
trainval_1118,TN3K,nodule,trainval,1118.jpg,1118.jpg,419,349,1,52391,0.3582756050358679,0.13234436676544198,81.49900581909668,62.1272712352374,4724fe9489165a308b951ee922cdb16a,
trainval_1119,TN3K,nodule,trainval,1119.jpg,1119.jpg,343,337,1,29360,0.2539990137640474,0.027505364391043494,47.7472184293826,94.14379147165437,206d4f458f073c28954ccb8b8a194567,
trainval_1120,TN3K,nodule,trainval,1120.jpg,1120.jpg,266,380,1,6966,0.06891571032845271,0.047887767083295785,47.75838539454337,69.60153343886032,4a125d0f4b10e73d2b2b695e48777ca6,
trainval_1121,TN3K,nodule,trainval,1121.jpg,1121.jpg,453,322,1,8426,0.057765346276719726,0.1660631530586425,96.25785317470502,57.575418534819626,00c882a7b85cf1d681c3388235b286b8,
trainval_1122,TN3K,nodule,trainval,1122.jpg,1122.jpg,426,311,1,12072,0.09111906163670123,0.18759967997256205,125.14278601169929,67.72295185906435,80bdc40a77af319f06a79a7da3a728e6,
trainval_1123,TN3K,nodule,trainval,1123.jpg,1123.jpg,343,358,1,3567,0.029048650585533495,0.08144031147642686,61.51881402443933,49.69258269948043,45938012c89ee76f9669c08abbd7fe20,
trainval_1124,TN3K,nodule,trainval,1124.jpg,1124.jpg,345,326,2,9153,0.08138170178714324,0.053353179002257806,51.932841438156984,39.62503778785454,a87a4accc6b0992c2e672ca4425ac0c4,
trainval_1125,TN3K,nodule,trainval,1125.jpg,1125.jpg,274,338,1,8021,0.08660864682762492,0.04720504528398513,64.49303787250993,49.146752040772256,1e724ed2820d580b8ecdbf2c28356c2b,
trainval_1126,TN3K,nodule,trainval,1126.jpg,1126.jpg,272,371,1,40547,0.40180553353416837,0.03392962810523969,74.37272520648541,68.28403955921992,a5c4015e5c0fcff7db5a7498febc314e,
trainval_1127,TN3K,nodule,trainval,1127.jpg,1127.jpg,291,305,1,2111,0.02378457551687229,0.24706016159633526,127.70776788702644,45.19033293898935,b515b81857aa994ac0f01cd9adb34e5b,
trainval_1128,TN3K,nodule,trainval,1128.jpg,1128.jpg,192,289,1,21743,0.3918504901960784,0.2050876194701915,85.41409328691827,40.37963163206459,75514a0a976be86ec1ad0e379e8c4159,
trainval_1129,TN3K,nodule,trainval,1129.jpg,1129.jpg,415,340,1,6684,0.0473706591070163,0.01692001533868058,61.44317003923297,47.57698086463501,c632c253f8c8dc9fbc294684fe5c3e8e,
trainval_1130,TN3K,nodule,trainval,1130.jpg,1130.jpg,277,365,1,64125,0.6342416299886257,0.05615869136771476,53.139339764523385,15.435438405617923,9dac9f976e4e180d8eb00f38243c8f42,
trainval_1131,TN3K,nodule,trainval,1131.jpg,1131.jpg,345,367,1,1683,0.013292263949768984,0.18452035597364316,102.95424608325304,96.46468427911385,1ff86fb1048999654e42f83b0d74cc12,
trainval_1132,TN3K,nodule,trainval,1132.jpg,1132.jpg,341,366,1,33431,0.26786372450042467,0.0632583567711036,41.19797353152315,110.11686938127974,362ecfb6b043f3584cb83a6d1bf8ce9d,
trainval_1133,TN3K,nodule,trainval,1133.jpg,1133.jpg,338,331,1,4270,0.03816657430415274,0.041093225856967446,62.7782971343841,53.724986145622914,802c2a7abba81326473e90707735dfab,
trainval_1134,TN3K,nodule,trainval,1134.jpg,1134.jpg,435,347,1,31593,0.20930140117261253,0.14354115999235256,77.79522299684041,46.21902679784027,8e5fb8c97b7ad8e94fd31bab818f1e06,
trainval_1135,TN3K,nodule,trainval,1135.jpg,1135.jpg,433,326,2,13404,0.09495742359625384,0.06405957959357295,62.68306419352207,31.167195624760907,b30817cfa9a9d9e13415f8e821b538f8,
trainval_1136,TN3K,nodule,trainval,1136.jpg,1136.jpg,415,337,1,2578,0.018433377426620427,0.08756264854015049,57.803629933530395,43.386829215973684,650d51dca8d65600a1dba0f2491e19d0,
trainval_1137,TN3K,nodule,trainval,1137.jpg,1137.jpg,413,342,1,49176,0.3481585319230279,0.2473013597225238,63.24578253160792,41.31012559647707,fbc433b43fb3e9a1b0425d9c3e7429c8,
trainval_1138,TN3K,nodule,trainval,1138.jpg,1138.jpg,279,302,1,43467,0.5158797977640105,0.03904588976347268,59.43894488396125,70.84109520757673,e8bc9494d09a13708094f56b92150522,
trainval_1139,TN3K,nodule,trainval,1139.jpg,1139.jpg,436,359,1,49622,0.3170248651963916,0.0712806712147774,58.700000176043204,21.88026756280187,62332928b72f279791e0f36ad153789c,
trainval_1140,TN3K,nodule,trainval,1140.jpg,1140.jpg,453,346,1,24091,0.1537023567992446,0.0690252844088883,49.89297244352221,45.63629751559928,7e3e815237027fd7758a9558e543e121,
trainval_1141,TN3K,nodule,trainval,1141.jpg,1141.jpg,300,230,1,3859,0.05592753623188406,0.09346074197596914,85.61404824736314,114.51992753623189,76b074f68b784ca0fb7a98e24340a2f6,
trainval_1142,TN3K,nodule,trainval,1142.jpg,1142.jpg,521,327,1,2319,0.01361179101586575,0.10199550621197839,99.98779724143358,76.4238203407937,4c9768ac05c5ef361af2e356f3eecf58,
trainval_1143,TN3K,nodule,trainval,1143.jpg,1143.jpg,516,330,1,5669,0.03329222457129434,0.015184126420339237,76.8530100344588,72.17094197791872,d2a1dd95c6e5a00a371b18d089a607d0,
trainval_1144,TN3K,nodule,trainval,1144.jpg,1144.jpg,411,332,2,5108,0.03743440916952481,0.010756156504841803,69.47278768651755,97.9144900770967,fd2c986e949dd31af5639440dd6e557d,
trainval_1145,TN3K,nodule,trainval,1145.jpg,1145.jpg,354,338,1,16064,0.13425600909303648,0.027972516003497747,79.08218030090131,87.58612476180924,1014351ad8cc4ef7ec5dcd3b406f899a,
trainval_1146,TN3K,nodule,trainval,1146.jpg,1146.jpg,416,342,1,15898,0.11174370220422852,0.10968866715574745,41.86174822855511,54.940065508322085,63afbf748276104878362b105540bf57,
trainval_1147,TN3K,nodule,trainval,1147.jpg,1147.jpg,415,342,2,24918,0.17556541957302896,0.13275205495457992,69.15215398809511,58.83765236384133,36188bf0d83aa46a034bf87fcbeef333,
trainval_1148,TN3K,nodule,trainval,1148.jpg,1148.jpg,627,499,2,32586,0.10415088550306355,0.20704662183075861,68.89908889078384,74.03351200007671,c3a1387eb70015746dd74dea16139e35,
trainval_1149,TN3K,nodule,trainval,1149.jpg,1149.jpg,427,306,1,12564,0.09615649538503926,0.13095892869507417,85.27995820167381,49.755284627512204,2614bf258394bd661b608885f24a33e3,
trainval_1150,TN3K,nodule,trainval,1150.jpg,1150.jpg,294,299,1,7524,0.08559142720633404,0.012945004946560597,73.99905340069937,86.659875321366,bce319306919690e8617d56c31d3fd7b,
trainval_1151,TN3K,nodule,trainval,1151.jpg,1151.jpg,296,286,1,8442,0.09972122472122472,0.10823522690894215,104.74791887656286,96.13635182385183,b946ca39999d21bf9347a417e5a44153,
trainval_1152,TN3K,nodule,trainval,1152.jpg,1152.jpg,320,379,1,35310,0.2911444591029024,0.01183625020732287,64.69097241828676,135.04591029023746,40c118703a9d453cabe2e35ee3b24c24,
trainval_1153,TN3K,nodule,trainval,1153.jpg,1153.jpg,306,300,1,31749,0.3458496732026144,0.21061548245239073,79.54187057853018,53.47618736383442,a2de5e859009e71e977264825c21066c,
trainval_1154,TN3K,nodule,trainval,1154.jpg,1154.jpg,432,310,1,39207,0.2927643369175627,0.037924600932017834,76.33654852878188,79.80858721624851,2c0c52c8fab2070faea178bbee28b24b,
trainval_1155,TN3K,nodule,trainval,1155.jpg,1155.jpg,431,324,1,10662,0.07635129328864827,0.07263770014959117,43.91278042145533,56.6170619575492,6f2eee5e88c15f4da313922bbd1f1660,
trainval_1156,TN3K,nodule,trainval,1156.jpg,1156.jpg,319,322,1,13434,0.13078525672228822,0.013069355067512046,56.24548309352706,31.59908682022625,4ffc481c4bb7b3ce6d113c4d2242f2be,
trainval_1157,TN3K,nodule,trainval,1157.jpg,1157.jpg,437,367,5,45838,0.2858104864103156,0.049038435505353535,56.044298391514296,48.25124860486722,9e0748f2dcdf2bb098154823bc717177,
trainval_1158,TN3K,nodule,trainval,1158.jpg,1158.jpg,372,334,1,38153,0.3070713411885906,0.06390001652770046,66.74796072746075,59.36807835941021,7d59a71541a451871027663ad2d658d1,
trainval_1159,TN3K,nodule,trainval,1159.jpg,1159.jpg,294,285,1,18846,0.22491944146079484,0.02336460289739531,51.46281530141805,48.934777419739824,62ca3adede17163adbb9c696e87d3490,
trainval_1160,TN3K,nodule,trainval,1160.jpg,1160.jpg,299,318,1,26742,0.28125197198207863,0.12194815965521393,85.82869825421476,136.2162869943838,36b12c012f16ffefbaff3e373ff93bd0,
trainval_1161,TN3K,nodule,trainval,1161.jpg,1161.jpg,343,289,1,1101,0.01110696379392093,0.05634612679697741,81.36594809556169,74.77788090025926,e9a27564020854504953d50475c8db2a,
trainval_1162,TN3K,nodule,trainval,1162.jpg,1162.jpg,350,332,1,33349,0.2869965576592083,0.022529474879030488,57.037539976154186,79.29600688468159,2fa59213d6849eff3c9b10cde38859ba,
trainval_1163,TN3K,nodule,trainval,1163.jpg,1163.jpg,275,247,1,20156,0.29673905042326093,0.050420264151009565,77.54244871424325,54.245270518954726,611682f167fd72cd50dde5714110ba03,
trainval_1164,TN3K,nodule,trainval,1164.jpg,1164.jpg,415,330,1,38758,0.2830083972252647,0.12855770127945865,135.22367948759572,96.22870390653523,84b2c62541d0f1118589ace1fcb8d53b,
trainval_1165,TN3K,nodule,trainval,1165.jpg,1165.jpg,472,334,1,5017,0.03182406373693292,0.05553345826182885,83.92225639055647,98.97696133157415,fa93fcaac886cac30ff7bc746b002cdd,
trainval_1166,TN3K,nodule,trainval,1166.jpg,1166.jpg,285,287,1,3169,0.03874319946206981,0.08774416993051559,60.039041300462806,34.38502353444587,c988d2c82b3eeba92f0aa611e6c5e99b,
trainval_1167,TN3K,nodule,trainval,1167.jpg,1167.jpg,319,293,1,6047,0.06469663089646613,0.048518334473493886,90.3226567851159,31.321921105844844,8c250f967e46f22efdec3838e51e7a16,
trainval_1168,TN3K,nodule,trainval,1168.jpg,1168.jpg,437,399,1,23608,0.1353956974816905,0.042844527485786904,28.529177174449348,20.723186685248592,90193053eb648becac7e6f17b3c010e9,
trainval_1169,TN3K,nodule,trainval,1169.jpg,1169.jpg,444,396,1,117751,0.6697094822094822,0.08717927429991104,41.280621213286146,13.663293975793977,921dc3dc1d6f0aaf992bce65c3d6ba88,
trainval_1170,TN3K,nodule,trainval,1170.jpg,1170.jpg,274,301,1,4972,0.06028566578558091,0.047105600921352006,56.81321330793079,43.40912287508791,aa6d2ef7738fc3e4da77a79d805eb85a,
trainval_1171,TN3K,nodule,trainval,1171.jpg,1171.jpg,274,329,1,6367,0.07062986710447497,0.0016668097390235663,89.38529307526734,41.20537794244892,ea3f5cb54e9db6b68f0e0f302d2e2d50,
trainval_1172,TN3K,nodule,trainval,1172.jpg,1172.jpg,314,345,1,5421,0.050041539739684296,0.17850294069487913,65.98555188261469,145.71777900858487,aafb59c12f66ea42d76d69a1a12789f7,
trainval_1173,TN3K,nodule,trainval,1173.jpg,1173.jpg,343,370,1,20487,0.16142935938854305,0.07180878806036634,45.02974680713284,97.32901268615554,9a3c215c610c27192a694adae61f141c,
trainval_1174,TN3K,nodule,trainval,1174.jpg,1174.jpg,338,366,1,21589,0.17451579525980535,0.04496886866828077,73.47040500726001,83.1997283926666,fddde3e9fe5e0db394411fe748679dc1,
trainval_1175,TN3K,nodule,trainval,1175.jpg,1175.jpg,415,334,1,4156,0.029983406680614673,0.020242055365774073,120.78567928692061,54.487345790347014,15bb21c85206b2408dd2cf8720d1b78d,
trainval_1176,TN3K,nodule,trainval,1176.jpg,1176.jpg,340,363,1,22175,0.1796710419705072,0.009089255054876965,54.977056423526925,61.52710257656782,b33b5a2c76b7ff02755b0f7f52ade29f,
trainval_1177,TN3K,nodule,trainval,1177.jpg,1177.jpg,313,340,1,1686,0.015842886675436946,0.056540918441693046,101.85237514131832,116.53994549896636,f65a22c2878462257364d414b91b4574,
trainval_1178,TN3K,nodule,trainval,1178.jpg,1178.jpg,393,399,1,3872,0.024692775194984917,0.05638283619232815,85.2796980155932,90.15230187427858,4a44ffa36a444badfab89054f2b7b775,
trainval_1179,TN3K,nodule,trainval,1179.jpg,1179.jpg,382,299,1,1255,0.010987760247946909,0.14295694271605397,117.46403728472589,79.85902397170324,3f34479b093a94847164f272644f76ce,
trainval_1180,TN3K,nodule,trainval,1180.jpg,1180.jpg,276,313,1,10326,0.11953049034588137,0.08948825671770047,84.27868885515277,73.2518173820438,a7566475565ac8b0bc8e3c1f080cde61,
trainval_1181,TN3K,nodule,trainval,1181.jpg,1181.jpg,410,336,1,51885,0.37663327526132406,0.2466818671628375,69.00622572470034,73.47635743321719,e2282377c62e7eb5196917b81e887112,
trainval_1182,TN3K,nodule,trainval,1182.jpg,1182.jpg,362,332,1,32548,0.2708180789456167,0.023183946604543856,83.71759519324586,66.68061472408974,f7268ef94f6a81515f4b7d75666a2773,
trainval_1183,TN3K,nodule,trainval,1183.jpg,1183.jpg,288,335,2,13406,0.13895107794361525,0.2913998388432679,124.23462434532351,68.11210613598674,506e52afc56bf35e46435d3372af6049,
trainval_1184,TN3K,nodule,trainval,1184.jpg,1184.jpg,416,338,1,5761,0.040972064178425124,0.09147966528541406,101.96945949233158,67.49872695721439,0f6235cabb2913acbf06715c9ece0ee1,
trainval_1185,TN3K,nodule,trainval,1185.jpg,1185.jpg,409,330,1,16008,0.11860413425205601,0.006478871839962942,77.4365962138586,70.4778617470549,c31f0e028e7495e77a427c78604ebd3c,
trainval_1186,TN3K,nodule,trainval,1186.jpg,1186.jpg,329,386,1,56251,0.44294218624501946,0.1107487331121143,74.1105018613805,36.24748413310865,5fa1d14bb56e1634b7585f265a72c209,
trainval_1187,TN3K,nodule,trainval,1187.jpg,1187.jpg,274,311,1,18153,0.21302837561902974,0.12491975447479846,68.623566260809,39.37120660924261,3f34605cd4eec8861ea33caf04d7e161,
trainval_1188,TN3K,nodule,trainval,1188.jpg,1188.jpg,313,299,1,12742,0.13615138854755468,0.0756985147189447,81.9215924572868,77.71971534507998,3cd9b541b95d93cbfefbc2c4f0c73d74,
trainval_1189,TN3K,nodule,trainval,1189.jpg,1189.jpg,315,297,1,51251,0.5478167922612367,0.01154539945029151,79.43488566613722,123.34710063598952,d3420133b6d5669d7b9d0e6b32bbfc65,
trainval_1190,TN3K,nodule,trainval,1190.jpg,1190.jpg,410,332,1,58345,0.4286291507493388,0.11540237014994846,76.01345178395368,89.6867396414928,194d5448d10d4297d5a206857d6d085e,
trainval_1191,TN3K,nodule,trainval,1191.jpg,1191.jpg,473,335,1,4524,0.028550692625666594,0.027302873681084295,87.31717717335523,32.73564734467199,318e6acff7a28f195a85ae46489f553b,
trainval_1192,TN3K,nodule,trainval,1192.jpg,1192.jpg,473,332,1,32414,0.2064112687536616,0.0016053383215267121,73.98114468652712,78.71903257851703,b371ee2537e27b3469e705e85b281006,
trainval_1193,TN3K,nodule,trainval,1193.jpg,1193.jpg,293,327,1,45294,0.47274321320098944,0.07336982116736497,85.98277612394705,152.97967874252436,fe28c8a9ad9c3c25a6946d826025fd9b,
trainval_1194,TN3K,nodule,trainval,1194.jpg,1194.jpg,417,385,1,44636,0.27802796723660034,0.008745130627351235,54.91869535946449,77.74903609579869,52400758db044f9397311d51e07b9bdb,
trainval_1195,TN3K,nodule,trainval,1195.jpg,1195.jpg,412,328,3,20339,0.1505076367511248,0.0339627271426962,70.3933108367079,55.002249585602655,351ed97dafff2c98b1e6096da1dcb816,
trainval_1196,TN3K,nodule,trainval,1196.jpg,1196.jpg,314,252,1,6515,0.08233495096552422,0.05575174691755209,103.41721970299987,137.59143413203924,5eff670900dd671e34b6b2c6f8c011e6,
trainval_1197,TN3K,nodule,trainval,1197.jpg,1197.jpg,316,336,1,5197,0.048947031344183246,0.08203728802307392,107.98732723559766,138.75737454792042,925a3f987d966446974b0adc2731118f,
trainval_1198,TN3K,nodule,trainval,1198.jpg,1198.jpg,277,376,1,2880,0.02765189338658883,0.15927335054875585,87.05613918293328,116.95357746370689,62e770a08115665658c62dd99c9713a3,
trainval_1199,TN3K,nodule,trainval,1199.jpg,1199.jpg,275,230,1,12437,0.19663241106719367,0.0069552260583922625,58.114281688988726,62.915351778656124,ad946cd10c8e3c73a3e13a164f870c0f,
trainval_1200,TN3K,nodule,trainval,1200.jpg,1200.jpg,345,372,1,22321,0.1739208352812841,0.09894935788512696,73.40862997681587,59.543423718248405,bac0ed66cbd779682b9fcd6f41ce802d,
trainval_1201,TN3K,nodule,trainval,1201.jpg,1201.jpg,344,299,1,27711,0.2694154935054834,0.06814206623205378,73.35092600127813,63.0350781675352,853825d3b4768517a575b66ab2ece862,
trainval_1202,TN3K,nodule,trainval,1202.jpg,1202.jpg,381,306,1,34523,0.29611617175304067,0.11532218524603713,99.65135788304843,92.56305216749867,62e0e4ffa9b8b9512628445ae70dcc24,
trainval_1203,TN3K,nodule,trainval,1203.jpg,1203.jpg,377,279,1,4686,0.04455092552979094,0.015868783706397615,121.25619636094886,89.06236749284581,e531f60c722a8aa7f9af736b686451ec,
trainval_1204,TN3K,nodule,trainval,1204.jpg,1204.jpg,276,283,3,10949,0.1401777026681006,0.13521258956371057,128.4422923451153,62.95598402212321,a53e81f4edea82965c1bda95d3fe932f,
trainval_1205,TN3K,nodule,trainval,1205.jpg,1205.jpg,295,293,1,5658,0.06545959391450222,0.19284467978866138,105.5910661872678,96.19113784925088,452f4b22cd5397da8cbbc6998ae2514c,
trainval_1206,TN3K,nodule,trainval,1206.jpg,1206.jpg,329,381,1,66295,0.5288833576653982,0.21053785977221878,46.05707192672872,112.62718489975987,d764fe92d552ee1f5c8d15f2960bb7a3,
trainval_1207,TN3K,nodule,trainval,1207.jpg,1207.jpg,348,308,1,3469,0.03236490520973279,0.005900593791446173,60.65860535258426,134.32477795193313,5f65c599ac41de5c3b68cc2686dd56fa,
trainval_1208,TN3K,nodule,trainval,1208.jpg,1208.jpg,348,302,1,34250,0.3258925173175002,0.04341836700050923,41.56697913410438,67.38772170206288,f28631cef5c9f1b87faab7e4ef3ec585,
trainval_1209,TN3K,nodule,trainval,1209.jpg,1209.jpg,395,339,1,43355,0.3237743176132333,0.27922724218005396,82.05919982852674,82.88046002763153,3ea4185f825341401bbd6e3a139597b2,
trainval_1210,TN3K,nodule,trainval,1210.jpg,1210.jpg,414,336,1,91099,0.6548984932137106,0.23908091963618425,71.73586112242698,50.316324476650564,7e7f674f4f967bf8f34412db5e021249,
trainval_1211,TN3K,nodule,trainval,1211.jpg,1211.jpg,291,303,1,23501,0.2665328388508954,0.10508851125742871,49.76142121457671,57.22205210211743,856aab0341dfa1d9148244f4374a90ab,
trainval_1212,TN3K,nodule,trainval,1212.jpg,1212.jpg,281,301,1,11527,0.13628356250221682,0.019908598060626066,47.197234432561046,65.15849895366571,27b49b8fd2aee7bbe93c113a1c022b36,
trainval_1213,TN3K,nodule,trainval,1213.jpg,1213.jpg,353,368,1,63350,0.4876678162335263,0.23556900653113733,67.60068675455184,63.87600843699963,686c3d39ead079e87bf9e9117cb9a221,
trainval_1214,TN3K,nodule,trainval,1214.jpg,1214.jpg,411,329,1,28762,0.2127067941635421,0.3127117077105215,110.32052829117707,82.97329517301563,63f03e7d871628056f6f1b098c76851e,
trainval_1215,TN3K,nodule,trainval,1215.jpg,1215.jpg,422,326,2,10043,0.07300177361672433,0.10269969577330365,84.4837688353912,64.95299915680516,29af31a9c7208ac5c99a53fcd0c57fbc,
trainval_1216,TN3K,nodule,trainval,1216.jpg,1216.jpg,476,331,1,32228,0.20454949351341745,0.12585383565671254,69.20111187966418,90.98135900886034,06a58c08cd6740553b1676b355a91c87,
trainval_1217,TN3K,nodule,trainval,1217.jpg,1217.jpg,292,260,2,5328,0.07017913593256059,0.02439569013098424,63.3025170274209,107.66525289778714,acf02b72ff37faec79998a449dc39fd9,
trainval_1218,TN3K,nodule,trainval,1218.jpg,1218.jpg,413,331,1,10160,0.07432170471752632,0.2158901141796787,102.57843131622708,43.899534026319834,6ef783eb643849adae4dd04b1b142f49,
trainval_1219,TN3K,nodule,trainval,1219.jpg,1219.jpg,413,329,1,5916,0.04353937752526182,0.1901004190865343,100.00402480720324,44.158761232585356,d4c4adc528c72f7408b536bd6bec7157,
trainval_1220,TN3K,nodule,trainval,1220.jpg,1220.jpg,294,292,1,16420,0.19126828813717267,0.24362793003625444,94.80274706606501,67.02137498835151,97b42706fa48a6bcc3e094a792ac716d,
trainval_1221,TN3K,nodule,trainval,1221.jpg,1221.jpg,298,301,1,2264,0.025240250618742893,0.02833094132823917,79.49898728642934,56.99643247341078,6ac7ca887c7bee58589a801f99c98d0a,
trainval_1222,TN3K,nodule,trainval,1222.jpg,1222.jpg,374,348,1,23678,0.18192574835576864,0.0306102733385518,74.62454843461202,36.77444065400455,b7d39ce5a0c86bfbd3a54536a697f4d3,
trainval_1223,TN3K,nodule,trainval,1223.jpg,1223.jpg,339,323,1,29348,0.26802560800752534,0.10366313001805452,70.26989262116088,78.13343744577477,d2ba338642586343c25ac29f748491c1,
trainval_1224,TN3K,nodule,trainval,1224.jpg,1224.jpg,309,325,1,48889,0.48682101070450584,0.16900445775923262,65.91637507223662,49.776748817525515,bac3e998aec36b652a67ed4823ecf3ea,
trainval_1225,TN3K,nodule,trainval,1225.jpg,1225.jpg,287,334,1,25262,0.26353564647708067,0.16514545773536088,76.34393695073878,77.95079179619854,5cb3b832f44a2fb92897de36e7e355b5,
trainval_1226,TN3K,nodule,trainval,1226.jpg,1226.jpg,279,368,1,53604,0.5220897615708275,0.0607831601305753,61.43998278158069,91.035569580801,6d6679c10727b41bceee9e8023f1eea5,
trainval_1227,TN3K,nodule,trainval,1227.jpg,1227.jpg,496,366,1,11412,0.06286356425171867,0.15661924496402133,81.65381083568744,73.29449255244138,a12f354fc1c67b08b7df63ee24444323,
trainval_1228,TN3K,nodule,trainval,1228.jpg,1228.jpg,415,340,1,5492,0.03892274982282069,0.08529876594690426,67.44561730395385,82.94859673990078,cf28170098985b978ffa3ab6a76b9a62,
trainval_1229,TN3K,nodule,trainval,1229.jpg,1229.jpg,363,334,1,46248,0.3814519720888801,0.09270880090249442,102.53103404765677,79.33183220336187,79ce6e911989d58108299a3bdec74146,
trainval_1230,TN3K,nodule,trainval,1230.jpg,1230.jpg,367,323,1,5657,0.04772188525489071,0.23928656709127072,70.15409000774322,69.44421761247163,abda2f9cd8f47c58a39d7fec7664646e,
trainval_1231,TN3K,nodule,trainval,1231.jpg,1231.jpg,414,358,1,26806,0.18086254824170783,0.03779166047731281,78.00728794705935,55.997301163198664,a33b2196e46e2f953d1ba062c8b3fd3c,
trainval_1232,TN3K,nodule,trainval,1232.jpg,1232.jpg,342,355,1,10317,0.08497652582159625,0.05032529331153793,56.12821616405297,87.80546907174039,3b67f7f41c8ed5cb318262fbce0523f7,
trainval_1233,TN3K,nodule,trainval,1233.jpg,1233.jpg,339,361,1,33128,0.27070003840528195,0.07370987836639785,56.68639571281902,111.6323797383538,89224d6d3aad16ace7feaaeb37926806,
trainval_1234,TN3K,nodule,trainval,1234.jpg,1234.jpg,344,377,1,6126,0.04723644438961199,0.019025832375930137,48.32532018182834,93.83247486274752,5e2b35088bd497066f1965dd35f4ec3d,
trainval_1235,TN3K,nodule,trainval,1235.jpg,1235.jpg,342,374,1,31418,0.24562967132626576,0.03291324533838271,55.34605687966767,92.71033868092691,ba1004191b3ed08fec8afeea98b63286,
trainval_1236,TN3K,nodule,trainval,1236.jpg,1236.jpg,376,370,1,15770,0.11335537665324899,0.19900087775278938,60.35108478953071,59.332346175963195,fed75a12c2eacb8f365413c021d13e81,
trainval_1237,TN3K,nodule,trainval,1237.jpg,1237.jpg,389,339,1,12956,0.09824752978289389,0.18137238284038049,129.56333431143233,50.2578808077591,3bcaeb39cf923516cf4aa48022e8f9d5,
trainval_1238,TN3K,nodule,trainval,1238.jpg,1238.jpg,345,338,1,15019,0.12879684418145956,0.08064356466047656,71.48950332439688,52.23214990138067,eafd6817fee9441114b6ff172831666c,
trainval_1239,TN3K,nodule,trainval,1239.jpg,1239.jpg,365,348,1,50290,0.3959219020626673,0.05449477272742186,63.60786383860203,54.44950401511573,c41011806a310bd55706a001242848f8,
trainval_1240,TN3K,nodule,trainval,1240.jpg,1240.jpg,370,350,1,35583,0.27477220077220077,0.05432160927013349,109.8236878178196,49.19206177606178,df30aed8f5c70f68cb249500adcd377a,
trainval_1241,TN3K,nodule,trainval,1241.jpg,1241.jpg,418,338,1,12851,0.09095863650519521,0.05431174815818385,55.673752156631245,51.82626482828912,fe7a514af6fd2c28bdd47305225b6a6a,
trainval_1242,TN3K,nodule,trainval,1242.jpg,1242.jpg,417,346,1,2720,0.018851970446763976,0.10601419852748543,74.79830810844255,53.36572822666722,3e2f0c85d146ac9def8a75af2a5ae23f,
trainval_1243,TN3K,nodule,trainval,1243.jpg,1243.jpg,497,375,2,23829,0.12785513078470825,0.012335847957297844,51.68158855219566,85.95466130114018,4297fefadc3157875fc2d5eb90c460e9,
trainval_1244,TN3K,nodule,trainval,1244.jpg,1244.jpg,370,367,1,15626,0.11507474777229545,0.13733122384636193,55.8430923031286,79.30425657264894,a333f4f410ca9cbbd0bc67deadc43950,
trainval_1245,TN3K,nodule,trainval,1245.jpg,1245.jpg,383,372,1,19131,0.13427524635728122,0.1987182962093711,57.19903272008826,71.77507088913221,370ad034e3364a85579f713d6b26331a,
trainval_1246,TN3K,nodule,trainval,1246.jpg,1246.jpg,340,364,1,29638,0.23947963800904978,0.03744988980006127,47.7770192422346,82.99561247575953,14550e02ca38063f0da25f1b3771eec2,
trainval_1247,TN3K,nodule,trainval,1247.jpg,1247.jpg,340,366,1,4822,0.03874959819993571,0.01847179193853598,63.778158151670986,84.0712150433944,a4cf8859aa7f0fbed30135435a42631a,
trainval_1248,TN3K,nodule,trainval,1248.jpg,1248.jpg,437,365,1,12628,0.079169931977054,0.0038975383205758353,79.2795806752232,20.262041942258865,fc923a0de84297539bd7bbb65e6879d9,
trainval_1249,TN3K,nodule,trainval,1249.jpg,1249.jpg,292,386,1,43813,0.388716374476542,0.2504206000790354,70.20786512433095,86.90581304563844,e16adfee986e4e1f16bee4bf89ec3bc8,
trainval_1250,TN3K,nodule,trainval,1250.jpg,1250.jpg,351,373,1,58823,0.44929462355735816,0.022364100808171066,61.909970182199686,102.49911016398951,b7243680b5285bb7edcd2bc902d48fa0,
trainval_1251,TN3K,nodule,trainval,1251.jpg,1251.jpg,341,364,1,37300,0.300505945667236,0.07313972444756027,32.95087248013749,35.44182430472753,a1fbea67f45dfa9584fc3ce49df37afb,
trainval_1252,TN3K,nodule,trainval,1252.jpg,1252.jpg,408,341,1,64841,0.46605284342475994,0.05235731151169547,60.47828049927424,58.398295095164166,ffd72f8336323be141f5cc2b8512b3f6,
trainval_1253,TN3K,nodule,trainval,1253.jpg,1253.jpg,416,339,2,44456,0.31523712275924665,0.03952791583795441,69.58285599231692,49.900144656228726,8bd884fd8646ec83c4fa91908be02478,
trainval_1254,TN3K,nodule,trainval,1254.jpg,1254.jpg,382,295,1,21525,0.1910107374212441,0.10413301854370727,77.59699639067792,141.95778684887745,f58e3e78ae9819786865837334392ef6,
trainval_1255,TN3K,nodule,trainval,1255.jpg,1255.jpg,400,303,1,9702,0.08004950495049505,0.21068265690114435,91.7989496548481,146.68469471947193,a3db31cd802b49e0aa84025bb6b7710b,
trainval_1256,TN3K,nodule,trainval,1256.jpg,1256.jpg,394,376,1,20040,0.13527378766605466,0.13472492664714728,54.17600215604032,92.89126795550276,33998326b800b6ed45d4a7a16bfa9cec,
trainval_1257,TN3K,nodule,trainval,1257.jpg,1257.jpg,400,385,1,24204,0.15716883116883118,0.16154369319955175,98.59027923148845,85.23015584415585,00bc1b06a76bd67a6a70271218d7f795,
trainval_1258,TN3K,nodule,trainval,1258.jpg,1258.jpg,368,333,1,42455,0.3464469904687296,0.1424717049698221,78.70792711946608,49.68080852591722,7744ef49c91396f137f4193a385493eb,
trainval_1259,TN3K,nodule,trainval,1259.jpg,1259.jpg,419,347,2,6872,0.04726499900270302,0.24172709939025888,137.5839715199954,45.44133486481468,cc5e6e1fece53ee0042b6ae6a39a6c50,
trainval_1260,TN3K,nodule,trainval,1260.jpg,1260.jpg,435,383,1,26794,0.16082350469673778,0.13161775662353534,65.77241989049841,22.318585876774407,921940abe79fbbb8610ef3cf2fdbf6e1,
trainval_1261,TN3K,nodule,trainval,1261.jpg,1261.jpg,439,336,2,28703,0.19459133311639007,0.06714331735614647,59.356693273951,39.74520690964313,35379b43ad39e57e5593e8a1b5ae551a,
trainval_1262,TN3K,nodule,trainval,1262.jpg,1262.jpg,411,347,1,33562,0.23532958903917486,0.07426541540218108,35.71371931842666,21.75794610740655,99a6066b2214786f8090035920d69e23,
trainval_1263,TN3K,nodule,trainval,1263.jpg,1263.jpg,411,341,1,6614,0.04719195724611312,0.1854746425848028,93.29701827211755,30.195332177437194,c02a20f5f9174a9dea4f577a07b6a0eb,
trainval_1264,TN3K,nodule,trainval,1264.jpg,1264.jpg,235,277,1,2449,0.03762193716875336,0.10258624511462405,102.97965427475312,82.52275904447346,8c89093a3667e17005c5a89891f0f6fe,
trainval_1265,TN3K,nodule,trainval,1265.jpg,1265.jpg,230,295,2,5517,0.08131171702284451,0.29980907641482923,112.64836662092192,88.44411201179072,40644dd2528ebb882d163720b1c27039,
trainval_1266,TN3K,nodule,trainval,1266.jpg,1266.jpg,291,254,1,10718,0.14500635874123982,0.1420854717110749,72.80281466649775,111.58309657169143,180f155b4e3f358bc9b9ea958c362d6f,
trainval_1267,TN3K,nodule,trainval,1267.jpg,1267.jpg,370,369,1,14521,0.10635757708928441,0.05817335776451017,45.23208043496871,40.847117849556874,b8d72178ada3931decd89a77e1d0b689,
trainval_1268,TN3K,nodule,trainval,1268.jpg,1268.jpg,329,349,1,58858,0.5126065789359089,0.15240395390063616,61.89489256464598,70.296330810566,ee98434daa928d612553adc86ff84122,
trainval_1269,TN3K,nodule,trainval,1269.jpg,1269.jpg,367,310,2,810,0.00711962731827371,0.15148141114575148,89.15617078280656,56.6152852245759,6a92bc0e9e30c75f76fd1b793aff016e,
trainval_1270,TN3K,nodule,trainval,1270.jpg,1270.jpg,457,342,1,9627,0.061595454719950864,0.031159459012078526,65.94378904864111,63.36260509040654,1946d9027e67bcc95db5a802deff4dc6,
trainval_1271,TN3K,nodule,trainval,1271.jpg,1271.jpg,419,328,1,3929,0.028588683858198963,0.07876495015557892,62.44461678074153,38.64495168519704,8ca3d26651e44d7eb0497cde5c50ac39,
trainval_1272,TN3K,nodule,trainval,1272.jpg,1272.jpg,406,281,1,1830,0.016040530827621267,0.35456984634521055,123.2131314161665,94.95551601423487,540e66eca25ff3bb25791ed2c5e353f8,
trainval_1273,TN3K,nodule,trainval,1273.jpg,1273.jpg,395,309,1,40253,0.329793945352505,0.27030936185348853,99.34720859789316,81.15671623448445,222935fa0a03959a75d8b9b83c25d17e,
trainval_1274,TN3K,nodule,trainval,1274.jpg,1274.jpg,357,306,1,31142,0.2850735065267937,0.28101510558052384,137.05104668909928,44.33354387506637,89f5c06f9b7c4404666c5620248c61c3,
trainval_1275,TN3K,nodule,trainval,1275.jpg,1275.jpg,324,336,1,40745,0.3742743239271017,0.22256891867157652,92.5515957835256,63.11847810111699,f462ba9423cd68e4a83c70f4b127ed17,
trainval_1276,TN3K,nodule,trainval,1276.jpg,1276.jpg,332,325,1,43346,0.4017238183503244,0.2664599201644675,106.65611512055938,78.97125115848007,981a2f4fce0ee797dd649104bfd37187,
trainval_1277,TN3K,nodule,trainval,1277.jpg,1277.jpg,373,356,2,22745,0.17128806819893364,0.16316072755498423,67.97118822758887,51.86272102900865,7cc1df73288cf4f6584f9b72b6873774,
trainval_1278,TN3K,nodule,trainval,1278.jpg,1278.jpg,374,322,1,6607,0.054862656525060616,0.12960244643509838,97.14902839749014,44.42958448201415,c5faeea96332f9191fcfaaad98fa48c8,
trainval_1279,TN3K,nodule,trainval,1279.jpg,1279.jpg,290,319,2,18109,0.19575181061506863,0.18447108739593107,87.69412116657796,73.2102583504486,5184ec7997a8c8c95f93c878c3e7c622,
trainval_1280,TN3K,nodule,trainval,1280.jpg,1280.jpg,287,269,1,6405,0.08296309728896545,0.12799326991522683,91.08687392206095,75.82521404608629,221dc61222480acfbc66e1285b45e4fa,
trainval_1281,TN3K,nodule,trainval,1281.jpg,1281.jpg,342,326,1,15346,0.13764216266637966,0.08707209586579834,64.6963039464234,78.86691421806049,7dc4a59f751ee3c9d6087b39e63f48c5,
trainval_1282,TN3K,nodule,trainval,1282.jpg,1282.jpg,414,325,2,504,0.003745819397993311,0.02005363659659446,56.64181221467338,78.33125232255667,ef633a85ca5d4f48a6e605383e180895,
trainval_1283,TN3K,nodule,trainval,1283.jpg,1283.jpg,425,377,1,43328,0.27041972226556404,0.10263821608824189,42.231847115806424,27.859566234982058,416098c971dbd9cbcfd36e4424065b04,
trainval_1284,TN3K,nodule,trainval,1284.jpg,1284.jpg,370,377,1,57535,0.4124668435013263,0.1040932638370575,31.67907390281254,38.47809161947093,7b99acbbd3d1799a9c6cc855239ad6e0,
trainval_1285,TN3K,nodule,trainval,1285.jpg,1285.jpg,419,387,1,85353,0.526373240088065,0.11833730991409376,59.80397620064357,31.173767984557795,26c56e37e75440bd5a2a4faa6bc63f2b,
trainval_1286,TN3K,nodule,trainval,1286.jpg,1286.jpg,409,331,1,11907,0.08795307987206287,0.018098892579131495,70.46628500424185,63.789339557833934,478d11fc5c97f82b46061244e019c210,
trainval_1287,TN3K,nodule,trainval,1287.jpg,1287.jpg,229,225,1,4735,0.09189713731198447,0.061550958650811165,56.29816004860636,127.35955361475013,73f40e8700399b7992e6b730016fc88b,
trainval_1288,TN3K,nodule,trainval,1288.jpg,1288.jpg,210,228,1,820,0.017126148705096073,0.04944669022472341,64.93214215990034,79.39920634920635,262ae48e7cd8cee9dec090ea43a31661,
trainval_1289,TN3K,nodule,trainval,1289.jpg,1289.jpg,343,345,1,75959,0.6418980014365995,0.1464932661563566,54.19872388363061,39.79250433092491,2f40551a563ff878bcf3e2473d9ffdd2,
trainval_1290,TN3K,nodule,trainval,1290.jpg,1290.jpg,336,382,1,69775,0.5436222263774619,0.024599098728253978,56.58586537583297,59.69324981301421,577a8c1fefba6b172da93f44670f615e,
trainval_1291,TN3K,nodule,trainval,1291.jpg,1291.jpg,345,363,1,65336,0.5217071904818941,0.08007671901936833,41.73654452155568,78.49111670060287,ba23269fc9bd928c807ffc40ed0d796d,
trainval_1292,TN3K,nodule,trainval,1292.jpg,1292.jpg,388,312,1,3857,0.03186128733809146,0.14010531538426146,82.5593692034649,133.8613947264076,2775262df056b88b609429db5138fb70,
trainval_1293,TN3K,nodule,trainval,1293.jpg,1293.jpg,325,306,1,2539,0.02553041729512318,0.00025160594702788776,81.20342703402994,134.51954751131223,ccd3e267fd47aae1f87e3c9a84e07d8a,
trainval_1294,TN3K,nodule,trainval,1294.jpg,1294.jpg,415,380,1,62690,0.3975269499048827,0.15329196661875283,78.93771702373787,57.28857324032974,31ac03fd57e97053218f02fa787a464f,
trainval_1295,TN3K,nodule,trainval,1295.jpg,1295.jpg,407,385,1,28529,0.1820670729761639,0.13276958069053374,51.55898664514603,53.51193720284629,60ab26a1a291792f82187919380e58f1,
trainval_1296,TN3K,nodule,trainval,1296.jpg,1296.jpg,472,382,1,54634,0.3030104712041885,0.17308962200474537,56.97424035400251,38.585328112521076,e8ef45b4726170fae0aefbd81e8dc01e,
trainval_1297,TN3K,nodule,trainval,1297.jpg,1297.jpg,483,374,1,67106,0.3714861438646605,0.2287317310436565,66.91696452805805,38.24560733384263,a2255b874fa5a8221c8f8b1b600cb91b,
trainval_1298,TN3K,nodule,trainval,1298.jpg,1298.jpg,409,331,2,8764,0.06473677601400513,0.026151822837945538,52.2616032445723,72.45904460810023,fb95f3ad3983a3b4275d968a1c4bebac,
trainval_1299,TN3K,nodule,trainval,1299.jpg,1299.jpg,405,330,1,8039,0.06014964459408904,0.10118866102360922,74.17959002083464,75.75643097643098,a396f2c6fe1d631717271ea1edbcf797,
trainval_1300,TN3K,nodule,trainval,1300.jpg,1300.jpg,326,303,1,8120,0.08220453947235214,0.15652492110990293,72.25849482625887,61.848356921581725,93464489b995612b3ca0e3a5e89f45a2,
trainval_1301,TN3K,nodule,trainval,1301.jpg,1301.jpg,331,305,1,6870,0.06805012134119162,0.08954775299965007,86.84004582013083,59.67464712000396,d75b78980e1880bb864a5cee84d8358c,
trainval_1302,TN3K,nodule,trainval,1302.jpg,1302.jpg,330,279,1,5854,0.06358205713044422,0.07384480470194829,52.2838617241965,62.48564135983491,f6650fb90cd4efbca6d5a524e6f648c2,
trainval_1303,TN3K,nodule,trainval,1303.jpg,1303.jpg,340,301,1,33274,0.32513191323040846,0.03459359176607939,67.10200494825494,97.45518858706274,d2d74d57d5ad0520ecab9833a2d90779,
trainval_1304,TN3K,nodule,trainval,1304.jpg,1304.jpg,451,395,1,3240,0.01818743158662887,0.3218183496288072,140.6901116928197,110.40386202250976,ea4f9608d96ffb45fe27dd5f55e8c5cd,
trainval_1305,TN3K,nodule,trainval,1305.jpg,1305.jpg,444,396,2,35962,0.20453407953407954,0.08265584684981145,54.802822510514694,126.49584243334243,4deb3da9adc191cab22ee54e5aa48061,
trainval_1306,TN3K,nodule,trainval,1306.jpg,1306.jpg,284,295,1,27692,0.3305323466221055,0.08831889344885242,59.956364854015675,66.98178562902841,df8046484e5196dec524498378d8e264,
trainval_1307,TN3K,nodule,trainval,1307.jpg,1307.jpg,320,343,1,19263,0.17550109329446065,0.10314361390613455,51.2449941696518,54.673697157434404,4b4bfe9289ff7cbeeacded21521f5bd4,
trainval_1308,TN3K,nodule,trainval,1308.jpg,1308.jpg,331,339,1,38290,0.34123822509780855,0.14178244435524553,65.1822575527023,74.39099359231435,5aaf8744abe8537d27b7ea618317450a,
trainval_1309,TN3K,nodule,trainval,1309.jpg,1309.jpg,333,338,1,4902,0.04355242816781278,0.22509045187378762,128.3087548270488,45.92877196723351,a4569f18510c472ed612145bf9dc6ebb,
trainval_1310,TN3K,nodule,trainval,1310.jpg,1310.jpg,393,374,1,16760,0.114027568001524,0.25347604806971846,81.2397795809116,111.24696901661427,d8f363a95b3c6372495b446f2fdad1c3,
trainval_1311,TN3K,nodule,trainval,1311.jpg,1311.jpg,395,397,1,4980,0.03175716608742786,0.19848689847256573,79.9168531517493,117.47179160156873,e81563911dd46be76bf0872ed67bf07d,
trainval_1312,TN3K,nodule,trainval,1312.jpg,1312.jpg,446,391,1,851,0.004879978897388552,0.13919050170009248,153.51647464495093,102.2205394928492,b590e6de99927206d3c84c72b0125e1b,
trainval_1313,TN3K,nodule,trainval,1313.jpg,1313.jpg,384,368,1,14762,0.10446388134057971,0.2435394871793574,94.96564046687344,141.67580247961956,75cc030ea34e17e618f6315d9a0419de,
trainval_1314,TN3K,nodule,trainval,1314.jpg,1314.jpg,230,300,1,31774,0.4604927536231884,0.00649284084576317,73.53927803992312,104.56165217391305,c945d124219675fc984f2dacd95d8508,
trainval_1315,TN3K,nodule,trainval,1315.jpg,1315.jpg,229,354,1,38292,0.4723558581896233,0.12364783529537265,59.03951355834473,103.62921570078701,864a6a921e886ccd38df1fb19068b4b8,
trainval_1316,TN3K,nodule,trainval,1316.jpg,1316.jpg,350,283,1,835,0.008430085815244825,0.09372943492381447,94.47937582146665,118.22358404846037,9c22a2eb0f973653af89951904cfd729,
trainval_1317,TN3K,nodule,trainval,1317.jpg,1317.jpg,411,328,1,482,0.0035754554625838228,0.11128838129570374,109.32900125125386,61.92340958993532,7bb7d9dae5deeaf01335830673953f43,
trainval_1318,TN3K,nodule,trainval,1318.jpg,1318.jpg,410,330,1,2656,0.019630450849963045,0.0476572574995679,99.64195103993832,67.33257945306725,ef2a078a33dea93cb9c8dee486bc6b6d,
trainval_1319,TN3K,nodule,trainval,1319.jpg,1319.jpg,405,328,1,15424,0.11610960554049984,0.027453800471574297,83.45887299777972,53.75475760313159,155b74197afcef936c29af0677197e30,
trainval_1320,TN3K,nodule,trainval,1320.jpg,1320.jpg,273,270,2,1115,0.015126848460181794,0.049372859479837994,81.70281754896315,65.166395333062,bb75fcd4a29f26a686fbe6bfc3c13a06,
trainval_1321,TN3K,nodule,trainval,1321.jpg,1321.jpg,276,275,3,4274,0.056310935441370225,0.04380759377610893,142.02861058816075,63.48905138339921,032ec1e7770c5021f26100e676acb351,
trainval_1322,TN3K,nodule,trainval,1322.jpg,1322.jpg,294,298,1,2336,0.026663014198968178,0.04813881412534569,80.88747641290084,65.56723964753687,6ce5d1b285eb81404fb09b8162675a51,
trainval_1323,TN3K,nodule,trainval,1323.jpg,1323.jpg,333,334,1,29057,0.26125227023430614,0.349929503723357,107.49479698104567,85.65645286004568,ad7a28820a45622df675f1525e7b8c86,
trainval_1324,TN3K,nodule,trainval,1324.jpg,1324.jpg,344,313,1,37391,0.34726762760977786,0.06540339294955737,59.39241036617482,137.5891782450405,1bde1144b5aac3f990776b6f4917f942,
trainval_1325,TN3K,nodule,trainval,1325.jpg,1325.jpg,342,258,2,2239,0.025375130332290673,0.11052752534689625,47.76639082632159,84.00564395484837,76cfd40c7650bc5d883465b1dfd660a8,
trainval_1326,TN3K,nodule,trainval,1326.jpg,1326.jpg,298,320,2,4264,0.04471476510067114,0.11666653192752893,89.59836264371047,70.88837038590604,ee9a996e784055ce0d2586c206d9ce4d,
trainval_1327,TN3K,nodule,trainval,1327.jpg,1327.jpg,293,318,1,2377,0.025511408762101017,0.14458748878194938,109.1670654872903,74.64950522678001,da4075e4e1face53380de7aa390d44dc,
trainval_1328,TN3K,nodule,trainval,1328.jpg,1328.jpg,294,309,1,7932,0.08731259494088897,0.09451284258323293,101.28974447409831,67.24527221891994,c840fb948150a4522359c19893175649,
trainval_1329,TN3K,nodule,trainval,1329.jpg,1329.jpg,348,372,1,9465,0.07311364479050797,0.05408068410671192,68.4696894882237,64.45761494252874,47c4a688eecfe5933923cbee669bbe42,
trainval_1330,TN3K,nodule,trainval,1330.jpg,1330.jpg,402,279,1,29866,0.2662850621444748,0.09991668856654025,70.9051691466998,62.4419657982489,41d6d788d7d9f7a14a45c8b2233735a2,
trainval_1331,TN3K,nodule,trainval,1331.jpg,1331.jpg,416,339,1,53693,0.38073661220785115,0.0508181334862,76.43346946404714,73.05981960517359,8b443e4d9a59b7b4a56e01f59d22c4c9,
trainval_1332,TN3K,nodule,trainval,1332.jpg,1332.jpg,410,337,1,12324,0.08919447057972063,0.044352095426449197,73.69241831214856,58.905811681262215,035fe3834725ee8e88d55011a9a1f949,
trainval_1333,TN3K,nodule,trainval,1333.jpg,1333.jpg,415,335,1,5590,0.040208595576335195,0.022257962218876784,84.69406521009037,75.0703326739795,36cc39745ea914821a45571cfb003276,
trainval_1334,TN3K,nodule,trainval,1334.jpg,1334.jpg,413,326,1,1770,0.013146362839614373,0.02350428255062974,95.37432021509456,64.06622944488183,900724f7b23660a3d9c947db8913abd9,
trainval_1335,TN3K,nodule,trainval,1335.jpg,1335.jpg,411,328,1,45184,0.33517298676636403,0.0443026225880596,62.72889258601182,74.6576538484363,3ec6f0cc3da2c03f7603f4b973268cec,
trainval_1336,TN3K,nodule,trainval,1336.jpg,1336.jpg,411,323,2,4008,0.030191408103771668,0.1395335418997564,147.03877610230734,56.48114166911482,d2c7b348faa3bd1f186607cee74fc8ae,
trainval_1337,TN3K,nodule,trainval,1337.jpg,1337.jpg,417,386,1,3059,0.019004485530746386,0.08016099513904631,49.30960050144185,124.24433717274884,3360b814d3574197127fd1a2d233b50d,
trainval_1338,TN3K,nodule,trainval,1338.jpg,1338.jpg,415,385,1,43270,0.27081833828821783,0.04661417743914361,64.96738019468316,139.4368142700673,f7c5d610785089b68c46471dc5d1d40c,
trainval_1339,TN3K,nodule,trainval,1339.jpg,1339.jpg,413,390,1,1387,0.008611162848450983,0.3010447703686703,138.35999104919517,102.95555969454274,9ed7fd31bf3465c3548d885a0e56f7aa,
trainval_1340,TN3K,nodule,trainval,1340.jpg,1340.jpg,269,298,1,21479,0.26794491155410294,0.061326384495728276,59.74053831744094,63.366682468002296,792be82f464fa4a4494a194ac6745497,
trainval_1341,TN3K,nodule,trainval,1341.jpg,1341.jpg,272,296,1,2335,0.029001887917329095,0.14934911833033265,144.80463071517,56.94266693163752,18543d025591eeda59d5a19c0a7126fc,
trainval_1342,TN3K,nodule,trainval,1342.jpg,1342.jpg,269,281,2,1558,0.02061146463109712,0.03841622894581691,201.84112731045235,54.21292780695604,71a39530fb99a7212bb162e6dc424f78,
trainval_1343,TN3K,nodule,trainval,1343.jpg,1343.jpg,341,367,1,26912,0.21504310930345913,0.15291754853172165,64.20824033268102,57.98874124030141,9260966d93b5e6a6896b6c39d3f77590,
trainval_1344,TN3K,nodule,trainval,1344.jpg,1344.jpg,416,358,1,11195,0.07517055221314999,0.04754875273123545,74.44640675328404,80.02322598839707,f5da90c22d7d8d4df001415ef8aa10bf,
trainval_1345,TN3K,nodule,trainval,1345.jpg,1345.jpg,411,329,1,37792,0.2794873501504966,0.01615068432258165,58.93848958844349,58.80726081393887,fbd430c21aa95f4d0c0a407161785d1a,
trainval_1346,TN3K,nodule,trainval,1346.jpg,1346.jpg,413,330,1,3822,0.028043143297380585,0.022732730069085626,95.20805956627645,53.93315723824198,426498d2b0177c0eea71ab2a8e9aef45,
trainval_1347,TN3K,nodule,trainval,1347.jpg,1347.jpg,391,402,1,32194,0.20481989031822984,0.00015428979387825076,64.25582490746345,133.97839447264954,cdec78d09eea2f448c83a710e720dd50,
trainval_1348,TN3K,nodule,trainval,1348.jpg,1348.jpg,393,397,1,3396,0.02176630069029169,0.04429067563421128,96.60588225904719,93.46828952512803,cd5fa72df0a5707dcfcd3655a27b2b85,
trainval_1349,TN3K,nodule,trainval,1349.jpg,1349.jpg,310,339,1,11938,0.1135978684936721,0.2593189668091326,80.70171092119047,122.22320867827577,84cd0cb5bd5ab45640cf8dfd58e591ff,
trainval_1350,TN3K,nodule,trainval,1350.jpg,1350.jpg,312,373,1,11850,0.10182511858115076,0.2708586843835757,113.7482058059632,126.71012064343164,cdaafd95aa33aa9fbcf6b1cfbe3c1702,
trainval_1351,TN3K,nodule,trainval,1351.jpg,1351.jpg,317,367,1,2654,0.02281264236412553,0.278592891397537,188.56985438341658,137.96376107754062,5d0a31852902fc944eeffd9980f944c7,
trainval_1352,TN3K,nodule,trainval,1352.jpg,1352.jpg,371,317,1,8239,0.07005535384798524,0.15866145838936888,67.13791677789776,112.79326910813131,b066d88d51f9c13341b76d8b78f51eb3,
trainval_1353,TN3K,nodule,trainval,1353.jpg,1353.jpg,385,300,1,18633,0.16132467532467532,0.09411971814148412,76.07600063334331,109.93303896103896,5f4553d9e0620f760c57a7b014ef0433,
trainval_1354,TN3K,nodule,trainval,1354.jpg,1354.jpg,412,333,1,27404,0.1997434327531415,0.017663868659719844,74.53091480925335,90.15283244409459,b8740b37a5a9af0aa94365ce307a84f5,
trainval_1355,TN3K,nodule,trainval,1355.jpg,1355.jpg,293,303,1,10326,0.11631128983205488,0.22179586438119475,108.02437774054025,73.842474008493,8bc32bd3ce4edcdb9676c64a5f4addf5,
trainval_1356,TN3K,nodule,trainval,1356.jpg,1356.jpg,361,331,1,18548,0.15522507971311647,0.056032786982918664,72.58957258510532,86.27638901674604,3e22eb85b69ebb3ed4275ad6cfcd6375,
trainval_1357,TN3K,nodule,trainval,1357.jpg,1357.jpg,369,342,1,42075,0.33340464983597207,0.030648810218215104,51.974329702090465,79.42306534176453,5b6925d557cfb9bb77d33545e3875472,
trainval_1358,TN3K,nodule,trainval,1358.jpg,1358.jpg,341,349,1,37080,0.3115730743053046,0.02236269830367864,61.5965594980979,31.51430564074986,13050f4123c4d9406248ca84c347770b,
trainval_1359,TN3K,nodule,trainval,1359.jpg,1359.jpg,338,328,1,5355,0.04830242459229326,0.06457149375587341,82.41698399655152,21.426270024534563,95862c40938740110ccc7f3634b4c1b0,
trainval_1360,TN3K,nodule,trainval,1360.jpg,1360.jpg,338,362,1,24685,0.20174736016214978,0.12078202156879284,47.89263811076802,87.2784170780346,9d486e6fda616c3c01ed043b122bcd62,
trainval_1361,TN3K,nodule,trainval,1361.jpg,1361.jpg,290,258,1,28636,0.38273188986901896,0.10487413455394733,90.64958138464279,67.86014434643144,18d7d06d1336d34668c88d5cdbedc533,
trainval_1362,TN3K,nodule,trainval,1362.jpg,1362.jpg,363,306,1,6315,0.05685194187867985,0.09398023526321111,60.27901275667381,52.931399557068005,daaa6eb551fbaca4e7d9628b9eb7b36f,
trainval_1363,TN3K,nodule,trainval,1363.jpg,1363.jpg,295,365,1,31381,0.29144183886696073,0.08471559615597954,36.30638703288106,62.64532156953796,e9ab016b1cbeb66b36eef927b13c9f6e,
trainval_1364,TN3K,nodule,trainval,1364.jpg,1364.jpg,417,337,1,74688,0.5314774886322396,0.013720853843099021,82.5861909423812,90.22352681652897,f1e022e0cd9a8596ad7bb42d2fc9b4b3,
trainval_1365,TN3K,nodule,trainval,1365.jpg,1365.jpg,412,330,1,7766,0.057119741100323626,0.16913125756651837,89.28146922544634,76.27636069432187,14569a7e7bb8dceddb2703eb6e870acc,
trainval_1366,TN3K,nodule,trainval,1366.jpg,1366.jpg,369,338,1,13288,0.1065409470662754,0.038619686377769795,53.90725880335483,73.06490434726832,95189c63cbd8de055869591dd4471db1,
trainval_1367,TN3K,nodule,trainval,1367.jpg,1367.jpg,372,340,2,7435,0.058783997469955725,0.1204907890765114,94.7516289018558,77.46556767868438,a80373a504d4f9a4a1d3d53dac7abf89,
trainval_1368,TN3K,nodule,trainval,1368.jpg,1368.jpg,279,390,1,4844,0.04451796709861226,0.16039445713377543,57.332728230846456,41.633002481389575,8f3d31bd762eac5ab0704333124231f5,
trainval_1369,TN3K,nodule,trainval,1369.jpg,1369.jpg,437,388,1,49249,0.29045860954492914,0.03109126014320406,51.85818492563176,44.66034230578688,3ab01e96b536286ef1237c3905219bda,
trainval_1370,TN3K,nodule,trainval,1370.jpg,1370.jpg,336,322,1,5825,0.05383947057083703,0.14341026875389082,86.37835222223988,29.582649364093463,dd35a70a43da159f370a60e7fcee074d,
trainval_1371,TN3K,nodule,trainval,1371.jpg,1371.jpg,244,259,1,10155,0.16069055003481234,0.15575431113415877,87.25022349173753,76.77419456927653,8107682777dc20e6c354169b1cf6efc0,
trainval_1372,TN3K,nodule,trainval,1372.jpg,1372.jpg,415,335,1,26711,0.1921309117065276,0.08842628198372307,85.04322255074622,58.512792663190076,64caeb7405be3d2e4c7f66e081836e41,
trainval_1373,TN3K,nodule,trainval,1373.jpg,1373.jpg,278,252,3,17696,0.25259792166266987,0.08518722805805821,79.99827930282949,133.23979387918237,c19e9a9da4cfa0dcdc1afd9a8ea5e05c,
trainval_1374,TN3K,nodule,trainval,1374.jpg,1374.jpg,416,310,1,11012,0.0853908188585608,0.056028524179480954,77.03104006093655,47.7628179280397,32f664684453f4e0611b4a36d552e6b4,
trainval_1375,TN3K,nodule,trainval,1375.jpg,1375.jpg,420,314,1,3436,0.02605398847437064,0.04762394121537816,57.575947353241304,49.6801941158629,9c051bb257922ec553f35781a96caac2,
trainval_1376,TN3K,nodule,trainval,1376.jpg,1376.jpg,341,368,1,45145,0.3597555144715032,0.09163934268274065,58.679629785873935,71.59367429555017,0d41456cd47b64650825a46876ab6f7a,
trainval_1377,TN3K,nodule,trainval,1377.jpg,1377.jpg,294,315,1,23456,0.25327718388942877,0.041683216258193156,80.17128517285461,73.44591296836195,3e18d3501247591e9ca4e86c5cd5f261,
trainval_1378,TN3K,nodule,trainval,1378.jpg,1378.jpg,290,317,2,10378,0.11289024257587295,0.003198615028061708,99.77523231080298,78.83763733275318,685ac4176737e6521a243818d6b581d2,
trainval_1379,TN3K,nodule,trainval,1379.jpg,1379.jpg,298,314,1,6192,0.06617364168768435,0.027785955652102106,73.3650702515999,165.82774761680844,9b9800c8519a3a3258c8d50d46573685,
trainval_1380,TN3K,nodule,trainval,1380.jpg,1380.jpg,294,312,1,3457,0.03768751090179662,0.07311058528126321,59.872017805170735,117.53592141984998,1b97059d6653267215c62c7bcdac7417,
trainval_1381,TN3K,nodule,trainval,1381.jpg,1381.jpg,293,311,2,12909,0.14166566070037204,0.020964115179838323,93.4579328014588,86.44884387037301,f027ca464d08abcabf73995b710e52fe,
trainval_1382,TN3K,nodule,trainval,1382.jpg,1382.jpg,294,313,1,33281,0.36166351524635415,0.016967911698755497,90.44945276920114,118.22619590967378,d3fa7a6c32b457c074958d964323d522,
trainval_1383,TN3K,nodule,trainval,1383.jpg,1383.jpg,281,305,1,32948,0.3844349804562161,0.2522195633027288,107.70894284395358,49.238480835423836,97a4075a619fb084759a6be64b831523,
trainval_1384,TN3K,nodule,trainval,1384.jpg,1384.jpg,396,376,1,7057,0.04739549752847625,0.04070158796026605,52.26432255904322,109.14517515581345,880e1b4573db5501b4b67c8efbfa63ff,
trainval_1385,TN3K,nodule,trainval,1385.jpg,1385.jpg,393,366,1,1760,0.012235987708394166,0.09177797449856276,50.40099594390614,124.061423267843,284599ebad4443d8f84cf10371c03e67,
trainval_1386,TN3K,nodule,trainval,1386.jpg,1386.jpg,389,355,1,21172,0.15331474709439155,0.08663792339549278,70.54321937631163,75.14274955646475,87a1e280221c6554e8701ec1aa166515,
trainval_1387,TN3K,nodule,trainval,1387.jpg,1387.jpg,474,333,1,17608,0.1115545925672508,0.031175792114782563,73.56107540428094,59.531202088164115,5718d9d35336e862c3b2855a51687eec,
trainval_1388,TN3K,nodule,trainval,1388.jpg,1388.jpg,295,325,1,4063,0.0423780964797914,0.044099325889400166,66.92679941289677,145.46829726205996,3245eb1680ef9b5317c6580fbb6ff63f,
trainval_1389,TN3K,nodule,trainval,1389.jpg,1389.jpg,412,335,1,82269,0.5960657875670192,0.15738794161513703,63.047057882352966,51.38392986523692,2571a37eceee1f01d7a7a7d5c96bb1bf,
trainval_1390,TN3K,nodule,trainval,1390.jpg,1390.jpg,410,329,1,6889,0.05107124323522871,0.06209215384029456,91.75552472858556,53.706716583883164,f723472f2eeadd17917e93339afba4a0,
trainval_1391,TN3K,nodule,trainval,1391.jpg,1391.jpg,409,335,1,20032,0.14620297047768493,0.17849402188639937,55.663914205674075,56.92432215450863,1d2826feae8413c48825d6ac9fbfdc9a,
trainval_1392,TN3K,nodule,trainval,1392.jpg,1392.jpg,409,330,1,1392,0.010313402978439653,0.052686630587138655,84.81858928935576,59.782892494628435,d16d3efed4734b9e973d699529b0c039,
trainval_1393,TN3K,nodule,trainval,1393.jpg,1393.jpg,429,372,1,46349,0.290429104945234,0.11445575361312843,59.512707285960495,40.585595408176054,83dca172303b360689cf4cdf28c401cd,
trainval_1394,TN3K,nodule,trainval,1394.jpg,1394.jpg,519,279,1,1853,0.012796872949772446,0.04500153828630635,59.95363959528836,59.25635872680437,10d41d2c39890b8dedd9c82da8f4527d,
trainval_1395,TN3K,nodule,trainval,1395.jpg,1395.jpg,490,334,1,5573,0.034052303556153,0.06833617006552908,69.71749562133542,75.06511059513626,f08029a03565581bdbe1ecfe02bed3ef,
trainval_1396,TN3K,nodule,trainval,1396.jpg,1396.jpg,408,336,1,1107,0.008075105042016808,0.12514839720892879,101.75631752896491,75.08698062558356,e531de57d9f340b85284af62b64e9e7a,
trainval_1397,TN3K,nodule,trainval,1397.jpg,1397.jpg,487,329,1,2415,0.015072742365328323,0.08670012476706437,120.91015703412826,70.0161462461694,fc4685172504284ffc2aa7c8b30e9180,
trainval_1398,TN3K,nodule,trainval,1398.jpg,1398.jpg,317,338,1,17385,0.16225524051294496,0.10543787915347103,58.195675989071646,67.64803165773804,f2b2417d0951d2d6d6e8e52ad796e42c,
trainval_1399,TN3K,nodule,trainval,1399.jpg,1399.jpg,314,343,1,6315,0.058634008653506896,0.1267094226717152,52.157843937446515,53.97141185864701,ad5b6d1b6aaab27f1e9389759b4f0a33,
trainval_1400,TN3K,nodule,trainval,1400.jpg,1400.jpg,314,339,1,10267,0.09645266144336095,0.10733876870841572,52.46868537597722,55.66315314807508,805604a42d873a16de0dfdf896a58f9e,
trainval_1401,TN3K,nodule,trainval,1401.jpg,1401.jpg,380,316,1,5011,0.041730512991339105,0.06150972223772308,41.40004008620083,97.41521485676216,eac5acd3bff119406264a6f459f45898,
trainval_1402,TN3K,nodule,trainval,1402.jpg,1402.jpg,373,303,1,5738,0.050770224475530666,0.12592716015547528,81.06542096786947,47.18137658269848,3e37413375eca63e243462ab0e70c960,
trainval_1403,TN3K,nodule,trainval,1403.jpg,1403.jpg,401,313,2,13582,0.10821189836909324,0.0881214163539012,122.04480367245249,49.11319146223897,f5bd56a94665e4b85e09d93ce284fa92,
trainval_1404,TN3K,nodule,trainval,1404.jpg,1404.jpg,390,306,1,5647,0.047318585553879675,0.15705673836442047,101.5011563939365,51.35298307357131,c9fc5e24fe68ccae5fa31b1eb84146a5,
trainval_1405,TN3K,nodule,trainval,1405.jpg,1405.jpg,292,321,1,11263,0.12016173772030897,0.2163689823579165,97.51980171020328,72.73177783467759,48252401cee640c33d30f2907c561d95,
trainval_1406,TN3K,nodule,trainval,1406.jpg,1406.jpg,291,324,1,18135,0.19234440626193203,0.16487581039240715,95.08924960039002,80.58116965763014,fbe344c48c5ff3905e1a8252d197713b,
trainval_1407,TN3K,nodule,trainval,1407.jpg,1407.jpg,292,324,1,13087,0.13832868256384237,0.1314050394632483,96.90614388652837,83.87642694063926,ef9fb93fea953b046284c905f44e12dc,
trainval_1408,TN3K,nodule,trainval,1408.jpg,1408.jpg,332,390,1,7326,0.05658016682113068,0.07836966829343428,53.65410936662975,47.17290701266605,721388af98b6db59f66866d1a6264c07,
trainval_1409,TN3K,nodule,trainval,1409.jpg,1409.jpg,269,309,1,16479,0.1982531490237124,0.24710830487993157,88.14706601696989,41.268139218729324,b8666d86e28cf065c2cf2c7781412eef,
trainval_1410,TN3K,nodule,trainval,1410.jpg,1410.jpg,272,307,1,11610,0.13903525579612952,0.17872344815439611,82.94836991469266,37.63120329565051,78230c1c32795079244e2b98437a5e6a,
trainval_1411,TN3K,nodule,trainval,1411.jpg,1411.jpg,388,378,1,5759,0.039266623029509624,0.026315242828493422,53.30349286684813,65.8599315442099,8263dc50a6c4db52ac9b2fdc34d3429d,
trainval_1412,TN3K,nodule,trainval,1412.jpg,1412.jpg,341,379,1,52026,0.4025565038417196,0.046934515348416105,38.22105627665719,56.76265678316917,b16c05f72d7aa2e3c53f8a1bc5ed4c75,
trainval_1413,TN3K,nodule,trainval,1413.jpg,1413.jpg,463,401,1,2023,0.010896085919111509,0.04668605275102911,133.74247569453837,74.23635296208722,62f8f78c12f7c2ee2bce6ec2ea95c789,
trainval_1414,TN3K,nodule,trainval,1414.jpg,1414.jpg,466,400,1,10829,0.05809549356223176,0.11086037146865918,129.8570756098019,105.36306866952789,c9666614901cbebfda99483ead1a404f,
trainval_1415,TN3K,nodule,trainval,1415.jpg,1415.jpg,414,324,1,9949,0.07417099063636906,0.051925877185875526,54.42517916397832,69.33418321703346,922b0691d3a324ab1345ea6123e8d0a6,
trainval_1416,TN3K,nodule,trainval,1416.jpg,1416.jpg,411,316,1,8703,0.06701007114478426,0.10835320240900907,59.9371593674498,64.05049431765684,eef97ee8deb1693aa43ba0fc7a641f42,
trainval_1417,TN3K,nodule,trainval,1417.jpg,1417.jpg,412,340,1,12888,0.09200456881781839,0.06230898464350704,58.513557929778145,65.67665619645916,fb6ac268a608bc0659b295781e686da2,
trainval_1418,TN3K,nodule,trainval,1418.jpg,1418.jpg,433,377,1,9076,0.05559877726796577,0.07903876122230334,74.19537430353562,54.92234181363751,baff29da34f46ca364b54f9c74cbccd6,
trainval_1419,TN3K,nodule,trainval,1419.jpg,1419.jpg,433,398,1,16736,0.09711374424083466,0.07487501228256963,49.5619702353591,73.15328954240022,89b51692cab149b5c2c66d3b1ff3762c,
trainval_1420,TN3K,nodule,trainval,1420.jpg,1420.jpg,432,395,1,12095,0.07088021565869668,0.035382526010467714,49.588120468403645,69.66340248476324,adb618f65fef38b89163c873a10b0e06,
trainval_1421,TN3K,nodule,trainval,1421.jpg,1421.jpg,416,384,1,4041,0.025296724759615384,0.10178890128970311,82.36092708080174,62.74681365184295,1d7b39ab6c65dfacf8c557c8e45b259a,
trainval_1422,TN3K,nodule,trainval,1422.jpg,1422.jpg,342,315,1,4742,0.044017451034994895,0.14340154383423795,67.52044077627878,123.30986726074445,4d7d34585455e0c2fe3ce91a459f25be,
trainval_1423,TN3K,nodule,trainval,1423.jpg,1423.jpg,431,335,1,5064,0.03507289538386951,0.10980112205676897,79.3622995004435,48.30764968660179,bdc977d2e6a385a81a0964b6d9ae9abe,
trainval_1424,TN3K,nodule,trainval,1424.jpg,1424.jpg,431,340,1,6452,0.04402893407943224,0.0034206548914254447,105.43341065628567,43.712228743005326,04fc7c76ca98ea54018387baf34600f7,
trainval_1425,TN3K,nodule,trainval,1425.jpg,1425.jpg,409,329,1,10189,0.07572030528905106,0.09683296647238761,71.76916106369194,58.11776071818729,52ff2e6b8bcb719d10b2a33bce9ff244,
trainval_1426,TN3K,nodule,trainval,1426.jpg,1426.jpg,340,310,1,10081,0.09564516129032258,0.07302922242767561,52.98703855975001,78.20371916508539,74b3c8b2bfeeb6263eccfbbebb2fe4d4,
trainval_1427,TN3K,nodule,trainval,1427.jpg,1427.jpg,477,283,1,5561,0.041195338948522495,0.13228472227862748,67.40081811298143,112.43164359105423,ae4254eafe7b66c157039d345b4c0220,
trainval_1428,TN3K,nodule,trainval,1428.jpg,1428.jpg,472,282,2,15949,0.11982359658612814,0.10816214315815036,51.059105543050855,82.98718295468205,4828dbbada49a70a60679207db273886,
trainval_1429,TN3K,nodule,trainval,1429.jpg,1429.jpg,508,283,1,6339,0.0440930970201163,0.15178595964089053,68.23719516972236,102.30541721154114,a5398579cb9d2d9d1163d274d2d03670,
trainval_1430,TN3K,nodule,trainval,1430.jpg,1430.jpg,511,279,1,3469,0.024332077800924466,0.1426021271780344,68.15760080291311,109.46152389369358,0a387b485d9687234ef24b7b1499fcfa,
trainval_1431,TN3K,nodule,trainval,1431.jpg,1431.jpg,508,279,1,6101,0.04304603053650552,0.12650134647187303,56.04615535821677,103.94217255101177,f135124052eea95a76f75c50f06b71f4,
trainval_1432,TN3K,nodule,trainval,1432.jpg,1432.jpg,385,377,1,5751,0.039622446518998246,0.023874643821120048,42.04718507481865,92.15793172344897,5087bb054f13c5f2d7443ff43a372ab4,
trainval_1433,TN3K,nodule,trainval,1433.jpg,1433.jpg,384,372,1,3598,0.02518761200716846,0.0646838805429182,60.86310798162585,89.03839045698925,750f31fc6e5006724e295da9e3a3c767,
trainval_1434,TN3K,nodule,trainval,1434.jpg,1434.jpg,386,371,1,7026,0.049062190131698394,0.09151487899530406,57.1333456152072,104.42732846389117,280935b685d2df23911da75a3665d3b4,
trainval_1435,TN3K,nodule,trainval,1435.jpg,1435.jpg,331,359,1,14066,0.11837177793299615,0.07665145262568569,63.534420492284674,36.916846897642834,3006ee425e918f7a330d1cbb020cf367,
trainval_1436,TN3K,nodule,trainval,1436.jpg,1436.jpg,329,352,1,23706,0.20470088422216082,0.10171108316234366,83.34540123088324,33.36165895274938,11c0fd72bf65f8fddc154e635c60185b,
trainval_1437,TN3K,nodule,trainval,1437.jpg,1437.jpg,330,354,1,5347,0.04577127204245848,0.07110564650485866,69.37057359311893,38.8321691491183,73b8d7d395c6a458e4dd4c44badf50c3,
trainval_1438,TN3K,nodule,trainval,1438.jpg,1438.jpg,287,305,1,2460,0.02810304449648712,0.21187234951521544,117.13520910909172,81.45762266521963,cd15985fbe572d80f105273e80581fea,
trainval_1439,TN3K,nodule,trainval,1439.jpg,1439.jpg,269,254,1,5373,0.07863770746128852,0.13924521421743755,100.02311536796539,38.80373503497936,47905092bb13928f71fe11f2d2a9da86,
trainval_1440,TN3K,nodule,trainval,1440.jpg,1440.jpg,273,362,1,18732,0.18954526136846578,0.09978867734731163,68.62984372209911,38.5507153987817,fd28264ca87638a9999e7a0d994d46be,
trainval_1441,TN3K,nodule,trainval,1441.jpg,1441.jpg,320,337,1,5143,0.04769102373887241,0.21401042546495622,128.08614205690853,54.60188241839763,4aa8063cf9ee97aca037144e9585529e,
trainval_1442,TN3K,nodule,trainval,1442.jpg,1442.jpg,314,299,1,5880,0.06262914598555695,0.18204894570440788,78.62467449888719,77.17391304347827,4398a4f35251e844cfd3dd9e751d3b7e,
trainval_1443,TN3K,nodule,trainval,1443.jpg,1443.jpg,315,297,1,5273,0.056362567473678585,0.2199161668936613,101.01407752569608,70.90874886430441,8b0e19f313d7d3d0d8347506da5559e3,
trainval_1444,TN3K,nodule,trainval,1444.jpg,1444.jpg,410,322,1,3531,0.02674594758369944,0.06172520089435107,60.48596255507882,45.29045599151644,5270535de49e8d6d4e764caa0c2c1613,
trainval_1445,TN3K,nodule,trainval,1445.jpg,1445.jpg,411,330,1,3631,0.026771363267713632,0.0950188306463518,65.84002550531399,45.070102484701025,fc967a8f62cab6c74eb887c6a8091b29,
trainval_1446,TN3K,nodule,trainval,1446.jpg,1446.jpg,335,332,1,2558,0.022999460528681893,0.0537355110578677,103.2262399536654,44.56451177845711,0048ef78af4c35a72246253ddfee2fbe,
trainval_1447,TN3K,nodule,trainval,1447.jpg,1447.jpg,338,326,1,3849,0.034931208480052274,0.06355687798896935,99.05734443091717,45.22935346861727,f3076c77c8d02f8e0982deed7aff3b61,
trainval_1448,TN3K,nodule,trainval,1448.jpg,1448.jpg,411,325,1,3892,0.029137188845218043,0.060555901172258175,46.2661557811879,43.120763615946096,a22e4409143abb3b3f59f4e6e870f920,
trainval_1449,TN3K,nodule,trainval,1449.jpg,1449.jpg,405,333,1,3330,0.024691358024691357,0.02699173963879846,62.366024611089635,39.08477366255144,9cb664990a59bc7e477066d2b0b472ce,
trainval_1450,TN3K,nodule,trainval,1450.jpg,1450.jpg,318,353,1,1281,0.0114116200758993,0.07712568306010928,72.87538044644678,33.77831524934523,cdc57cf96462377eed63f33b2e4dc12b,
trainval_1451,TN3K,nodule,trainval,1451.jpg,1451.jpg,395,325,1,1289,0.010040895813047712,0.11375101963649252,96.73865036771761,70.15022395326193,b2f844103d6cacbf222873052e7422c5,
trainval_1452,TN3K,nodule,trainval,1452.jpg,1452.jpg,415,392,1,47974,0.29489795918367345,0.07705640600270232,45.61103372233889,78.56059134497173,111355a3d1069f0583db99c26c3c0058,
trainval_1453,TN3K,nodule,trainval,1453.jpg,1453.jpg,418,386,1,92874,0.5756129608052161,0.15989586048450968,53.23710960093082,70.65454793365892,74d82c2c2f0d8723a7936dc5e2101a25,
trainval_1454,TN3K,nodule,trainval,1454.jpg,1454.jpg,359,282,1,7049,0.06962800529445465,0.19269163176412807,90.26769887101011,80.04935893636777,32b3f9c8aed2a0c0ce9e585bc0cf1bd2,
trainval_1455,TN3K,nodule,trainval,1455.jpg,1455.jpg,340,375,1,29729,0.23316862745098038,0.010764397480965178,69.46702533585827,51.77627450980392,ef5c7875fda05190dfa5a3065cc9b558,
trainval_1456,TN3K,nodule,trainval,1456.jpg,1456.jpg,341,377,1,34433,0.2678422800780976,0.08075086183063278,57.80091238349545,65.57547235856468,7d13616eb1fbc69ec1a311811c778ebf,
trainval_1457,TN3K,nodule,trainval,1457.jpg,1457.jpg,409,330,1,1707,0.012647254945543454,0.1067129405591471,59.3830240436694,49.388730829073126,814809d1174dde3da92d88e1f5c2d524,
trainval_1458,TN3K,nodule,trainval,1458.jpg,1458.jpg,410,329,1,17684,0.1310994143376084,0.17031723736951532,82.37964190687882,62.564993698569204,3e8cc3c87ef87c6ce69fe8c81d333947,
trainval_1459,TN3K,nodule,trainval,1459.jpg,1459.jpg,302,368,1,1750,0.015746472790095018,0.09678473389355746,75.66611505731233,100.84632342355313,04a6b22a86237063316af3b2d70186b8,
trainval_1460,TN3K,nodule,trainval,1460.jpg,1460.jpg,271,348,1,18623,0.19746999194129872,0.034720011994119455,38.96251817174304,64.39678500233278,5f785189bf07f1c8134787bdb560a758,
trainval_1461,TN3K,nodule,trainval,1461.jpg,1461.jpg,330,321,1,15799,0.14914566222977438,0.1387125365034897,103.565652844494,65.79455300670254,899d1babbecc9be28ee43a08a0f7251f,
trainval_1462,TN3K,nodule,trainval,1462.jpg,1462.jpg,330,323,2,10583,0.09928698752228164,0.09160642630126015,94.50017609297927,61.78918285017356,a27ac197a55a47e6989e12202e3b5d76,
trainval_1463,TN3K,nodule,trainval,1463.jpg,1463.jpg,333,321,1,4840,0.04527892378359668,0.05599430783259525,75.89775685086558,61.0438569410532,14c2891b895ab23f64337002d063b1a1,
trainval_1464,TN3K,nodule,trainval,1464.jpg,1464.jpg,291,314,1,2118,0.02317946024033095,0.08182385954066865,66.9902515005832,53.70329634250443,738614f6df499048b761634a85174180,
trainval_1465,TN3K,nodule,trainval,1465.jpg,1465.jpg,290,310,1,965,0.010734149054505005,0.05533190417282427,70.02592315251624,102.71172413793103,0de67ce628725dbe2488e36832040729,
trainval_1466,TN3K,nodule,trainval,1466.jpg,1466.jpg,290,313,1,1538,0.01694392420403217,0.07936343788290545,93.3259768509419,93.00210421945577,e2bdc1c3140a3dbc9652c31565b70104,
trainval_1467,TN3K,nodule,trainval,1467.jpg,1467.jpg,302,298,1,2110,0.02344548646606516,0.11816659188704798,83.85291588539226,80.14042846348727,97c7e5a8a2a78a48d3bd6fb50dbf4ada,
trainval_1468,TN3K,nodule,trainval,1468.jpg,1468.jpg,388,377,1,2927,0.0200101178593891,0.13290358190403748,76.49986306537473,87.80944926030244,c75552caf1aa09a01f6d6060b41f550b,
trainval_1469,TN3K,nodule,trainval,1469.jpg,1469.jpg,389,372,1,3261,0.02253503607264284,0.0928901412757682,70.7313740412574,93.30023219172402,85475a6435751de31d6c8009a18d2c09,
trainval_1470,TN3K,nodule,trainval,1470.jpg,1470.jpg,338,321,1,6346,0.05848955741119652,0.14051304987072774,69.93777820232633,67.69060259175285,43bde53d9aa059b8494ae53cdd8ac3b1,
trainval_1471,TN3K,nodule,trainval,1471.jpg,1471.jpg,341,287,1,5783,0.05909039819346664,0.1359144648981552,72.4587729219634,69.10958750140497,cc1694d66f197cb95894547e2d3d994b,
trainval_1472,TN3K,nodule,trainval,1472.jpg,1472.jpg,302,360,1,55524,0.5107064017660045,0.044887440338558134,44.588480156008785,92.99986203090508,8ee2aadaf151fee8aad83700ab255e99,
trainval_1473,TN3K,nodule,trainval,1473.jpg,1473.jpg,303,356,1,1087,0.010077131308636482,0.1556506152811418,89.46950227535561,73.38060407164312,6399aac755d22f1f1f170e11e8c3f05f,
trainval_1474,TN3K,nodule,trainval,1474.jpg,1474.jpg,301,316,2,11086,0.11655242020269986,0.0831988666902587,37.25238281407572,62.142489171117376,ce9517697f7202d2740d6d0e3c936533,
trainval_1475,TN3K,nodule,trainval,1475.jpg,1475.jpg,306,316,1,3088,0.0319351369239679,0.038149913160428275,45.39020290531826,60.17149623562505,f87403702768d764e93bcbbc43e97339,
trainval_1476,TN3K,nodule,trainval,1476.jpg,1476.jpg,304,362,1,2643,0.024016792672288456,0.015494073411546854,96.02026500539269,57.10295507414946,6cc575016b8cde49237cc71b23ba0559,
trainval_1477,TN3K,nodule,trainval,1477.jpg,1477.jpg,343,342,1,3248,0.02768826828977205,0.06313387423935089,67.35110331640544,51.75167510613268,870901f9f272a4ab66928c5a6a8742c4,
trainval_1478,TN3K,nodule,trainval,1478.jpg,1478.jpg,508,349,1,3132,0.017665771721228258,0.0632969055213815,43.416663722167094,51.71444848047289,a15fce78b307ae6d7c8bf4d1a3dfa292,
trainval_1479,TN3K,nodule,trainval,1479.jpg,1479.jpg,290,321,1,3141,0.033741540444730905,0.19542635151981716,116.70976586839805,80.54062734987646,8ca324b87967faacd042251c3dc9c68f,
trainval_1480,TN3K,nodule,trainval,1480.jpg,1480.jpg,290,292,1,8037,0.09491025035427492,0.09592911012051411,99.96783957731807,127.02722012281531,31f1cfad67661d0432bf45d4d48b8a4e,
trainval_1481,TN3K,nodule,trainval,1481.jpg,1481.jpg,287,307,1,10267,0.11652612105460282,0.06870240393529388,90.54633502394688,110.27934717225256,5ef651f1e7265bef69bb550b561957a8,
trainval_1482,TN3K,nodule,trainval,1482.jpg,1482.jpg,289,313,1,4569,0.05051018716075041,0.09761970068585285,98.71610026512496,143.05802757111113,95ba17a635ed745182d00801a9fedf70,
trainval_1483,TN3K,nodule,trainval,1483.jpg,1483.jpg,537,374,1,2901,0.014444477638693873,0.05572591532304062,44.62268397379351,40.45014389707127,84ce32bbb585f7b278cff5fe01276537,
trainval_1484,TN3K,nodule,trainval,1484.jpg,1484.jpg,468,334,1,14942,0.09559086954296535,0.13983214347116277,63.270676303512914,76.6658413941348,b562d9763eef5a0c1fb1baa92f75d661,
trainval_1485,TN3K,nodule,trainval,1485.jpg,1485.jpg,471,346,1,14312,0.08782199968091504,0.11359824395941114,69.5872190523963,48.324920535571835,30dc88fee51ca91dae1aa106262cc19e,
trainval_1486,TN3K,nodule,trainval,1486.jpg,1486.jpg,471,332,1,16279,0.10410431535057427,0.12941524425598913,63.303293017411036,46.18231524825416,8e9fcfba55b06042d10c80e7f5550743,
trainval_1487,TN3K,nodule,trainval,1487.jpg,1487.jpg,538,353,1,34623,0.18230883452510083,0.14469571018839575,56.08032079002396,80.22365386438072,e4f711cb370a402605b725b78a6af41a,
trainval_1488,TN3K,nodule,trainval,1488.jpg,1488.jpg,432,349,1,20779,0.13782102302875943,0.12018732993948313,59.18171674443942,37.74500557147405,97f37858c4c21b3b4e0eac5a3e972779,
trainval_1489,TN3K,nodule,trainval,1489.jpg,1489.jpg,490,331,1,795,0.004901658548615821,0.09965028922165158,152.56882004364783,79.54417041741168,d6d9c0de38496182f1ab1a2a997c8d2d,
trainval_1490,TN3K,nodule,trainval,1490.jpg,1490.jpg,341,357,1,15593,0.12808759867583397,0.13973073793865728,59.199103100417766,121.61475968686595,5bc33b109fa5dcf91048bb9465256e2c,
trainval_1491,TN3K,nodule,trainval,1491.jpg,1491.jpg,432,368,1,18165,0.11426253019323672,0.1502047600933534,83.1814913811138,63.77085849436393,fec627ada08072d64e975a9cbbcbde45,
trainval_1492,TN3K,nodule,trainval,1492.jpg,1492.jpg,429,359,1,16837,0.10932336001973884,0.03873458976657283,55.63441798425924,76.30309523345736,ff4155ea52148743fbb7cd103440ed13,
trainval_1493,TN3K,nodule,trainval,1493.jpg,1493.jpg,411,330,1,12064,0.08894787288947872,0.21522362758100586,121.67364218952906,62.00980609009806,47594bc21c6beb8f5e70dae46c3e50cc,
trainval_1494,TN3K,nodule,trainval,1494.jpg,1494.jpg,414,332,1,7423,0.05400587858681101,0.20027476788608872,89.89619006196112,54.55592660497061,50f5fa6eb9fe44434b4656d73837908f,
trainval_1495,TN3K,nodule,trainval,1495.jpg,1495.jpg,339,362,2,2870,0.023386952199351357,0.09086896240461415,54.39727523960486,49.866718818755196,d906f4171d8bd271cd10608ad5864bee,
trainval_1496,TN3K,nodule,trainval,1496.jpg,1496.jpg,408,335,1,2089,0.015283874743927423,0.12863588390335837,70.90621471294116,64.20605062920691,24762f966ab7ee847570bed779e5009f,
trainval_1497,TN3K,nodule,trainval,1497.jpg,1497.jpg,340,366,1,2124,0.017068466730954676,0.058015210215062264,45.943034593424585,87.31785599485696,d524d7a32de55e181cb7ea8ab5f7977e,
trainval_1498,TN3K,nodule,trainval,1498.jpg,1498.jpg,343,365,1,2150,0.01717320979272335,0.026925987449243228,59.682808729932674,78.05429929310276,49e8a2bc2394458727bb2bd4f6408715,
trainval_1499,TN3K,nodule,trainval,1499.jpg,1499.jpg,338,361,1,9677,0.07930797095510499,0.10905657626464832,67.40575529542274,69.83520464193808,e49582a071406659d136a281c3d676ac,
trainval_1500,TN3K,nodule,trainval,1500.jpg,1500.jpg,517,332,1,1746,0.010172216914077976,0.1779886374253581,80.91791856861065,86.55284775465498,bbcdf19bfe49ef3aa4d94a48f62d81a3,
trainval_1501,TN3K,nodule,trainval,1501.jpg,1501.jpg,512,291,1,1837,0.012329521048109965,0.17258541301398372,84.7731060181367,64.15409552190722,afa8fea8f941b1590c6776cefb7e6195,
trainval_1502,TN3K,nodule,trainval,1502.jpg,1502.jpg,411,325,1,3681,0.02755755193711398,0.12365712320727741,69.07455452130647,52.54509451618941,5a11a9f027a749f00a548589fcbdd03b,
trainval_1503,TN3K,nodule,trainval,1503.jpg,1503.jpg,410,329,1,6883,0.05102676254726073,0.17235464079980162,69.21107858752742,53.047297798205946,3145a2aff6a37dc8a56884c4c00f157a,
trainval_1504,TN3K,nodule,trainval,1504.jpg,1504.jpg,373,372,1,9478,0.06830695609559226,0.058201399630574045,50.61313433702797,37.37062901784427,24a109c164e00ffaa20a852e6cf90457,
trainval_1505,TN3K,nodule,trainval,1505.jpg,1505.jpg,436,357,1,2482,0.015945827872433378,0.13067505708425886,53.85216892129909,45.71941253565647,f76ea20741cb26e411d7990b4cf066ea,
trainval_1506,TN3K,nodule,trainval,1506.jpg,1506.jpg,433,342,1,1205,0.008137163540105075,0.12475212652321,60.6019127663388,53.16510676228678,c7d545a3c78c4e3117417486a2d65008,
trainval_1507,TN3K,nodule,trainval,1507.jpg,1507.jpg,454,373,1,4686,0.027671812072610456,0.06163470362121985,55.065281879677286,67.09677457452965,e5f672bbc576e5dca0bef46a5a20a825,
trainval_1508,TN3K,nodule,trainval,1508.jpg,1508.jpg,450,368,1,23285,0.1406099033816425,0.11084999606714117,62.97694552941492,67.21229468599034,2fd711da332d5a966aa7c981c858cbf0,
trainval_1509,TN3K,nodule,trainval,1509.jpg,1509.jpg,451,367,1,4556,0.02752587347523215,0.07969570797807435,55.35192193775712,89.74452775243631,18d3445e73e6ae7a75d39c4837184726,
trainval_1510,TN3K,nodule,trainval,1510.jpg,1510.jpg,531,368,1,6820,0.03490133464341276,0.05546493392326862,51.593517690382356,52.31761238025055,4023c465ea2d6ba3d8bae136686cdccc,
trainval_1511,TN3K,nodule,trainval,1511.jpg,1511.jpg,387,366,1,5130,0.036218070911170415,0.06903365120259049,59.15725399131626,64.29535024921987,f8c6311611b1f69cbbd2790c6c8627bc,
trainval_1512,TN3K,nodule,trainval,1512.jpg,1512.jpg,384,368,1,5295,0.037470278532608696,0.008574752382987732,75.16842915139321,66.21928074048913,4b8742cae3390f61533710c3847be510,
trainval_1513,TN3K,nodule,trainval,1513.jpg,1513.jpg,287,308,1,3366,0.03807864609258337,0.1574331594121138,97.6825520137046,113.44681886058193,e0de129405da76809bf3e122cbbe715b,
trainval_1514,TN3K,nodule,trainval,1514.jpg,1514.jpg,287,302,1,14550,0.167870410965226,0.1668931148157895,90.42646150407724,111.81132750305743,b22ec33fb425c13c4595e92e447595a6,
trainval_1515,TN3K,nodule,trainval,1515.jpg,1515.jpg,406,323,1,1241,0.009463313456053928,0.1182868865770151,79.87381108768416,78.49816986685781,cf7fb1918b61e020c4c0f4bbc994ac2b,
trainval_1516,TN3K,nodule,trainval,1516.jpg,1516.jpg,468,336,1,1533,0.009748931623931624,0.1014098507326738,52.66085914989365,76.46798051485551,f78dca17d3855d477633798472ebc1fe,
trainval_1517,TN3K,nodule,trainval,1517.jpg,1517.jpg,468,325,1,2688,0.01767258382642998,0.11081052215457664,82.33452838382532,68.0533070348455,3cbabb812f73d80229bcca87345d0449,
trainval_1518,TN3K,nodule,trainval,1518.jpg,1518.jpg,426,320,1,8823,0.06472271126760563,0.06839717485551147,95.71865810527825,115.2012617370892,66e005a937a823cf4002ea68770ba019,
trainval_1519,TN3K,nodule,trainval,1519.jpg,1519.jpg,385,328,1,6018,0.04765600253405131,0.1461546591304377,81.20674354426035,102.96035793474817,10ee8b9d19c280fa9f36de2050dbb41b,
trainval_1520,TN3K,nodule,trainval,1520.jpg,1520.jpg,382,325,1,6122,0.04931131695529601,0.18231364968140318,102.81149053326548,77.09543294401934,c3978f809ddf5f3f5df49e8939dd5aa5,
trainval_1521,TN3K,nodule,trainval,1521.jpg,1521.jpg,499,354,1,2805,0.015879216059237117,0.04127557083439434,89.76574812477334,44.28683921515347,b6fafe81c57254f0886358cb520f9d2e,
trainval_1522,TN3K,nodule,trainval,1522.jpg,1522.jpg,373,361,1,1494,0.011095185402478964,0.0832795122931447,138.2759739807392,42.89327382234335,a7285c8358afc63fd8547f333ac88bbc,
trainval_1523,TN3K,nodule,trainval,1523.jpg,1523.jpg,337,372,1,26535,0.21166363549344308,0.06589378661248223,41.398914350686006,76.72361283941163,bfaf3abb0f616d8336de7a32a7985d9e,
trainval_1524,TN3K,nodule,trainval,1524.jpg,1524.jpg,336,367,1,2156,0.01748410535876476,0.029989681823142447,42.606342256245334,78.1002984299987,506b307142a0bc38cc94d912c0d61a19,
trainval_1525,TN3K,nodule,trainval,1525.jpg,1525.jpg,338,367,2,18488,0.1490414846105477,0.06348030093110518,56.80925865108153,84.22315915063767,11bf8ac5dc9ef2eab7a8359b5704eafb,
trainval_1526,TN3K,nodule,trainval,1526.jpg,1526.jpg,340,366,1,6058,0.04868209578913533,0.022416431777793545,76.89141579799458,78.8180568948891,f6425156135a3e55d0da885646c8b9ff,
trainval_1527,TN3K,nodule,trainval,1527.jpg,1527.jpg,340,361,1,42141,0.34333550594753137,0.09581975063951378,46.221761745642034,95.60810656672642,b2f90c1dc5db2839b2f89b2e166b6fcf,
trainval_1528,TN3K,nodule,trainval,1528.jpg,1528.jpg,342,363,1,53306,0.42938153464469253,0.05787350493797734,56.251561760638204,108.4599181608751,81798add0727a26368bb18fa49b20e8a,
trainval_1529,TN3K,nodule,trainval,1529.jpg,1529.jpg,338,368,1,32389,0.260395227682017,0.06674296597568644,40.553100945681116,99.40615352456908,7c0f22889f323d26a94897d691d95b3e,
trainval_1530,TN3K,nodule,trainval,1530.jpg,1530.jpg,326,340,1,16245,0.1465626127751714,0.0840175137765899,96.12771025035978,95.3678906531938,f7e0084ddb3852019fce97c416f932e4,
trainval_1531,TN3K,nodule,trainval,1531.jpg,1531.jpg,442,401,1,5933,0.03347400728946864,0.06512830077410865,79.1225801054221,65.1109048645355,7df6e40723593da54bd5b91ee1055b72,
trainval_1532,TN3K,nodule,trainval,1532.jpg,1532.jpg,446,404,1,4620,0.025640456422323845,0.07182939419601525,79.61396863891679,63.70975780313457,c953080ec6fb321ee88499307c96e803,
trainval_1533,TN3K,nodule,trainval,1533.jpg,1533.jpg,490,333,1,3050,0.018692161549304406,0.0739531646701945,75.4905546198898,54.423533737819454,13edb219af5d68304437a5c674fc4484,
trainval_1534,TN3K,nodule,trainval,1534.jpg,1534.jpg,494,332,2,22733,0.13860909223940296,0.06845429432641985,47.83816723762092,42.73781157016731,6ce0e2ba536792eaa0092c78f0eda2db,
trainval_1535,TN3K,nodule,trainval,1535.jpg,1535.jpg,497,333,1,2723,0.01645307279110096,0.07319508055946951,48.36326825684088,40.7125395012719,6f2b256d62cbfb37416f8fd1434126d2,
trainval_1536,TN3K,nodule,trainval,1536.jpg,1536.jpg,496,330,1,2101,0.012836021505376344,0.07949282350995224,56.737119218574556,59.613715786901274,40fe6dd7fb92d313ab9814c7533bb531,
trainval_1537,TN3K,nodule,trainval,1537.jpg,1537.jpg,470,335,1,9422,0.05984121943474119,0.056971314868053416,63.76865759863261,83.8034995236583,0fef8809ff77bd996e8f984ee7fe490b,
trainval_1538,TN3K,nodule,trainval,1538.jpg,1538.jpg,411,334,1,13702,0.0998149686029401,0.007285157251557088,102.04627242987625,97.29548931334412,46c818f51f24ba44ec0c0016860721c4,
trainval_1539,TN3K,nodule,trainval,1539.jpg,1539.jpg,315,341,1,404,0.0037611134385327934,0.2778565066096328,149.20771032470907,115.29483777870874,0c2d885845cf9bd623b7882ca03a3a1f,
trainval_1540,TN3K,nodule,trainval,1540.jpg,1540.jpg,397,399,1,2962,0.018699140799101028,0.005721125129526609,70.07623767833051,104.13095080269945,8e154ca1054a22e25b5313f941566081,
trainval_1541,TN3K,nodule,trainval,1541.jpg,1541.jpg,341,375,1,10970,0.08578690127077224,0.06083269246366826,53.135349266209914,63.72313587487781,e17d644584597b8953ff83fd6e069b0c,
trainval_1542,TN3K,nodule,trainval,1542.jpg,1542.jpg,338,371,1,7534,0.06008070304151581,0.012986313365794453,59.11030737314073,93.23867206813506,6970dedfbb72ec2ef0de6e5cb4151409,
trainval_1543,TN3K,nodule,trainval,1543.jpg,1543.jpg,338,368,1,4254,0.03420054026241317,0.07737602832938875,45.48265900121931,104.34114516336507,342be13f5f8245d18afc995996877d98,
trainval_1544,TN3K,nodule,trainval,1544.jpg,1544.jpg,339,368,1,6627,0.05312139284340131,0.12735058488432935,50.04148924325998,111.35179395921509,a527ed3785d945ca714a6717ad663165,
trainval_1545,TN3K,nodule,trainval,1545.jpg,1545.jpg,386,366,1,2719,0.019246014892833885,0.0881149785036228,55.65842998923241,85.09952150400635,e804207e153485fd73c0f56dcdd16d7c,
trainval_1546,TN3K,nodule,trainval,1546.jpg,1546.jpg,410,329,1,12025,0.08914671213581436,0.0753688950290126,65.38533245580703,68.82898658165912,92009bca7bba337ceb184f06ba3d2377,
trainval_1547,TN3K,nodule,trainval,1547.jpg,1547.jpg,398,401,1,28230,0.17688191581348137,0.00676879513970234,81.64862668039419,97.31001015050315,940e747ca5dc4f99935d04c60142df3c,
trainval_1548,TN3K,nodule,trainval,1548.jpg,1548.jpg,395,403,1,5096,0.032013066557778684,0.10062363482374642,97.44227911449602,92.81980714263278,f07f89fa776dc0fd6f904beea34b751f,
trainval_1549,TN3K,nodule,trainval,1549.jpg,1549.jpg,404,324,1,3108,0.023744041070773745,0.062262655180611824,39.89774131423874,44.90433626696003,d50c3f5cf6b349b2b84cc17cad439432,
trainval_1550,TN3K,nodule,trainval,1550.jpg,1550.jpg,407,319,1,7846,0.060431477359377046,0.14096226113855373,92.04492029800561,52.87252855591414,e676ccad75d2d14f6b0a50dee96ef76c,
trainval_1551,TN3K,nodule,trainval,1551.jpg,1551.jpg,272,334,2,10000,0.11007396970764353,0.07488789611252436,51.69270404020628,45.354019901373725,12aaba06e6407e5c86f259066395d941,
trainval_1552,TN3K,nodule,trainval,1552.jpg,1552.jpg,342,367,1,8533,0.06798444795002948,0.028579572246951724,70.50558458997322,62.722987077138804,6a3eeba7b3fbdd1bb65488f19d3d97dc,
trainval_1553,TN3K,nodule,trainval,1553.jpg,1553.jpg,338,370,1,2825,0.02258915720454182,0.07848181985797355,58.06655538504942,67.60715656484888,f1ed10bb0e8452340310ed62eb541f61,
trainval_1554,TN3K,nodule,trainval,1554.jpg,1554.jpg,341,371,3,5745,0.0454110709740655,0.05008470630001378,61.03989567133826,80.73165179312471,d9766322a260c175a059ae7867a289af,
trainval_1555,TN3K,nodule,trainval,1555.jpg,1555.jpg,342,355,1,6155,0.050695988798286795,0.07632443303285681,67.51805673979605,52.67606457458199,46c914cba624d14cf4872110d2b067fc,
trainval_1556,TN3K,nodule,trainval,1556.jpg,1556.jpg,418,348,1,4822,0.03314909530880493,0.08297330166463679,66.37521227139571,68.53422152560084,52b7c35aaa126c791af004ec0b855714,
trainval_1557,TN3K,nodule,trainval,1557.jpg,1557.jpg,415,371,1,3832,0.024888773422531096,0.0630253944301776,53.75377457791085,63.88027798525639,af4818553ecac9deb55f34c5a999b5f2,
trainval_1558,TN3K,nodule,trainval,1558.jpg,1558.jpg,414,364,1,6843,0.045409300844083456,0.03442801080113112,45.99012316385164,57.13975818867123,419d222666e384b2be460cd5d6fd7b99,
trainval_1559,TN3K,nodule,trainval,1559.jpg,1559.jpg,517,334,1,8183,0.047388781431334626,0.09705182797985248,73.12938800971044,57.15966712609597,c39f80dab6ecd4f081d5c4eeaf18b70c,
trainval_1560,TN3K,nodule,trainval,1560.jpg,1560.jpg,510,346,1,7955,0.04508103819562507,0.05860528646099558,39.20741301680512,28.17263402470815,003019f02e932bd60447a633c1b1bcb3,
trainval_1561,TN3K,nodule,trainval,1561.jpg,1561.jpg,340,373,1,1503,0.011851442990064659,0.12260431922241705,76.39330381978014,97.71239552121116,795ae077c59efe5231ec571af23cb33d,
trainval_1562,TN3K,nodule,trainval,1562.jpg,1562.jpg,300,359,1,1851,0.017186629526462396,0.07224563286175496,48.036425059481466,98.57915506035283,59b2d511101ad713393f6cea0c94c8bc,
trainval_1563,TN3K,nodule,trainval,1563.jpg,1563.jpg,411,330,1,4058,0.029919634299196342,0.11699616666449454,69.28435539739894,65.33902528939025,03d5b5f6ce017c8945c680483f5262f9,
trainval_1564,TN3K,nodule,trainval,1564.jpg,1564.jpg,411,336,2,18747,0.1357533889468196,0.05783255020012732,65.68801488976284,61.201287510137874,6127991f2026011b5a303685e0758f78,
trainval_1565,TN3K,nodule,trainval,1565.jpg,1565.jpg,410,331,1,3841,0.028302999042075012,0.13659731392514488,66.8382917294064,57.190295483015255,7236692acb4eba3895b0203a9cb63034,
trainval_1566,TN3K,nodule,trainval,1566.jpg,1566.jpg,480,382,1,31719,0.17298756544502616,0.08647252371864339,60.24026654655575,38.266263089005236,7053ab5ab0fffea5033601b79fd05c54,
trainval_1567,TN3K,nodule,trainval,1567.jpg,1567.jpg,410,325,1,577,0.004330206378986867,0.13365983593987593,73.79524417683432,60.57319324577861,d21ef3df9708fabad564650b1531025a,
trainval_1568,TN3K,nodule,trainval,1568.jpg,1568.jpg,330,305,1,20688,0.20554396423248883,0.13949392015807308,56.43586873683363,47.62001987083954,3da1f68aa3c576f92d50dc736563c830,
trainval_1569,TN3K,nodule,trainval,1569.jpg,1569.jpg,331,312,1,11391,0.11030095282361144,0.07259039195224849,47.418403188289055,50.26984080873809,ef6fc8a4b57028b8b8406ad17653ac21,
trainval_1570,TN3K,nodule,trainval,1570.jpg,1570.jpg,395,403,1,7885,0.04953356157929453,0.19196220618995508,109.6824370354218,117.15973866884443,8dc43636d9933b587fe359d74059500f,
trainval_1571,TN3K,nodule,trainval,1571.jpg,1571.jpg,407,327,1,6238,0.046870890907588156,0.12162576401097755,60.829507946462805,52.36479348405954,e4e252c06ef17df071f82bb25378644a,
trainval_1572,TN3K,nodule,trainval,1572.jpg,1572.jpg,408,328,1,11520,0.08608321377331421,0.07187205914332495,61.23049757285426,54.13519996413199,6af266a0b31076f37f745f2fce0be5e9,
trainval_1573,TN3K,nodule,trainval,1573.jpg,1573.jpg,409,326,1,7482,0.056114719426402865,0.11438864252254333,75.17235370532401,49.072704636476814,840290fddc16fd0113033710e65b695e,
trainval_1574,TN3K,nodule,trainval,1574.jpg,1574.jpg,409,326,1,2940,0.022049889750551246,0.08689715561326063,108.07395290480456,51.71477642611787,0a9123c628f9877d4c654cf34234396e,
trainval_1575,TN3K,nodule,trainval,1575.jpg,1575.jpg,339,356,2,4906,0.040651619104438035,0.056240566587336234,66.51741499180812,71.08828013655497,5483dc0d807cc7e46db1eb3e22e3ac79,
trainval_1576,TN3K,nodule,trainval,1576.jpg,1576.jpg,338,363,1,3166,0.02580403279703979,0.0963815481707793,75.53126926040686,59.41037866562342,2a1c0d80a41418faf37e6f8b5f8af205,
trainval_1577,TN3K,nodule,trainval,1577.jpg,1577.jpg,340,349,1,3822,0.03220967470082589,0.07407263844653611,69.54939247055293,58.25661554019889,0349d273b86eeff25a4a9644c0c51ab4,
trainval_1578,TN3K,nodule,trainval,1578.jpg,1578.jpg,341,347,1,6370,0.053833867164721494,0.059337138701634505,80.23662116621303,59.080091610536904,fab0237ec36a964cf1467fcf8f1c4413,
trainval_1579,TN3K,nodule,trainval,1579.jpg,1579.jpg,337,357,1,3410,0.028343681686324382,0.08727725601739383,76.61931179842774,59.522404807620376,0c5857e198f0dc913ef0735277b821e1,
trainval_1580,TN3K,nodule,trainval,1580.jpg,1580.jpg,364,318,1,24069,0.20793593199253577,0.047878111748900776,74.17204214984402,48.6269783675444,046923d318f9e9a9d0863da7b9fab651,
trainval_1581,TN3K,nodule,trainval,1581.jpg,1581.jpg,365,327,1,27826,0.23313644170751122,0.10399254692581611,66.25288622348096,43.51356038708056,16c6b1a57bdb4a51df10b4e2483970ff,
trainval_1582,TN3K,nodule,trainval,1582.jpg,1582.jpg,364,330,1,15786,0.13141858141858143,0.011579167933095921,60.48473606502528,52.0998001998002,eb6c2e0063011fbf32c0fe602430906b,
trainval_1583,TN3K,nodule,trainval,1583.jpg,1583.jpg,362,326,1,10523,0.08916889807816154,0.09859567031660652,80.32814836026846,46.7672609565129,20f846faef930cd5b5ca281917fe8ad0,
trainval_1584,TN3K,nodule,trainval,1584.jpg,1584.jpg,363,316,2,8673,0.07560937336541479,0.04235666619093844,48.444740479990045,47.43679603863723,ef05c8b236395b824fdd92894d78ba72,
trainval_1585,TN3K,nodule,trainval,1585.jpg,1585.jpg,341,352,1,40470,0.33716009064249536,0.14315459366550734,68.2045100014174,77.88244801386297,15ba060ba31c6aa9ac474ff9c3716015,
trainval_1586,TN3K,nodule,trainval,1586.jpg,1586.jpg,338,366,1,7477,0.06044071523264462,0.07184403641188339,56.152483801257006,55.82958256539593,aecba66f876f1848872aba20f5b3958b,
trainval_1587,TN3K,nodule,trainval,1587.jpg,1587.jpg,338,366,1,7348,0.05939793707763443,0.11575343293858159,73.75662151512839,60.14171274291073,39af5781b3a01046bd5c3f20a7109ad3,
trainval_1588,TN3K,nodule,trainval,1588.jpg,1588.jpg,390,395,1,12594,0.0817526777020448,0.09106675824664408,68.93419599613324,114.68860759493671,e1076b38930698f11d1c613f0b76f143,
trainval_1589,TN3K,nodule,trainval,1589.jpg,1589.jpg,445,395,1,12601,0.0716882378040108,0.0721290761914451,67.92690007141766,91.34548143934006,61a7853b145af48c8d891283b1cd2292,
trainval_1590,TN3K,nodule,trainval,1590.jpg,1590.jpg,580,338,1,10761,0.05489185880432565,0.05495567306624041,29.20164903598167,29.136732299530706,ae4c09e6a2c2843cfde4283d18d2c28e,
trainval_1591,TN3K,nodule,trainval,1591.jpg,1591.jpg,585,340,1,826,0.0041528406234288585,0.056402491659221475,65.78719131820685,26.40593262946204,45988ea2dd24a0058d6c767f71616dfe,
trainval_1592,TN3K,nodule,trainval,1592.jpg,1592.jpg,411,328,1,16779,0.1244659070678298,0.11532192727677958,59.53891531346303,68.56458815500564,d72079757df9c0a747023c52eec6f235,
trainval_1593,TN3K,nodule,trainval,1593.jpg,1593.jpg,411,333,1,13197,0.09642489204533,0.0740081655270273,75.42737006225404,63.88622929498842,e47a226306e93c2db2ae039df757a91a,
trainval_1594,TN3K,nodule,trainval,1594.jpg,1594.jpg,411,332,1,14147,0.10367748365725676,0.14453274602391264,77.3742218344443,65.77968809544748,7595a01170a9a7ee31cd6d0daaa6e8a1,
trainval_1595,TN3K,nodule,trainval,1595.jpg,1595.jpg,395,407,1,17165,0.10677075234037259,0.11149368317334477,69.39100965555619,69.3512518272012,53ee171307be516b782937fb1aff0c39,
trainval_1596,TN3K,nodule,trainval,1596.jpg,1596.jpg,394,404,1,1413,0.00887696637684073,0.05712286996310538,66.87358848648046,77.63887772025933,a69fb4607d93d667b72e511a432cc005,
trainval_1597,TN3K,nodule,trainval,1597.jpg,1597.jpg,361,336,1,11871,0.09786802532647408,0.17686737141588846,77.81481984715455,84.59036571692388,ee3c400abe2826c4b4f0a3356f2f0c5d,
trainval_1598,TN3K,nodule,trainval,1598.jpg,1598.jpg,343,375,1,1789,0.013908649173955297,0.08047541151731795,45.39502012888298,51.22803498542274,76e50e372fd96e76b347576d04a1f4e0,
trainval_1599,TN3K,nodule,trainval,1599.jpg,1599.jpg,338,371,1,10592,0.08446705689085951,0.06859759760448379,70.68114363790401,53.938380197451316,42b654e37586c7a354c56f1170097f7d,
trainval_1600,TN3K,nodule,trainval,1600.jpg,1600.jpg,408,329,1,3760,0.028011204481792718,0.08266952894354795,63.72391084853868,75.57904970498838,5aca8b12da2e07f2fbe3ed6cce85bcbc,
trainval_1601,TN3K,nodule,trainval,1601.jpg,1601.jpg,331,353,1,16267,0.13922100596526962,0.06934568630177848,49.20720156832102,41.64044914971372,be02bfcea971bb65d2fc30608d3c4411,
trainval_1602,TN3K,nodule,trainval,1602.jpg,1602.jpg,331,316,1,21811,0.20852613866687061,0.013070945208021184,42.198066537739166,61.79514512983288,fd67996404e99f7f6e9a25d0ad14a09b,
trainval_1603,TN3K,nodule,trainval,1603.jpg,1603.jpg,410,336,1,15097,0.10958914053426248,0.10664224059233779,97.40980672805455,85.32910859465737,e42210993c4050b55f0fa55c1ef672a0,
trainval_1604,TN3K,nodule,trainval,1604.jpg,1604.jpg,302,317,1,6806,0.07109281968788518,0.09061342955571235,64.74818776497276,68.71600476319803,9e78f94a66dacbfba2e92122b7202306,
trainval_1605,TN3K,nodule,trainval,1605.jpg,1605.jpg,470,336,1,4030,0.025519250253292807,0.07127708771980366,74.44658225159907,81.48474544072948,046c77938f7798454cf51b6c0317cebe,
trainval_1606,TN3K,nodule,trainval,1606.jpg,1606.jpg,273,282,1,8092,0.10511002000363702,0.04228870661193071,48.11753059132836,30.89548749123217,6777cea21db6668d201f3a0cde2f661b,
trainval_1607,TN3K,nodule,trainval,1607.jpg,1607.jpg,413,334,1,3183,0.023074915544214234,0.060544627084347546,101.0566870051563,35.97986110104247,829e21fd7068a16cbd9dfaf27fc73951,
trainval_1608,TN3K,nodule,trainval,1608.jpg,1608.jpg,433,354,1,17890,0.11671298652157461,0.1004138606146898,66.22174224541607,38.39561070445323,8371071cab04581625d4eb5d7bb10ce6,
trainval_1609,TN3K,nodule,trainval,1609.jpg,1609.jpg,230,313,1,18217,0.25304903458813727,0.16344308444169292,99.09382968332233,94.50983469926379,2327fbf50f7468713eb841c0fa2583a6,
trainval_1610,TN3K,nodule,trainval,1610.jpg,1610.jpg,231,299,1,19086,0.27633236328888505,0.17702807151890002,138.9974780540812,99.23179718831892,6bd9a4697164df0bbcd6c24b590df4e3,
trainval_1611,TN3K,nodule,trainval,1611.jpg,1611.jpg,229,302,1,10104,0.1461002342462188,0.04593758031807379,98.98976040072371,95.52517423869979,662ede355f886042dc4a15f9f2bc0e13,
trainval_1612,TN3K,nodule,trainval,1612.jpg,1612.jpg,316,339,1,7242,0.06760389828609835,0.07198503722578965,82.06053146032873,99.31254434113737,f06c0529b3e944226ce936f8da20b6da,
trainval_1613,TN3K,nodule,trainval,1613.jpg,1613.jpg,315,344,1,12564,0.11594684385382059,0.0450067227524592,73.00100000039156,95.59920634920636,09fc851ad58e6173468657a30877ffc8,
trainval_1614,TN3K,nodule,trainval,1614.jpg,1614.jpg,314,342,1,4575,0.04260252542183484,0.0408079636226075,47.593810136115366,90.23122695273214,7885962f998b57b38d74ebd335fa69a6,
trainval_1615,TN3K,nodule,trainval,1615.jpg,1615.jpg,376,389,1,6113,0.04179428977738883,0.03459879106616135,49.912805363447035,52.13910463271892,c1b6fc16a095d8542e78d94ca1d574c7,
trainval_1616,TN3K,nodule,trainval,1616.jpg,1616.jpg,390,371,1,6350,0.04388693067938351,0.10174941679088143,48.71948329536681,32.236090953072086,9edf3e32e7f683a058ebf74de2012d17,
trainval_1617,TN3K,nodule,trainval,1617.jpg,1617.jpg,411,333,1,5534,0.04043459517912073,0.19267730823217014,75.7028160511665,77.95144049158648,0352c5bfdfa5214d359e9fd13ef6a04b,
trainval_1618,TN3K,nodule,trainval,1618.jpg,1618.jpg,290,295,1,5160,0.0603156049094097,0.17369756442416848,99.49203991039307,76.34482758620689,aa1fec71dc04faf00d729e87dfc3375b,
trainval_1619,TN3K,nodule,trainval,1619.jpg,1619.jpg,293,312,2,13485,0.1475124704646889,0.1606057632015145,90.36301497835146,77.3268574428984,a2054a9ead024a362b64ed2abfbf7369,
trainval_1620,TN3K,nodule,trainval,1620.jpg,1620.jpg,412,342,1,4552,0.0323056833021064,0.11780066660261387,59.462022688284954,69.88627718162721,4a9c1604068ae04e71b7364987214c47,
trainval_1621,TN3K,nodule,trainval,1621.jpg,1621.jpg,338,367,1,5621,0.04531383519017139,0.012104462849007225,43.49438117284995,38.89802170162682,daeae77320f4182e7dedd274c807e83b,
trainval_1622,TN3K,nodule,trainval,1622.jpg,1622.jpg,290,323,1,12462,0.1330415287712181,0.0835633654876293,96.21744189165102,88.17929966905092,d5522e5e466aaebf30cd2a8a54f0d710,
trainval_1623,TN3K,nodule,trainval,1623.jpg,1623.jpg,372,293,2,19233,0.17645601673455907,0.08427445875464079,46.307664045978086,23.07332379169878,406d9865a58781ebb4520f66c1c65483,
trainval_1624,TN3K,nodule,trainval,1624.jpg,1624.jpg,251,334,2,13933,0.1661974855070735,0.17433023345063484,90.47453872702965,83.66873822076961,7ce2cb612595ce60a08a409d0ef0393d,
trainval_1625,TN3K,nodule,trainval,1625.jpg,1625.jpg,291,326,1,1089,0.011479349819745747,0.19613800180310875,108.08463619090826,162.99122973457298,5df98f8e0164385c313b1ae7f8fa123c,
trainval_1626,TN3K,nodule,trainval,1626.jpg,1626.jpg,329,332,1,30510,0.2793239828615373,0.250712935941027,86.22262054289035,74.7816036181199,7980a6a09e01bdea9b4a3a618e561ea7,
trainval_1627,TN3K,nodule,trainval,1627.jpg,1627.jpg,306,347,1,24362,0.2294362509653237,0.09516089688931602,59.59489911954369,72.17234559529864,b6e8f34f94b2064cfc689d81d5c318e0,
trainval_1628,TN3K,nodule,trainval,1628.jpg,1628.jpg,341,317,1,4032,0.037299832557795315,0.03562821547628422,59.25239588920704,77.67614272366485,53ad94e24e861774926329723f2ca31e,
trainval_1629,TN3K,nodule,trainval,1629.jpg,1629.jpg,344,291,1,4437,0.04432390314073364,0.08039502648594928,66.75644637310624,75.4488032446256,145d0616bff6dd179b18f2e0493bfb18,
trainval_1630,TN3K,nodule,trainval,1630.jpg,1630.jpg,236,358,1,11099,0.13136776820376858,0.07290452912836319,65.83888949645481,99.57083846226683,5f7d12be2d6d4c39b8f81a1b05836aac,
trainval_1631,TN3K,nodule,trainval,1631.jpg,1631.jpg,229,328,1,21186,0.28205879220364255,0.09927588163687955,65.70951457520304,108.55220204494621,b174a22381b6b3020ccaf0a6a1a64cc3,
trainval_1632,TN3K,nodule,trainval,1632.jpg,1632.jpg,408,344,1,55829,0.39777844277245783,0.015124361274837439,77.49323985099085,76.36201122891016,e209c48c7c06f3b7d7b580fc3fe56f3c,
trainval_1633,TN3K,nodule,trainval,1633.jpg,1633.jpg,418,388,2,56342,0.34739555073250133,0.07729712163651596,42.66590615194416,75.0180782321314,2c854aa5bc46f043a9379aa5d17525e7,
trainval_1634,TN3K,nodule,trainval,1634.jpg,1634.jpg,410,326,2,13315,0.0996184348346551,0.22815902817125944,99.5714770515298,68.85077809367051,341ac8574f09d1419c3b3a544b455c9a,
trainval_1635,TN3K,nodule,trainval,1635.jpg,1635.jpg,407,330,2,18330,0.13647531829350013,0.09114102149386537,64.68061753206193,63.28317325590053,84909a7d00bb23d1db96a73850a5cb85,
trainval_1636,TN3K,nodule,trainval,1636.jpg,1636.jpg,438,350,1,5075,0.033105022831050226,0.2166452788011757,157.22234727716648,74.53658186562296,f20f84744b78b4d68a7f9ac53cc1062e,
trainval_1637,TN3K,nodule,trainval,1637.jpg,1637.jpg,434,349,1,29323,0.19359460208891766,0.2618488599569229,104.97969785806652,68.80194895224011,0dc1f54ee602a9823e359366a89bf218,
trainval_1638,TN3K,nodule,trainval,1638.jpg,1638.jpg,516,330,1,61269,0.35981324876673715,0.08934179292383956,99.14004192133228,93.714758045572,d1c2a4e756ac1334cc8078f782e44e3c,
trainval_1639,TN3K,nodule,trainval,1639.jpg,1639.jpg,291,296,1,15638,0.18155010680783876,0.19247014505321947,93.80078736151313,147.54941023497724,72c6b6f4b11d6b5b472337c844621d56,
trainval_1640,TN3K,nodule,trainval,1640.jpg,1640.jpg,413,338,1,1145,0.008202358267547316,0.0534210976967206,64.67656106610131,51.440362766308006,441842c7aab2f09d2e41aacf43750e96,
trainval_1641,TN3K,nodule,trainval,1641.jpg,1641.jpg,413,314,1,731,0.005636865563455221,0.018639545724608568,84.34965580482226,48.637783192732996,35ac95fa5f83dd4132a53ed935c40634,
trainval_1642,TN3K,nodule,trainval,1642.jpg,1642.jpg,414,340,1,3574,0.025390736004546745,0.06358330787165556,51.90888483386153,32.524808184143225,c939f626b20bf71a341c50e42d27825c,
trainval_1643,TN3K,nodule,trainval,1643.jpg,1643.jpg,391,298,1,13081,0.1122659159958118,0.05134486799446594,74.43179568501871,50.52047752278618,96b17f758e6f9dfaab05eabc267428de,
trainval_1644,TN3K,nodule,trainval,1644.jpg,1644.jpg,434,393,1,53268,0.3123087205825448,0.147418947097145,68.90203862043397,38.71702372157925,3478bcf3a14b8c22a0f572b152d0c4b6,
trainval_1645,TN3K,nodule,trainval,1645.jpg,1645.jpg,337,366,1,46235,0.3748520374243972,0.10036549683555107,52.585379144922626,85.21992508634528,69cd7cbd8fdb5f44319b592620155dbf,
trainval_1646,TN3K,nodule,trainval,1646.jpg,1646.jpg,414,380,1,7537,0.047908721078057465,0.02571502140283824,84.1483330374874,76.0161009407577,0d633d61a5c19fd84e7adfb3ea813288,
trainval_1647,TN3K,nodule,trainval,1647.jpg,1647.jpg,413,392,1,50951,0.31471438454316353,0.2437344571263941,91.57625197221132,67.7965978158818,7476ce2409b022af6f4e7c49d16e8fb9,
trainval_1648,TN3K,nodule,trainval,1648.jpg,1648.jpg,413,383,1,24016,0.15182799233779454,0.2232141920159415,108.53785814859542,65.05161241378438,e13f0a962c511c11a3993636b135d672,
trainval_1649,TN3K,nodule,trainval,1649.jpg,1649.jpg,411,364,1,37224,0.24881687655410284,0.18741625229620978,69.31720470596255,31.38385337290447,b5a2971b7d5b1ecd59e07bb8e86b3f52,
trainval_1650,TN3K,nodule,trainval,1650.jpg,1650.jpg,408,321,1,2687,0.020516462036528006,0.08898413443937646,113.07291276656154,50.62713792682182,82de139b228e857506f3b87ce5c4980e,
trainval_1651,TN3K,nodule,trainval,1651.jpg,1651.jpg,413,307,1,36851,0.2906436576728632,0.2590747603258642,73.89625430304572,47.13840099060659,49cb3db71f67a452720d7bffd60c61f4,
trainval_1652,TN3K,nodule,trainval,1652.jpg,1652.jpg,362,334,1,37716,0.3119396565984054,0.09790912347817952,94.41882341312116,47.0132993681146,48ee05b20426b835129b98cde034d55b,
trainval_1653,TN3K,nodule,trainval,1653.jpg,1653.jpg,414,373,1,24604,0.15932962919791221,0.16176674488543455,108.13533068351455,75.25972983124166,42204361b6056ca6fb7845da81857b7f,
trainval_1654,TN3K,nodule,trainval,1654.jpg,1654.jpg,364,304,1,11320,0.10229901677270098,0.14292789052379848,85.05693329406361,61.223042582417584,b8ddb6fd26d6d84a51ebe424464bfd28,
trainval_1655,TN3K,nodule,trainval,1655.jpg,1655.jpg,414,334,2,16229,0.11736671584367497,0.07467349724205825,71.49280627203554,47.625394139257715,71ac213803069ec0de472f2457c31cc6,
trainval_1656,TN3K,nodule,trainval,1656.jpg,1656.jpg,408,333,2,2835,0.0208664546899841,0.10874714125752472,92.65138375731308,72.1381160572337,ee989ed3ade4a9586ae0773b32b2a52d,
trainval_1657,TN3K,nodule,trainval,1657.jpg,1657.jpg,414,346,1,33500,0.23386668900617127,0.01786822702885755,54.9507113584115,54.72960123984251,758fd61ca86c2c91829aea43ba05f0ba,
trainval_1658,TN3K,nodule,trainval,1658.jpg,1658.jpg,433,392,2,38218,0.22516142715746806,0.08237372753058769,52.465747514338716,53.349949333081966,8d699e03fe5e955f4f772c0fb9e19eab,
trainval_1659,TN3K,nodule,trainval,1659.jpg,1659.jpg,341,360,1,10337,0.08420495275333985,0.06192405467009953,60.18091539658136,75.27196155099381,b3ef7cc381bdbe9d9cdd673d220701d3,
trainval_1660,TN3K,nodule,trainval,1660.jpg,1660.jpg,434,339,1,4385,0.029804385356769027,0.04630252574022551,52.78137890199291,81.32788902029553,9294d4bd442f205563ad8894aaf418d4,
trainval_1661,TN3K,nodule,trainval,1661.jpg,1661.jpg,407,329,2,12479,0.09319432723688043,0.028374255342683008,77.82129452572516,66.3403956595446,b3d109d4b7a07b6e475cc55f1b54d9ea,
trainval_1662,TN3K,nodule,trainval,1662.jpg,1662.jpg,414,387,2,41001,0.2559075759277984,0.1785080671403681,79.79981324745923,72.99421413324346,34936c969d1a095ce2a4311c5583dbb6,
trainval_1663,TN3K,nodule,trainval,1663.jpg,1663.jpg,341,310,1,8926,0.08443855831993188,0.08785118707238937,59.20624074569705,65.05068583861508,1611d43b44b748f5fe81563fcbffd09d,
trainval_1664,TN3K,nodule,trainval,1664.jpg,1664.jpg,367,330,1,32911,0.27174469490545783,0.1332932501046651,70.67673177407431,71.205829411279,73022f19da9dc8ac79a9c28407faf56c,
trainval_1665,TN3K,nodule,trainval,1665.jpg,1665.jpg,382,317,2,9972,0.08234924934348523,0.122972794115231,73.21254417835732,29.20916808429815,248ec4d380903facd37f74e460497aa5,
trainval_1666,TN3K,nodule,trainval,1666.jpg,1666.jpg,412,381,1,76814,0.4893484188262875,0.04220343448047951,67.70667288376767,75.12846240093775,9150ce3889d3f1fc64f6b2c68bfb0163,
trainval_1667,TN3K,nodule,trainval,1667.jpg,1667.jpg,513,316,1,11189,0.06902188664347225,0.04985406104492727,72.93372639359193,59.659720680040465,ce353572c04d51086f7d3d85f02d667e,
trainval_1668,TN3K,nodule,trainval,1668.jpg,1668.jpg,410,330,1,46564,0.3441537324464154,0.04081365691741097,60.214683516979605,79.6850480413895,0f0bb245616edb9b5472ad12a9a95c86,
trainval_1669,TN3K,nodule,trainval,1669.jpg,1669.jpg,354,351,2,2953,0.02376583450029778,0.11115290946826996,105.75335523475614,60.468669016691614,4b6e06c00b08b5f87a11edc08f172b08,
trainval_1670,TN3K,nodule,trainval,1670.jpg,1670.jpg,353,312,3,8361,0.07591523207670517,0.08102108731990625,73.56451963429771,64.36970654463572,8e9f49ecf3e51892bb14f5cd3fd2c218,
trainval_1671,TN3K,nodule,trainval,1671.jpg,1671.jpg,417,326,2,3218,0.0236718600579659,0.034322887917017555,58.412743355577305,60.649144488090506,fa12628e4ed457959e2bd56589eea72c,
trainval_1672,TN3K,nodule,trainval,1672.jpg,1672.jpg,289,276,1,9528,0.11945238453437641,0.0066918296928095596,65.5362392514424,145.2330374605085,2248b6769fdb58fbbce2d05fc096028d,
trainval_1673,TN3K,nodule,trainval,1673.jpg,1673.jpg,410,315,1,1954,0.015129694154084399,0.05257045535187217,95.24748223969821,58.95318621757646,8214254fc573254c0d4413598c92ce20,
trainval_1674,TN3K,nodule,trainval,1674.jpg,1674.jpg,289,273,1,8251,0.10457938831641254,0.31406128973897834,198.8418873559116,86.7683181870033,58d51f713a2ce89b6497e66ddbb8e3ff,
trainval_1675,TN3K,nodule,trainval,1675.jpg,1675.jpg,290,288,1,3874,0.046384099616858236,0.07670076482358144,113.13750441995397,121.30905172413793,fab683b9e212aa8860b38f1284eb838a,
trainval_1676,TN3K,nodule,trainval,1676.jpg,1676.jpg,291,300,1,8387,0.09607101947308133,0.06637088595295668,60.79886630128398,123.24912943871706,ff243769a8b09629f0fd090e278e9a71,
trainval_1677,TN3K,nodule,trainval,1677.jpg,1677.jpg,497,376,1,47087,0.25197461363928253,0.18034565239269085,57.091673248560966,42.31577764459095,7ef0f5edc64014fdf5844d82f0ecfe57,
trainval_1678,TN3K,nodule,trainval,1678.jpg,1678.jpg,499,338,1,43859,0.2600407916424565,0.06053090281977958,53.903173249188015,69.04785310265501,568b1e6a39ed5cf4bd5f31c971cae874,
trainval_1679,TN3K,nodule,trainval,1679.jpg,1679.jpg,499,351,2,20180,0.11521618736047594,0.09636467357048713,49.22146257848109,66.40995381075541,7db25c22301138d3854ea4c4a5ae8147,
trainval_1680,TN3K,nodule,trainval,1680.jpg,1680.jpg,339,316,1,31322,0.2923901273290766,0.02246276246819674,61.234819636234704,60.461511892759795,c5ea29955af6b713941979963e8420c1,
trainval_1681,TN3K,nodule,trainval,1681.jpg,1681.jpg,433,332,1,12569,0.08743287236706641,0.2852607141352842,128.4642325394689,53.753867664653995,757db76df11b59d9409f130ace1000f2,
trainval_1682,TN3K,nodule,trainval,1682.jpg,1682.jpg,434,380,1,75067,0.45517220470531167,0.19803905268934194,70.47239691885781,33.57943245209799,e9200efb585d3bfe98c4700a15fc816e,
trainval_1683,TN3K,nodule,trainval,1683.jpg,1683.jpg,481,318,1,5313,0.03473502530106304,0.053398694981363834,68.93500749452168,47.46129656507015,3c403593059d9706591ca0eb6099c9fd,
trainval_1684,TN3K,nodule,trainval,1684.jpg,1684.jpg,414,299,1,15905,0.12848787423456612,0.04279280692028513,46.859102123367535,27.776905304315513,9ab94b75233edd98f1e30d2f1f8bcd82,
trainval_1685,TN3K,nodule,trainval,1685.jpg,1685.jpg,372,386,1,22447,0.1563248648949802,0.15200088118957697,84.17746195297889,42.3745125076606,7a7584a4177ed152b1137649858a35fd,
trainval_1686,TN3K,nodule,trainval,1686.jpg,1686.jpg,270,389,1,65492,0.6235551747119871,0.1282565668664625,49.614523321583796,36.19183090545558,6a28b57ed7ae04256217ba563b6239fb,
trainval_1687,TN3K,nodule,trainval,1687.jpg,1687.jpg,378,350,1,36759,0.2778458049886621,0.027425997294784454,59.33609124916603,138.0879969765684,79267af277bc3f2c7be43050f5acd191,
trainval_1688,TN3K,nodule,trainval,1688.jpg,1688.jpg,376,353,1,10920,0.08227352178892171,0.09865922347346502,58.6553895615452,132.78237448013982,f9f5dda46c808510e2e1eeff27c751fe,
trainval_1689,TN3K,nodule,trainval,1689.jpg,1689.jpg,409,305,1,12884,0.10328269670127059,0.07244698274362142,51.41858282350568,36.244747284460296,1904faed7a3b219dc86d141c3f9c9d75,
trainval_1690,TN3K,nodule,trainval,1690.jpg,1690.jpg,408,284,1,9159,0.07904411764705882,0.01192491831370101,79.20076438695449,40.024363090306544,a05650b64d3eb65380fa7202223ad95e,
trainval_1691,TN3K,nodule,trainval,1691.jpg,1691.jpg,385,371,1,99564,0.6970560436867714,0.13942197796241204,61.298616876676675,24.675065635173453,f7a78b9b69caef7f97885987864131d7,
trainval_1692,TN3K,nodule,trainval,1692.jpg,1692.jpg,387,372,1,38331,0.266254063515879,0.04986597935110563,55.87034971892918,103.32858214553639,8b32dd21490d196cc4e52f31e458d3a4,
trainval_1693,TN3K,nodule,trainval,1693.jpg,1693.jpg,434,365,1,3235,0.020421690549839024,0.07182055571670537,54.819105596320924,61.37327188940092,e0ffaf118d80649ad747cd81d9c4eec2,
trainval_1694,TN3K,nodule,trainval,1694.jpg,1694.jpg,411,346,1,12107,0.08513705469530118,0.10111037299611497,70.47404929348232,33.59171202340267,f273baa267b56240a54494af9820e6e2,
trainval_1695,TN3K,nodule,trainval,1695.jpg,1695.jpg,410,340,1,14237,0.10213055954088952,0.07652767521281534,72.93125235545247,34.63901004304161,c500f6f9d016d507f10c28fb1c4421bc,
trainval_1696,TN3K,nodule,trainval,1696.jpg,1696.jpg,344,348,1,23985,0.20035585404971934,0.06263632940697805,56.57089431633255,64.86830058807806,713e9c3b356cbe26d0860742177559ee,
trainval_1697,TN3K,nodule,trainval,1697.jpg,1697.jpg,493,370,1,40550,0.22230140891398498,0.17808997779136315,64.17484471823397,34.64818814757963,9f117036bda70205da44f4fd71c55b67,
trainval_1698,TN3K,nodule,trainval,1698.jpg,1698.jpg,342,314,1,19257,0.1793217119231199,0.0427523994999628,50.436945948963064,75.45426863336685,68ccf6711ccdff97eb6f2cc074de8af7,
trainval_1699,TN3K,nodule,trainval,1699.jpg,1699.jpg,350,341,1,12804,0.10728110599078342,0.04405943520801008,56.487198836966286,99.08092165898617,6a0b69ac92c2bb456807c2be1a8e9872,
trainval_1700,TN3K,nodule,trainval,1700.jpg,1700.jpg,416,336,1,14511,0.10381610576923077,0.11226934272147245,65.13397654971844,53.35676367902931,d9655d5bbd53b55df0edacbb4e621e43,
trainval_1701,TN3K,nodule,trainval,1701.jpg,1701.jpg,289,302,1,7939,0.0909622126996494,0.2005770493400229,77.29650422360115,115.82464080295149,b8b2d2e31741510a9dce888daa1314dd,
trainval_1702,TN3K,nodule,trainval,1702.jpg,1702.jpg,341,328,1,3599,0.03217759816894357,0.04777137253768918,72.89391566505384,82.37969387025248,5ae0954457914ff8d4ca3addbfbcfbc4,
trainval_1703,TN3K,nodule,trainval,1703.jpg,1703.jpg,343,318,1,7519,0.0689348515686598,0.09970474534211798,51.22084645340436,55.120606193960064,a1ab599ae4d7546b0ffc14d6406be353,
trainval_1704,TN3K,nodule,trainval,1704.jpg,1704.jpg,413,388,1,43709,0.27276528294351116,0.20187567636584527,61.29933294049661,44.02652205386785,53e15093b7beb0c297c000bf0ce119ca,
trainval_1705,TN3K,nodule,trainval,1705.jpg,1705.jpg,495,362,1,7525,0.041994530944807186,0.051408262142066084,71.06170201274378,51.60299681901892,f89fb7e44c131a9180a4bb7c880dff65,
trainval_1706,TN3K,nodule,trainval,1706.jpg,1706.jpg,337,353,1,17462,0.1467876026596952,0.030326491347991532,65.38013942860537,47.33969956540379,c2f628139df5a0765fa85fc021a9437f,
trainval_1707,TN3K,nodule,trainval,1707.jpg,1707.jpg,377,372,1,74412,0.5305895439377085,0.07669360446878605,57.397053398701054,42.93753030432674,c8cf54ee0ba2ee96d535e80aa5acb49e,
trainval_1708,TN3K,nodule,trainval,1708.jpg,1708.jpg,387,320,1,1940,0.015665374677002585,0.06632465712911545,56.48026130832455,105.2639373385013,b5750d64ad2b7ed5d8778566671af3ce,
trainval_1709,TN3K,nodule,trainval,1709.jpg,1709.jpg,1005,640,1,135396,0.2105037313432836,0.07339887472092416,38.08225992554826,31.695570584577116,5058a0526d15e4a06d8b5c25c559cf6e,
trainval_1710,TN3K,nodule,trainval,1710.jpg,1710.jpg,280,308,2,12170,0.1411178107606679,0.04654635472558039,81.73255089209127,76.27956864564007,f537fe9a1bd524b591516edc3ca85b1d,
trainval_1711,TN3K,nodule,trainval,1711.jpg,1711.jpg,342,373,1,80610,0.6319081887023188,0.1587561133902152,67.04448314340495,82.45092736309049,e9e0f5f2f6495c496b8971202f471dbe,
trainval_1712,TN3K,nodule,trainval,1712.jpg,1712.jpg,229,295,1,37643,0.5572200429279847,0.1108886561296247,47.8820720027927,65.91870327880986,b05a555d0acc32708a7a6d282708603e,
trainval_1713,TN3K,nodule,trainval,1713.jpg,1713.jpg,276,323,1,15927,0.1786579620406515,0.138181840043024,91.59088028141171,105.10434333916633,f0ef6c8abd7524ce8905054780516289,
trainval_1714,TN3K,nodule,trainval,1714.jpg,1714.jpg,418,386,1,26919,0.16683813868160746,0.014207438878454869,52.840844773289554,49.22137243721645,824b790d4faddf55ea3b875dbc5e2c98,
trainval_1715,TN3K,nodule,trainval,1715.jpg,1715.jpg,452,331,2,5718,0.03821885944977676,0.04281682730583035,58.9247776673536,39.9336751062749,7ccd9f8b553e38ba7631d1329882e05a,
trainval_1716,TN3K,nodule,trainval,1716.jpg,1716.jpg,471,340,1,8853,0.05528287748220307,0.055766850658070535,91.62539152003072,39.427956787810665,fd666138b5615487c73f1fde2753b209,
trainval_1717,TN3K,nodule,trainval,1717.jpg,1717.jpg,628,444,1,124242,0.4455801342744018,0.0630621507148454,31.96030500472491,54.33469974751822,52eb86c68da809ffb0a7c04e5b8ad25b,
trainval_1718,TN3K,nodule,trainval,1718.jpg,1718.jpg,341,298,1,25631,0.25222893581845734,0.007909703436627682,55.863707592735224,106.94786356747821,141f1d2b1b43852c21ce63bbfbe70816,
trainval_1719,TN3K,nodule,trainval,1719.jpg,1719.jpg,461,372,1,22571,0.1316154689431577,0.044562931611880914,67.7060588999636,62.065198376600655,ba56bf1561b73694e28d1df4f6295d20,
trainval_1720,TN3K,nodule,trainval,1720.jpg,1720.jpg,343,366,1,24787,0.19744619159139065,0.11986664923783101,67.07312639414094,72.44153164778793,280c2f5fbfbe0bb271015d69ce8bc23d,
trainval_1721,TN3K,nodule,trainval,1721.jpg,1721.jpg,275,371,1,43138,0.4228179367802009,0.32919372579708456,94.2050233257654,84.36241117373193,3be7a3a56df43342103efc0c16ee7d56,
trainval_1722,TN3K,nodule,trainval,1722.jpg,1722.jpg,361,332,1,37175,0.3101742148650002,0.12155020613231193,64.46641064449608,54.16060641457798,f7c3636cd2f3bb878ae4e94f691800a8,
trainval_1723,TN3K,nodule,trainval,1723.jpg,1723.jpg,360,322,1,20224,0.17446514837819185,0.36653329670861867,103.88139198117179,86.15259661835749,5c38993bf26343b75d84ddffbaea6cc4,
trainval_1724,TN3K,nodule,trainval,1724.jpg,1724.jpg,409,326,1,8014,0.06010469947650262,0.053472270774135376,70.11976503778081,61.77404862975685,cf2ad227ae50db8867c68da6005455bb,
trainval_1725,TN3K,nodule,trainval,1725.jpg,1725.jpg,502,354,1,362,0.0020370495419452135,0.13380505681062574,73.49241632709061,69.44280505098251,d75f6750ca576bf20b84bda92f8c41ec,
trainval_1726,TN3K,nodule,trainval,1726.jpg,1726.jpg,547,356,1,2167,0.011128114536901998,0.050934955277296294,78.03187529614837,100.4212712856644,ed63963cea36a1b8c78b274b9ba5da64,
trainval_1727,TN3K,nodule,trainval,1727.jpg,1727.jpg,411,328,1,2040,0.0151326330781556,0.03435289751898752,126.76994852460679,83.4188549640971,38fa0efad8d47daf285456e4e130a1b1,
trainval_1728,TN3K,nodule,trainval,1728.jpg,1728.jpg,411,330,2,17286,0.1274496792744968,0.033656706801072876,60.82346132125912,78.63934232839343,b45859fe1de210dac4f8cb913fba2f08,
trainval_1729,TN3K,nodule,trainval,1729.jpg,1729.jpg,408,346,3,11879,0.08414796554459934,0.16368129672600262,75.49968716269981,47.235761645698744,c0347bb79109c94c693d0eea33bc5870,
trainval_1730,TN3K,nodule,trainval,1730.jpg,1730.jpg,331,370,1,36848,0.30087368335102477,0.04251265746556811,53.848223279100104,44.02412019270025,e2ec171729b322ac2cb28fa3413fa9d8,
trainval_1731,TN3K,nodule,trainval,1731.jpg,1731.jpg,366,318,1,5101,0.043827542358318726,0.04539205018539414,76.46205578761105,81.44166924425198,0787f2a881222f7668cbff4faa7c19e5,
trainval_1732,TN3K,nodule,trainval,1732.jpg,1732.jpg,365,329,1,3967,0.033034933588708,0.07477987332422094,76.06218824352037,77.46239746845984,012e80e76ad791b63f04824069ee6c55,
trainval_1733,TN3K,nodule,trainval,1733.jpg,1733.jpg,410,332,1,41239,0.30296062297972376,0.26083213186487797,87.05285955723578,83.39823684983838,edb3f598c1c2b67c62e1db2d9ba30832,
trainval_1734,TN3K,nodule,trainval,1734.jpg,1734.jpg,419,340,1,2045,0.01435490664046048,0.012839065252974785,94.21323973306407,53.43380598062614,d8a807abbfef6deb162acd8e0b3f88b2,
trainval_1735,TN3K,nodule,trainval,1735.jpg,1735.jpg,415,382,2,3793,0.023926070775247586,0.14810675677851592,71.07454095610296,56.26782943291491,08062479937a2c7265dd161bcaf691b7,
trainval_1736,TN3K,nodule,trainval,1736.jpg,1736.jpg,436,290,2,12193,0.09643309079405252,0.11482691162102945,113.49316743032978,28.63927554571338,286f6742a3f346ad808e9cc554743052,
trainval_1737,TN3K,nodule,trainval,1737.jpg,1737.jpg,339,338,2,22813,0.19909758949922327,0.02291518866117716,57.377901095876176,93.34532474559704,429b21d590855f90369391a853731db4,
trainval_1738,TN3K,nodule,trainval,1738.jpg,1738.jpg,440,328,1,7307,0.05063054323725055,0.003233748502566971,120.29597028236272,87.80380404656319,55556f3161d4c093037f4cd0cfc6d5c6,
trainval_1739,TN3K,nodule,trainval,1739.jpg,1739.jpg,412,325,1,2700,0.020164301717699777,0.026690311141291546,123.08257575546753,92.23870799103808,1320494e0ee88ddad38e4b5a329f67c2,
trainval_1740,TN3K,nodule,trainval,1740.jpg,1740.jpg,335,393,1,68812,0.5226690972617827,0.20658938631777787,65.20493008956407,53.51141999924044,1e3336ff7566b0f7bb9a889d0477013d,
trainval_1741,TN3K,nodule,trainval,1741.jpg,1741.jpg,498,377,1,5224,0.027824827160099284,0.15942595770930476,71.04931995715738,61.07366335367997,4eb4d6fb1e5d6bec570d2f19badd8f65,
trainval_1742,TN3K,nodule,trainval,1742.jpg,1742.jpg,413,386,1,50618,0.31751746979638434,0.2588598021014174,65.81991942320708,66.42931789383884,dd9439192f21a399fa4d8c74dbe9d46a,
trainval_1743,TN3K,nodule,trainval,1743.jpg,1743.jpg,432,365,1,26266,0.16657787924911213,0.1634432888296485,104.09264837133139,62.944571283612376,b8238a7ccfff5938bc47ae95e8e6af9f,
trainval_1744,TN3K,nodule,trainval,1744.jpg,1744.jpg,437,372,1,15715,0.09666961934991757,0.1339456035608476,72.99554892012225,59.55701139243621,e3329e2807bdd691fd02bd792006e6d0,
trainval_1745,TN3K,nodule,trainval,1745.jpg,1745.jpg,345,373,1,25768,0.20024089831759723,0.07497021523627828,62.20518214111074,81.1919415627307,bce6edc6b4a2521fe1f921dc4328afd3,
trainval_1746,TN3K,nodule,trainval,1746.jpg,1746.jpg,360,372,1,32829,0.24513888888888888,0.03628280388207093,49.78139622942469,69.06173835125448,ecd3359e020c00be3d4f2fb688c5b346,
trainval_1747,TN3K,nodule,trainval,1747.jpg,1747.jpg,280,337,1,36163,0.3832450190758796,0.22413818340608194,81.43580136660881,66.88994277236117,045880dd114ec98a6968368e796ffbd0,
trainval_1748,TN3K,nodule,trainval,1748.jpg,1748.jpg,418,382,1,11496,0.07199579147774243,0.10844402666064677,60.70785947371324,107.65751897592625,bd0499476108abae0ac2d7dfff41a0cb,
trainval_1749,TN3K,nodule,trainval,1749.jpg,1749.jpg,411,390,3,3745,0.02336390292594672,0.1900424050500923,93.3032462565696,100.99241375007799,ae97bc63c153199972a82a2aeb9b681a,
trainval_1750,TN3K,nodule,trainval,1750.jpg,1750.jpg,401,266,1,21336,0.20002625016406353,0.15322131013900078,64.7130674556557,57.09398496240601,99cf71a6b97813a71ef337e770b44d0e,
trainval_1751,TN3K,nodule,trainval,1751.jpg,1751.jpg,305,327,1,17151,0.17196570912919237,0.018922488588808888,67.56026657431337,81.54501428786284,08d50bc8870aa54e3645aca202e5cd58,
trainval_1752,TN3K,nodule,trainval,1752.jpg,1752.jpg,539,379,1,21879,0.10710247159549836,0.24362800706830662,92.11370821828028,65.37918847078289,6d67fa8f4117683d9c66293a3aa7e2fe,
trainval_1753,TN3K,nodule,trainval,1753.jpg,1753.jpg,343,363,1,41851,0.3361283120095736,0.017495102695763383,70.91867624146253,44.66115702479339,8b70076d8b951c3a735b578eb85dc3e1,
trainval_1754,TN3K,nodule,trainval,1754.jpg,1754.jpg,277,249,1,14904,0.2160845548258014,0.12147003723143439,84.39020823227497,57.89152276977948,50285c2a5a42589fffed59c417860eee,
trainval_1755,TN3K,nodule,trainval,1755.jpg,1755.jpg,277,286,1,10739,0.1355557799601121,0.08276576721480994,100.01982757170009,56.63823180429679,a2468abd1e691760c95d7b94aa840dca,
trainval_1756,TN3K,nodule,trainval,1756.jpg,1756.jpg,346,392,1,93334,0.6881414415477174,0.13966401817065088,48.41550298962191,43.38415713106052,5e94f3123e0c75fcebc45d83599c1ca5,
trainval_1757,TN3K,nodule,trainval,1757.jpg,1757.jpg,411,302,1,7748,0.06242245532621131,0.11558323086543106,58.6387886903391,24.479391244098547,faabad949c2d29477f7a093348909154,
trainval_1758,TN3K,nodule,trainval,1758.jpg,1758.jpg,410,336,1,7774,0.056431475029036005,0.053648824515535716,48.32737993140698,26.773751451800234,39cea3ad514584c05dc1af748c2190d7,
trainval_1759,TN3K,nodule,trainval,1759.jpg,1759.jpg,413,379,1,52489,0.3353351179029816,0.07558915660511177,85.58114431421293,19.180531154369532,1091e97741547b5baa6a0210e54d4885,
trainval_1760,TN3K,nodule,trainval,1760.jpg,1760.jpg,434,368,1,57955,0.362871919455019,0.15288795325249704,56.73780622611203,13.027336706070928,235ffa47ca59aea76f72bdd1598a0a69,
trainval_1761,TN3K,nodule,trainval,1761.jpg,1761.jpg,357,388,1,49984,0.36085361979843483,0.018858307753202116,52.095527960782945,83.51153657339225,c2bbf4dda4e9d38df95317abee36f6ca,
trainval_1762,TN3K,nodule,trainval,1762.jpg,1762.jpg,378,349,1,73276,0.5554494322402632,0.04735262022472078,63.94921551994034,111.33713103197344,7cd139f6080569b4e3c50718303b7995,
trainval_1763,TN3K,nodule,trainval,1763.jpg,1763.jpg,340,305,1,5806,0.05598842815814851,0.07630326318978213,63.929165936205855,109.61700096432016,6ee09c355faf66a4d595d8571c499f4e,
trainval_1764,TN3K,nodule,trainval,1764.jpg,1764.jpg,271,292,1,12889,0.16287974523580853,0.07063887106216861,64.60802013405231,48.084719203356414,113a0294e92cfbebd032cc9e1c6066b2,
trainval_1765,TN3K,nodule,trainval,1765.jpg,1765.jpg,285,308,1,34936,0.3979949874686717,0.16584064246332716,54.32033552509771,39.55903394850763,74812f4536773acceb669e0ffef62787,
trainval_1766,TN3K,nodule,trainval,1766.jpg,1766.jpg,441,371,1,41278,0.2522935499446859,0.2679332296139962,95.53159472152826,62.94024240423932,4c6a172629a56b4ce8800b5420006616,
trainval_1767,TN3K,nodule,trainval,1767.jpg,1767.jpg,433,370,2,8632,0.053879283440484364,0.05469356990522369,65.18447340503255,51.58153049123026,c5921ec394de775527383a99ed218701,
trainval_1768,TN3K,nodule,trainval,1768.jpg,1768.jpg,432,360,1,19313,0.12418338477366254,0.022702994327410658,65.0997913536346,61.98923611111111,7b92b68f5ae329065a4a6ad991491acf,
trainval_1769,TN3K,nodule,trainval,1769.jpg,1769.jpg,429,354,1,10408,0.06853410243240751,0.08314772150340514,69.77284916258594,76.38425980798863,18c09a7e0576059b7b8d82e622f26491,
trainval_1770,TN3K,nodule,trainval,1770.jpg,1770.jpg,435,339,1,25196,0.17086088224324417,0.08930118204273937,56.73443889745197,58.54875394161326,5bee3af7be650a758db168507c2b764e,
trainval_1771,TN3K,nodule,trainval,1771.jpg,1771.jpg,1463,771,1,166366,0.14749111902501214,0.011234877148019237,15.490205613918235,51.053711392028,03ffcd250af805cdf29f60a8dc5c1f12,
trainval_1772,TN3K,nodule,trainval,1772.jpg,1772.jpg,409,356,1,1198,0.008227795939671987,0.242586716780983,114.36401273121187,53.7680146149831,4e13d7a0d99333ebd3862ae0a23555da,
trainval_1773,TN3K,nodule,trainval,1773.jpg,1773.jpg,376,344,1,3522,0.027229713013359722,0.03413541294913368,125.97281087987857,19.766483176645224,0e86eca17ebd686caac2c849713fb978,
trainval_1774,TN3K,nodule,trainval,1774.jpg,1774.jpg,341,373,1,29505,0.23197031283168099,0.017493743208014362,51.18719577259069,65.33905167737218,9a48ad39367dc9cf3f118526b749ba97,
trainval_1775,TN3K,nodule,trainval,1775.jpg,1775.jpg,341,370,1,42423,0.3362368233335975,0.027989140096194347,38.87788106629696,67.08811920424823,9ad498673c92cf62470005bb4d7958ba,
trainval_1776,TN3K,nodule,trainval,1776.jpg,1776.jpg,316,309,1,38116,0.3903568063577895,0.05979175173060092,73.51400093900465,92.54765269755438,aacde977398e8880caf00ceb6d6e8c16,
trainval_1777,TN3K,nodule,trainval,1777.jpg,1777.jpg,342,294,1,3828,0.03807136889843657,0.05451125123645676,40.81740924235929,70.32978279030911,761509f6a39b7d19e68d02762e22ac94,
trainval_1778,TN3K,nodule,trainval,1778.jpg,1778.jpg,415,358,1,68063,0.4581207511610689,0.16426188475809403,78.33019465453768,50.46098808642391,c16c38053aa7cc64f83a223a1a8752f1,
trainval_1779,TN3K,nodule,trainval,1779.jpg,1779.jpg,410,336,1,50877,0.36931620209059235,0.04291915413178166,63.91503023250368,56.2106925087108,cea3dfa662c370bbc42dbe490d6d2c5c,
trainval_1780,TN3K,nodule,trainval,1780.jpg,1780.jpg,413,336,1,8553,0.06163524731926669,0.021864356324713567,68.00365332557395,70.60338838925401,588011876e798912d2097f172c740968,
trainval_1781,TN3K,nodule,trainval,1781.jpg,1781.jpg,416,335,1,10757,0.07718857634902411,0.0810408871327747,66.96208979224694,71.90028702640643,674f65d4c5771c88c22b87fca709bba2,
trainval_1782,TN3K,nodule,trainval,1782.jpg,1782.jpg,337,319,1,2078,0.019329693124843027,0.35351307457000547,237.0460571325068,131.31925620680354,d2cc85af229100db3a6b78419716b923,
trainval_1783,TN3K,nodule,trainval,1783.jpg,1783.jpg,417,341,1,12175,0.08562065303768715,0.09463129944315589,38.541631272480565,21.888436464904323,e882c58bfb9e554596be22db76530237,
trainval_1784,TN3K,nodule,trainval,1784.jpg,1784.jpg,416,396,1,98357,0.5970583236208237,0.09822742712510787,48.830084225888115,23.257703234265733,6ea2a836da71ca18ecfd0ffed171c8f7,
trainval_1785,TN3K,nodule,trainval,1785.jpg,1785.jpg,405,337,1,11090,0.0812543502949042,0.04992858093140433,79.5081392217764,52.632237974869035,3ee5f44e40afc74d470a81613db05ee6,
trainval_1786,TN3K,nodule,trainval,1786.jpg,1786.jpg,410,334,2,54560,0.39842266686139916,0.022877381487317154,77.907728307143,76.63264203300716,d6fa8618073d0d88efd698ea8832d5a9,
trainval_1787,TN3K,nodule,trainval,1787.jpg,1787.jpg,410,328,1,28530,0.21215050565139798,0.05177180463295285,64.71588436347905,68.25223081499108,6cec5e7b21c10d8b79e94cb6e7cbfbf9,
trainval_1788,TN3K,nodule,trainval,1788.jpg,1788.jpg,295,315,1,55496,0.5972128060263654,0.04917471031321047,52.0844239901817,120.36835082055421,eabe375582e1663f98f871b4d01a3bbb,
trainval_1789,TN3K,nodule,trainval,1789.jpg,1789.jpg,410,325,1,31838,0.2389343339587242,0.2030132395812952,98.18480729150049,92.7653583489681,8fa7b430310e93ad47c74a762309bf6e,
trainval_1790,TN3K,nodule,trainval,1790.jpg,1790.jpg,906,594,1,156458,0.2907255037497863,0.29305302180929405,62.97306276587012,53.89901962970396,6fabe834fc41ccf3be4935bd72648abc,
trainval_1791,TN3K,nodule,trainval,1791.jpg,1791.jpg,338,301,1,8148,0.08008806935461676,0.030894062951641137,33.176845990897306,59.86076982051937,9f0512fac60a9a4ee4860b8be38a818d,
trainval_1792,TN3K,nodule,trainval,1792.jpg,1792.jpg,417,318,1,5997,0.04522419800009049,0.02853117214356657,72.67068499018912,25.71530699968327,7d827fd2d0c9285891e562770d6c619e,
trainval_1793,TN3K,nodule,trainval,1793.jpg,1793.jpg,432,320,1,5136,0.03715277777777778,0.03677118713891413,73.50438265896628,31.00281394675926,5e0606d9a9252dcf2e5ecf1359e5d084,
trainval_1794,TN3K,nodule,trainval,1794.jpg,1794.jpg,420,383,2,21726,0.1350615441999254,0.06766872449062475,62.210878922211215,50.57475444485888,ed57236017ee9ddff925474c9589f9be,
trainval_1795,TN3K,nodule,trainval,1795.jpg,1795.jpg,413,386,1,74366,0.46648433677501916,0.006120947257803285,59.370877283105884,64.3462281549135,0cf034f329bbda236c22edb7c01e3900,
trainval_1796,TN3K,nodule,trainval,1796.jpg,1796.jpg,328,334,1,76443,0.6977782240397254,0.01804237005798008,62.9382640778806,80.30024098145174,53fbbeb5f2e28079d1e50a379b91224f,
trainval_1797,TN3K,nodule,trainval,1797.jpg,1797.jpg,328,331,2,5438,0.05008842384496352,0.05943612051600096,89.92791480037123,78.59836231670474,5b261a0b7d668afc0675aab4539b28be,
trainval_1798,TN3K,nodule,trainval,1798.jpg,1798.jpg,330,275,1,19237,0.21197796143250688,0.017800619794543733,81.82766905194012,54.4094435261708,816fad36e886d8d380026f2ec7fbc34b,
trainval_1799,TN3K,nodule,trainval,1799.jpg,1799.jpg,291,264,1,6046,0.078699364781839,0.11362920972962326,88.7611005568589,41.70263199000313,e5ac9a0075f5ea5b464bc1cb76eb3a5c,
trainval_1800,TN3K,nodule,trainval,1800.jpg,1800.jpg,412,336,1,76326,0.5513609570041609,0.23134427760698242,78.73307008889782,67.96396064493759,6b3d141197cd4343f5e8332e4a093eb7,
trainval_1801,TN3K,nodule,trainval,1801.jpg,1801.jpg,414,333,2,11977,0.08687673180426804,0.0038960345034002655,98.80805865777157,97.20196283239761,e3ddf13bd948179c22eb7240193d12b7,
trainval_1802,TN3K,nodule,trainval,1802.jpg,1802.jpg,428,370,3,8185,0.05168603182621874,0.21178001479955297,123.38885418900837,52.68167466531953,5c9ed1c16365e3d4435184b4de75d5a7,
trainval_1803,TN3K,nodule,trainval,1803.jpg,1803.jpg,341,362,1,17539,0.14208292153399976,0.03150776371320149,47.473480352977845,98.14253657588179,c62cfa9caa5e66097265a2886006ef6e,
trainval_1804,TN3K,nodule,trainval,1804.jpg,1804.jpg,231,317,1,33243,0.45397189561227413,0.3974775988425427,182.48436724531769,107.78688188782826,cf9b59f3f057a7cb5a0559f45032ffc4,
trainval_1805,TN3K,nodule,trainval,1805.jpg,1805.jpg,343,364,1,31809,0.25477365200397273,0.01116948800347194,52.103502711259225,73.40387819177907,159900511fb632e71bf18f5081003696,
trainval_1806,TN3K,nodule,trainval,1806.jpg,1806.jpg,292,279,1,17838,0.21895713654441007,0.14286090347767536,96.92212139488457,146.34012127461088,a96dc6a92a7cecd8b37a477c6632f719,
trainval_1807,TN3K,nodule,trainval,1807.jpg,1807.jpg,338,313,2,16656,0.15743803996445924,0.10099832840305803,88.4377280882526,84.15796737055031,034057aa5d5eb18dcb6680253054a361,
trainval_1808,TN3K,nodule,trainval,1808.jpg,1808.jpg,342,335,1,6673,0.05824386837741119,0.2061779650166306,104.77723000066686,89.13143056646592,72b4f4961c1ae9ea20bcde5e972b87ae,
trainval_1809,TN3K,nodule,trainval,1809.jpg,1809.jpg,415,388,2,56618,0.351620916656316,0.24597961261243909,81.57479860054177,81.24108185318595,33f63b2cd577ab8feb7d660e84006ec6,
trainval_1810,TN3K,nodule,trainval,1810.jpg,1810.jpg,246,265,2,20132,0.30882037122258016,0.16242875924219188,90.77369588736475,61.123209081147415,c9069da9f469bdcc20893bfc8bf602c1,
trainval_1811,TN3K,nodule,trainval,1811.jpg,1811.jpg,387,364,1,22366,0.1587727517960076,0.13284917174118746,67.73094760635719,61.30067864951586,72b0d597ebb4c00e2ae8add69ef1b62b,
trainval_1812,TN3K,nodule,trainval,1812.jpg,1812.jpg,437,368,1,28856,0.17943488210128344,0.2610641987887304,103.46229075371814,44.18176052134116,27d1c8bc3ae4f2bba7902ac507e6cffb,
trainval_1813,TN3K,nodule,trainval,1813.jpg,1813.jpg,442,338,1,37854,0.2533802779190875,0.24287119054574863,131.63342718704942,38.996907547725506,2474aa99d2bedef5577c6751cdd853d3,
trainval_1814,TN3K,nodule,trainval,1814.jpg,1814.jpg,340,295,2,3033,0.030239282153539382,0.0028329005506091453,54.765596032823446,37.38994017946162,f1cbfd0fc7a5b7f0b470f3845599d5ac,
trainval_1815,TN3K,nodule,trainval,1815.jpg,1815.jpg,293,321,1,31070,0.33034565617258355,0.03304919077888202,84.22574897900084,147.1661509999681,99354da390a069ae8df94253ba3590e8,
trainval_1816,TN3K,nodule,trainval,1816.jpg,1816.jpg,303,327,1,39470,0.3983609370111323,0.11599860496217776,48.42835157579177,133.94571108486994,964c83539af940e0a970cdd2576e3bd6,
trainval_1817,TN3K,nodule,trainval,1817.jpg,1817.jpg,361,305,1,618,0.0056128241224285905,0.1434712510551527,83.3758654511547,57.686145043367695,2221fcd7ffb543efd42ec1adbe0bd824,
trainval_1818,TN3K,nodule,trainval,1818.jpg,1818.jpg,365,328,1,49993,0.41758269295021716,0.2983818640323387,89.86996091679627,81.59836284664216,1ddb0fb67d9d0744028aa71212c61ea6,
trainval_1819,TN3K,nodule,trainval,1819.jpg,1819.jpg,412,387,1,77035,0.4831476882165525,0.22036763974464088,56.75739587374222,62.37948119716013,2686ecd1cc92ecee0b567a9e452ef820,
trainval_1820,TN3K,nodule,trainval,1820.jpg,1820.jpg,307,367,1,48180,0.42762427997053315,0.2044402391366985,74.33642169600685,43.80511942060372,4b2e4f7e63dba145f3a16861aa36ec35,
trainval_1821,TN3K,nodule,trainval,1821.jpg,1821.jpg,294,258,1,3092,0.04076359225860887,0.11001103157951407,72.92740716996389,46.5265253388177,e64d0f49be3c23aa3bd0a5fca1c4fd1a,
trainval_1822,TN3K,nodule,trainval,1822.jpg,1822.jpg,414,343,1,33708,0.23737693835298093,0.11245392888941727,58.17926288724947,25.796411318150447,b39e806b5eaa526bc56ab71241446e70,
trainval_1823,TN3K,nodule,trainval,1823.jpg,1823.jpg,312,392,1,57484,0.4700091575091575,0.010320059365686769,45.60280059827554,35.37988127943485,90007c74850e866baab016bab94a971d,
trainval_1824,TN3K,nodule,trainval,1824.jpg,1824.jpg,411,385,1,7162,0.04526179416690366,0.018302370021370015,59.2771004181636,63.32604038297469,ce9523a289339c8a9af17f6ecc61a172,
trainval_1825,TN3K,nodule,trainval,1825.jpg,1825.jpg,411,384,1,52027,0.3296520174371452,0.06803397658631725,72.0078869515551,80.70071091849148,3bdafd0bdcc5a87543e6f765b38b5d75,
trainval_1826,TN3K,nodule,trainval,1826.jpg,1826.jpg,411,384,3,17853,0.11311967761557178,0.055435704241028255,59.95895796061491,95.56622566909975,e7845e9078dd33e46fb11427c063af2a,
trainval_1827,TN3K,nodule,trainval,1827.jpg,1827.jpg,289,317,1,28916,0.31563206095204827,0.4470773426819211,156.66197795405745,85.97805988233111,f3a983fae8b17ea21df254f6ec5c3cfe,
trainval_1828,TN3K,nodule,trainval,1828.jpg,1828.jpg,388,369,1,18772,0.13111502249043108,0.08463383322770454,62.69314944803408,107.70947531640265,a18397bf94a2b211805d952731913f26,
trainval_1829,TN3K,nodule,trainval,1829.jpg,1829.jpg,409,307,1,16279,0.1296480651147233,0.14029817042540602,113.19577502988076,75.60437389995461,1cf29c9f19671b7d048b85c103324b03,
trainval_1830,TN3K,nodule,trainval,1830.jpg,1830.jpg,413,300,1,31817,0.2567958030669895,0.1338726990805123,65.62449196266586,39.80624697336562,984a2c70bc1fef7386dce22b3505db6e,
trainval_1831,TN3K,nodule,trainval,1831.jpg,1831.jpg,411,327,1,5039,0.037493396429979835,0.019741721536618406,48.986544403735174,52.14065046094779,f8499449395d576adfd20719ad92d77f,
trainval_1832,TN3K,nodule,trainval,1832.jpg,1832.jpg,336,323,1,5276,0.04861418251511131,0.17698273164601072,112.17338660806702,68.52635264632168,e40bd0afda2fb9d0b9c49d58113330b1,
trainval_1833,TN3K,nodule,trainval,1833.jpg,1833.jpg,411,330,1,46836,0.3453218314532183,0.27024105345790156,72.46201363446123,92.930900243309,ec247fb0d3b9e951eff65fb11856df0b,
trainval_1834,TN3K,nodule,trainval,1834.jpg,1834.jpg,410,328,1,6986,0.05194824509220702,0.029994613969855286,73.6226282027161,99.57045657346818,5d066806032064b3dde7abf9622d2313,
trainval_1835,TN3K,nodule,trainval,1835.jpg,1835.jpg,377,376,1,35816,0.252666629042271,0.2200992175591106,111.23962771941865,62.76221852248998,843ffd48ff7b783b3e81a4bbf737f1a1,
trainval_1836,TN3K,nodule,trainval,1836.jpg,1836.jpg,377,384,1,1425,0.009843335543766579,0.06585234394509681,147.16885425911423,64.86923905835543,8b2599c832f0a6543f1e2ca0f8c8c0c2,
trainval_1837,TN3K,nodule,trainval,1837.jpg,1837.jpg,342,310,1,14585,0.13756838332390114,0.03954128906180862,61.64702070217608,106.11601584606677,18f67e3935998c1181987e7cb065078e,
trainval_1838,TN3K,nodule,trainval,1838.jpg,1838.jpg,335,299,1,15651,0.15625218389657067,0.03934180457185702,78.8691729364182,45.04371786552189,be053629b51ed4bbcdf63adf07e5ce90,
trainval_1839,TN3K,nodule,trainval,1839.jpg,1839.jpg,333,323,1,2348,0.021829879415018735,0.113980070616488,108.10002297193832,77.8394834462946,ff23056ba9a63b84f96478acb872da70,
trainval_1840,TN3K,nodule,trainval,1840.jpg,1840.jpg,411,333,1,33774,0.24677231976502048,0.18441781271473123,72.07822025930012,66.2297406895947,7b681442673af73f0948155f7359f574,
trainval_1841,TN3K,nodule,trainval,1841.jpg,1841.jpg,411,336,1,38423,0.2782339821573398,0.15715368227355297,45.46199640830831,67.02399779863283,45e1fcced3cc4f174b7c4bca2fe117ab,
trainval_1842,TN3K,nodule,trainval,1842.jpg,1842.jpg,369,335,1,42752,0.34584799579339076,0.133489389709242,92.94928485864634,71.52081058124014,c805dd1e09e03f072914dda54fce3d74,
trainval_1843,TN3K,nodule,trainval,1843.jpg,1843.jpg,368,327,1,57093,0.47444654966094935,0.12866310698041408,82.93923288579965,73.70567411248504,07232aebfc842eb1adb743a3f07f726a,
trainval_1844,TN3K,nodule,trainval,1844.jpg,1844.jpg,328,334,1,45668,0.4168613991529137,0.2841033485205064,75.549833007823,71.88119796991383,44e3d56b687565a907fce37e2d2d5b09,
trainval_1845,TN3K,nodule,trainval,1845.jpg,1845.jpg,332,321,1,16770,0.15735840558495665,0.026582548378195826,103.6983638328448,82.3872499343167,92815f9eda08b7bb541e5d11adb9bdae,
trainval_1846,TN3K,nodule,trainval,1846.jpg,1846.jpg,388,336,1,51261,0.39320231958762886,0.4971911812349821,159.45890532541665,86.1195999018164,77758c66a57535ee6a10259ecc79301f,
trainval_1847,TN3K,nodule,trainval,1847.jpg,1847.jpg,298,299,1,37620,0.42221274494399674,0.2271041915243796,79.79012952370338,53.79239523243025,f917e34fedca803268278434106f3093,
trainval_1848,TN3K,nodule,trainval,1848.jpg,1848.jpg,290,300,1,2125,0.02442528735632184,0.08380642060745869,91.61208008526268,163.88155172413792,ecd2e43a570a25600efd7d85ddf82673,
trainval_1849,TN3K,nodule,trainval,1849.jpg,1849.jpg,293,283,1,4349,0.052448775310845526,0.07366416391411172,92.3648966422684,49.70149181731569,853a6b4af619c6d2b71d5bc92956bded,
trainval_1850,TN3K,nodule,trainval,1850.jpg,1850.jpg,291,288,1,784,0.009354715540282551,0.12703731492597042,115.79708043387078,135.91782407407408,d87b95dba24f45550ac4c21b8d8b5fe5,
trainval_1851,TN3K,nodule,trainval,1851.jpg,1851.jpg,491,375,1,37453,0.20341072640868976,0.06328248040233414,63.64150709518999,59.832135777325185,8516d64611be7ba557de235b9fbf16fe,
trainval_1852,TN3K,nodule,trainval,1852.jpg,1852.jpg,350,286,1,26016,0.2599000999000999,0.2898324495850001,107.6713925871663,40.01678321678322,714e5d355f940ee1a435006cd77f40eb,
trainval_1853,TN3K,nodule,trainval,1853.jpg,1853.jpg,433,342,1,531,0.003585754223896925,0.09901798876873652,118.67209842623954,55.88951014950772,cba1e147ea7d8ab7db48f0a57f8b1024,
trainval_1854,TN3K,nodule,trainval,1854.jpg,1854.jpg,416,388,1,45595,0.28248290047581287,0.1849781644503992,75.80833555809055,65.40794756145915,e0f40f93067dab3fc750d57ec4905f0f,
trainval_1855,TN3K,nodule,trainval,1855.jpg,1855.jpg,394,322,1,28008,0.2207648894914399,0.11615424032232059,54.69750777607183,24.955678342844532,031e0cf01d9981b20f7c7f9ad0c84a7b,
trainval_1856,TN3K,nodule,trainval,1856.jpg,1856.jpg,453,327,1,32187,0.2172874010166677,0.2069890079924559,78.42710571799591,38.39642613632528,a07ccc464642fda441f847106a03bd70,
trainval_1857,TN3K,nodule,trainval,1857.jpg,1857.jpg,386,333,1,29424,0.2289128506745087,0.11166690761300546,89.31178779236834,72.5948357684109,22e21bc24900cdfce936d6a3ce5de1a0,
trainval_1858,TN3K,nodule,trainval,1858.jpg,1858.jpg,348,320,4,9653,0.08668283045977011,0.03035154303795711,61.976452036552644,57.68997844827586,f5088569dc1e3579510ed0a889de2194,
trainval_1859,TN3K,nodule,trainval,1859.jpg,1859.jpg,344,342,2,5729,0.04869611043111655,0.05344758113943177,52.706531747225974,55.625747994016045,60915f14dd990c82e7e93d116d22c131,
trainval_1860,TN3K,nodule,trainval,1860.jpg,1860.jpg,363,319,2,6540,0.056478147102256536,0.07903544923254846,70.36817529887081,83.26522276052057,c4e0ef28459fc35df924b0044efadcbe,
trainval_1861,TN3K,nodule,trainval,1861.jpg,1861.jpg,325,330,1,7707,0.07186013986013987,0.022994684660768018,52.14377271613769,76.11298834498834,147286887b6d1d2978136e7522a2b5f6,
trainval_1862,TN3K,nodule,trainval,1862.jpg,1862.jpg,317,323,1,1815,0.017726167338926273,0.14819434747945864,123.20195286655945,83.62233985408874,e7db2e351900aebb2f21823ba70dcced,
trainval_1863,TN3K,nodule,trainval,1863.jpg,1863.jpg,409,326,1,1242,0.009314953425232874,0.10319568811524335,152.08152015585475,60.812118439407804,8562eb20ee2da2c1f80e7fe6a922b4e7,
trainval_1864,TN3K,nodule,trainval,1864.jpg,1864.jpg,339,299,1,2194,0.02164540602401318,0.1343584980988857,60.04391515783288,111.07449610797052,4ca12b32ac6a1aaba50eaabeb0be390c,
trainval_1865,TN3K,nodule,trainval,1865.jpg,1865.jpg,337,343,1,21621,0.18704743448884428,0.09264473824310725,40.99754272925074,109.43016324800374,ee4407dcec2600147f7d33b7935b395c,
trainval_1866,TN3K,nodule,trainval,1866.jpg,1866.jpg,431,334,1,23801,0.16533753838031592,0.2573444324785473,100.57106285579684,65.89025660975034,c17716c8e60f271e22e6c198d29975a3,
trainval_1867,TN3K,nodule,trainval,1867.jpg,1867.jpg,388,369,1,43115,0.30114128460872236,0.018591080357531795,54.06164430720798,108.08625289861146,ac5404d371d04b063e48867607342bcb,
trainval_1868,TN3K,nodule,trainval,1868.jpg,1868.jpg,407,328,1,90822,0.680334991310601,0.08421534906612423,72.43953719945578,34.15844669503206,a6d205c9aaae1e372bdd5256eba8fa7d,
trainval_1869,TN3K,nodule,trainval,1869.jpg,1869.jpg,403,322,1,7369,0.05678683168164234,0.02097471383488011,83.93564940530071,54.08206309819213,1edecb5b7893fb04500556c211694459,
trainval_1870,TN3K,nodule,trainval,1870.jpg,1870.jpg,438,356,1,14772,0.09473603201477605,0.14145232315050438,75.82519973565473,102.32452157405982,136a36660e36fc143ed791535084dbb4,
trainval_1871,TN3K,nodule,trainval,1871.jpg,1871.jpg,427,327,1,16543,0.11847825308496086,0.1389151864608682,108.87261649064926,26.28340817451962,e55dfef871ac3bac0085c38af388c107,
trainval_1872,TN3K,nodule,trainval,1872.jpg,1872.jpg,313,361,1,21031,0.18612657421256185,0.05634922049272369,55.730801006396646,117.3358172630163,682edf56d8cbb2946d0d7a21ffe366df,
trainval_1873,TN3K,nodule,trainval,1873.jpg,1873.jpg,406,330,1,9931,0.07412300343334827,0.014131079348539724,66.81611282832988,56.20061949544708,a188981c7e5c1a339e5bab4acbb0bbd1,
trainval_1874,TN3K,nodule,trainval,1874.jpg,1874.jpg,410,326,1,18142,0.13573245548406404,0.05806938807259275,79.12068262066276,54.94460571599581,dffef1f3f51eaeb01b2bba0e9c2b4e1f,
trainval_1875,TN3K,nodule,trainval,1875.jpg,1875.jpg,413,329,1,22581,0.16618706624373514,0.15268403682072873,95.7813185672011,73.83604289173296,cb0986f407fd1f5623b73f1d01b85412,
trainval_1876,TN3K,nodule,trainval,1876.jpg,1876.jpg,411,330,1,22200,0.163680601636806,0.15785364873600163,85.5522944573348,82.09419744894197,756f1f1acb04119cc5a32c26f27e36e5,
trainval_1877,TN3K,nodule,trainval,1877.jpg,1877.jpg,334,280,1,32646,0.34908041060735673,0.1323206169295519,88.96232962799581,133.28744653550044,4ff9922ec246713855ece82390766445,
trainval_1878,TN3K,nodule,trainval,1878.jpg,1878.jpg,332,320,1,14712,0.1384789156626506,0.09157305645336955,104.23256891468918,126.61538027108433,ba160d05796a27a02aa3fc7b4f66e70c,
trainval_1879,TN3K,nodule,trainval,1879.jpg,1879.jpg,442,359,1,58232,0.36698219034774826,0.05988907051591148,92.36585211956215,78.83738766558692,b84daf28385c2d9583d09805d4590014,
trainval_1880,TN3K,nodule,trainval,1880.jpg,1880.jpg,974,641,1,87914,0.14081244974644982,0.020967353558799574,52.15331368979644,58.60553966306496,70edd6e338f8dd2881cdba4e649f6fd9,
trainval_1881,TN3K,nodule,trainval,1881.jpg,1881.jpg,340,334,1,13098,0.1153399084184572,0.027646253589476515,82.22028463872715,107.26182634730539,3f91c714501b3aaf8cab7fe552f841d3,
trainval_1882,TN3K,nodule,trainval,1882.jpg,1882.jpg,340,336,1,22762,0.19924719887955183,0.1024709739896551,57.59876833378293,99.43344712885154,a3439175f990261240d4b2307c0e80c2,
trainval_1883,TN3K,nodule,trainval,1883.jpg,1883.jpg,418,337,2,23755,0.16863544077350107,0.05374140768295328,83.65379872187667,69.32334275126716,f6d648bd588ddba705a77490bb5f498f,
trainval_1884,TN3K,nodule,trainval,1884.jpg,1884.jpg,415,323,1,12161,0.09072326457532918,0.2846868393560937,126.92761315962407,82.99253235853631,a6ecd5cf7e6b6ce7e8dad67ba1ffce65,
trainval_1885,TN3K,nodule,trainval,1885.jpg,1885.jpg,342,362,1,1678,0.013553681625795613,0.14860662704464622,58.27880198446939,58.66075409518271,ae36f5ff6e0302ca6a83b2f9edead6ea,
trainval_1886,TN3K,nodule,trainval,1886.jpg,1886.jpg,335,283,1,3303,0.03483993460260535,0.0756110213736689,117.72685598200067,123.90073308369811,234ea387605910846d1104b8773cd018,
trainval_1887,TN3K,nodule,trainval,1887.jpg,1887.jpg,244,334,1,35724,0.43835280259153825,0.22379485083154121,97.44788727094002,62.55012515951703,4f2f0c99bb9aece0eaf27ba258f6fa6e,
trainval_1888,TN3K,nodule,trainval,1888.jpg,1888.jpg,363,390,1,59563,0.4207317934590662,0.2041878865061444,100.50199961602561,44.201780038143674,8f5a701f821e5d81e0a0f3ce9f2629e7,
trainval_1889,TN3K,nodule,trainval,1889.jpg,1889.jpg,276,239,1,15696,0.23794797162088413,0.20439114382746065,99.61095708806106,53.69563701412892,317a89194f4e6b0219f37d720396e372,
trainval_1890,TN3K,nodule,trainval,1890.jpg,1890.jpg,332,386,1,6610,0.05157937449278981,0.12406542066025196,57.28586350248622,33.713964666957985,707296b249fd4f4d793a5dae27c8a677,
trainval_1891,TN3K,nodule,trainval,1891.jpg,1891.jpg,955,631,1,137622,0.2283784568664382,0.08582181619782643,45.05768679212999,48.583951344578956,b908749fcebc205467e9f63205318c64,
trainval_1892,TN3K,nodule,trainval,1892.jpg,1892.jpg,958,621,1,67936,0.11419388890569793,0.1463402419195004,70.31318314383564,56.88827703986095,8418be7ae5a1952616ee2d523176889a,
trainval_1893,TN3K,nodule,trainval,1893.jpg,1893.jpg,360,336,1,26347,0.21781580687830687,0.051476063534306546,68.86052122368724,73.60193452380952,5bdfc2629410fad7507ccf597c873a5d,
trainval_1894,TN3K,nodule,trainval,1894.jpg,1894.jpg,338,368,1,19223,0.1545456007203499,0.25968060608282334,84.1199593488811,72.55874549781322,6efece56b9f6a4cecf0fcb4e1b632783,
trainval_1895,TN3K,nodule,trainval,1895.jpg,1895.jpg,342,332,1,24722,0.2177305714084408,0.228685853028947,83.02369235563403,73.27744310575636,fe8090829609d4dbca658146803913e8,
trainval_1896,TN3K,nodule,trainval,1896.jpg,1896.jpg,978,722,1,102115,0.1446150490854194,0.15695321741542378,47.36359909435239,64.92221674625699,0249a4d3c0dc53dbea1a2186190d22ce,
trainval_1897,TN3K,nodule,trainval,1897.jpg,1897.jpg,351,380,1,17183,0.12882741040635778,0.012105816537737,54.58272901226125,94.007812265707,a8bb9f50a0790a53edbd08fbbdbf50c4,
trainval_1898,TN3K,nodule,trainval,1898.jpg,1898.jpg,297,241,1,5248,0.07331964178437207,0.0691686104606241,89.32215021719026,39.693197535521186,491f6972557b05a61b20089788ee610a,
trainval_1899,TN3K,nodule,trainval,1899.jpg,1899.jpg,415,334,1,20921,0.15093427602626072,0.09023664726884777,57.90734669595543,61.687259216506746,cb78c52962b9126516df3eb863e7fe1a,
trainval_1900,TN3K,nodule,trainval,1900.jpg,1900.jpg,414,327,1,55427,0.40942398321736173,0.028277860591909607,59.950407359102485,71.60834108939414,6a167b007a1ff85a7b4c6c608823f854,
trainval_1901,TN3K,nodule,trainval,1901.jpg,1901.jpg,292,232,1,3058,0.04514052905054322,0.2390094169763072,103.03987314932158,174.7620896315541,ca52abd972eb5de9ee367de85251c1cb,
trainval_1902,TN3K,nodule,trainval,1902.jpg,1902.jpg,410,346,1,45861,0.32328351896235724,0.04349507682047866,54.343777295132966,68.21256872973353,50b8d45f37efc66c228fa561e962b2e4,
trainval_1903,TN3K,nodule,trainval,1903.jpg,1903.jpg,412,333,1,1142,0.008323857838420946,0.03741159791412188,171.98016620320436,46.2129216595236,0cf5cbc5a8092a9cddaa6f51e551ddc0,
trainval_1904,TN3K,nodule,trainval,1904.jpg,1904.jpg,410,330,1,25756,0.19036215816703622,0.0537625463754841,46.03460407834386,50.34987435328899,414f992bd1cc8962b9e7008d3525b866,
trainval_1905,TN3K,nodule,trainval,1905.jpg,1905.jpg,340,350,3,39462,0.33161344537815124,0.0021238202230670833,52.1890704315172,67.2353025210084,16e46b2c22f671391bdf1bbe9142e319,
trainval_1906,TN3K,nodule,trainval,1906.jpg,1906.jpg,311,320,1,13029,0.1309184083601286,0.04439104204074452,64.59150973347563,125.01669011254019,60eff21915b8b64004856e810b957ee6,
trainval_1907,TN3K,nodule,trainval,1907.jpg,1907.jpg,313,323,1,2964,0.029317797406502536,0.129534234629133,116.38615805210704,132.048516800364,133e82cbce49f878d151a061084f4b4e,
trainval_1908,TN3K,nodule,trainval,1908.jpg,1908.jpg,413,332,1,40720,0.29697482423641297,0.17001580930896149,80.01423099761003,70.28945564339683,e91c7971521a2d04f5b021e3451dd76b,
trainval_1909,TN3K,nodule,trainval,1909.jpg,1909.jpg,409,328,1,13393,0.09983451607132209,0.003907258549810924,70.576632478831,44.71576271691812,edc7794a98945a9f5480617e4b8eb154,
trainval_1910,TN3K,nodule,trainval,1910.jpg,1910.jpg,410,325,1,15527,0.11652532833020637,0.007514213035850884,65.55579176724784,75.92794746716697,bb34f66d71e3f4a9ff9f2795a9a283af,
trainval_1911,TN3K,nodule,trainval,1911.jpg,1911.jpg,411,334,1,49722,0.36220988679575156,0.1432447233595737,66.05079515279157,76.08948526305055,a61a2b9c28abf98cb5be5f29a67ae5ab,
trainval_1912,TN3K,nodule,trainval,1912.jpg,1912.jpg,412,334,1,29552,0.21475495610720308,0.14706097519949354,47.16472674530406,64.2367013545724,6f704c655e380f2b03723e90b5efc7f2,
trainval_1913,TN3K,nodule,trainval,1913.jpg,1913.jpg,330,301,1,12024,0.12105104198127455,0.12309822162931391,64.50674959856553,58.65031712473573,76417f1b001b601bf5efd154c91d6423,
trainval_1914,TN3K,nodule,trainval,1914.jpg,1914.jpg,409,334,1,31033,0.2271715737229697,0.04463470391667383,75.55136008818445,52.59679662679531,14821ba5153254758108be3531f722bb,
trainval_1915,TN3K,nodule,trainval,1915.jpg,1915.jpg,415,340,1,2584,0.018313253012048194,0.20445319630720266,83.14308265869988,61.23180722891566,5a87b63df343594d1fb0bbfaadce5be6,
trainval_1916,TN3K,nodule,trainval,1916.jpg,1916.jpg,415,389,1,56061,0.34726670176851365,0.0333500684140965,58.4611060591229,79.53582556446867,c5c5babbe79b1afd06ab1885626cda36,
trainval_1917,TN3K,nodule,trainval,1917.jpg,1917.jpg,411,303,1,3398,0.027285940272859403,0.10042129130583817,67.02894601577107,73.79098712790987,17e851317558677a182f9dd200ca0cde,
trainval_1918,TN3K,nodule,trainval,1918.jpg,1918.jpg,415,332,1,30650,0.22245608941791262,0.01602903059718069,51.614511724816886,80.86638844534765,f940c963770a82632e8f7029b2ff8c94,
trainval_1919,TN3K,nodule,trainval,1919.jpg,1919.jpg,412,337,1,25801,0.18582725937022845,0.20481777211863877,87.81927945035024,69.047031200484,790f9dbcf1410303c022c74d0b161cde,
trainval_1920,TN3K,nodule,trainval,1920.jpg,1920.jpg,286,309,1,6928,0.07839409781157354,0.02118608838638463,39.1896210842165,119.78104419851992,caeaccad0d11b9322badde9a216e35ef,
trainval_1921,TN3K,nodule,trainval,1921.jpg,1921.jpg,292,309,1,19558,0.2167619807598528,0.03099516455860736,53.684749263325685,119.96005674513455,b6ba4ffde24db97080b70a7d72a632c7,
trainval_1922,TN3K,nodule,trainval,1922.jpg,1922.jpg,430,396,1,6065,0.03561780596664318,0.12332067030347901,138.63962513205348,92.32657975099835,a2573bfda8057eb2697cd1142259036e,
trainval_1923,TN3K,nodule,trainval,1923.jpg,1923.jpg,429,394,1,5373,0.03178800894536935,0.13568415950325496,123.2314542209906,99.08528865381658,ae3ebee42e8580cfc8dff8540c6f6a57,
trainval_1924,TN3K,nodule,trainval,1924.jpg,1924.jpg,294,319,1,31221,0.3328961678715373,0.2585969430247915,101.83917427656573,129.93537414965985,54d54479dc8156aba1c9c0598fb7bc79,
trainval_1925,TN3K,nodule,trainval,1925.jpg,1925.jpg,412,331,1,52068,0.3818085824069457,0.10305694430018032,79.97668379042841,57.434876660898134,dcd092505a8e347c577a50a50786cefa,
trainval_1926,TN3K,nodule,trainval,1926.jpg,1926.jpg,340,313,1,2636,0.024769780116519452,0.045924367527456246,38.09676322310047,66.5879252020297,ccd426219e52f8f2e83f5bcdbd416e55,
trainval_1927,TN3K,nodule,trainval,1927.jpg,1927.jpg,305,359,1,5599,0.05113475501164437,0.0693715144053767,45.49518047340342,111.24349970318279,6d77a3c0bfe037fbc807031a139ff7cf,
trainval_1928,TN3K,nodule,trainval,1928.jpg,1928.jpg,414,382,1,21894,0.13843994233249868,0.25777640787078887,74.31966337996353,75.57385487012166,0706f18efbe1100dd30fbcf310030074,
trainval_1929,TN3K,nodule,trainval,1929.jpg,1929.jpg,374,311,1,39672,0.34107674054713966,0.11864591512322287,68.85069938568607,115.24204309025569,48d590b2aafe2956502a2931c30ed287,
trainval_1930,TN3K,nodule,trainval,1930.jpg,1930.jpg,449,372,1,24990,0.14961563330699043,0.04618183196326993,51.49267773574095,82.49744952942022,d6dbff47ac738759b97878427b5f46cf,
trainval_1931,TN3K,nodule,trainval,1931.jpg,1931.jpg,354,378,1,17954,0.134173317789137,0.17309577557212036,69.8316379315067,77.33502974322184,9e9cc67397cfc46a3662484ae1bcc3d0,
trainval_1932,TN3K,nodule,trainval,1932.jpg,1932.jpg,351,361,1,8358,0.06596112413286928,0.07879994051024687,59.115484470187326,72.55089139853683,bc00f17390c1a00e585c869475b9e043,
trainval_1933,TN3K,nodule,trainval,1933.jpg,1933.jpg,339,336,1,2511,0.0220448798988622,0.09492710505149889,78.04012328175399,64.5025460036522,0bda19e38eddd1e5b6c71e06069fd78d,
trainval_1934,TN3K,nodule,trainval,1934.jpg,1934.jpg,488,324,2,34180,0.2161758753288808,0.08676067777460514,55.25541982218875,49.124007032989276,ee7c64c8deb508b55df4371b6694569a,
trainval_1935,TN3K,nodule,trainval,1935.jpg,1935.jpg,477,328,1,29378,0.18777164186736206,0.04145625845136883,71.7852093564591,40.03384338088664,1eb216031b6c27c09784e87e525c726b,
trainval_1936,TN3K,nodule,trainval,1936.jpg,1936.jpg,412,344,2,23163,0.1634327726349063,0.017350258047287546,66.02407105727951,45.62638998645292,f105addfb63e114284558a8f42ffd18b,
trainval_1937,TN3K,nodule,trainval,1937.jpg,1937.jpg,409,341,1,20331,0.1457743297793775,0.10150417273653314,56.1311902697114,46.68960127340126,de8d354bfccc29ba92d6e6bec021612a,
trainval_1938,TN3K,nodule,trainval,1938.jpg,1938.jpg,409,330,1,3431,0.025420463806771876,0.04900141037869076,123.69262504493365,94.11425501963399,de359df8087ed9b10e14fc6114e789cf,
trainval_1939,TN3K,nodule,trainval,1939.jpg,1939.jpg,407,328,1,29409,0.22029873554263799,0.030419594913186198,114.4993105443505,88.79854827110924,d3c635d6e9a0ebcebddd8b443613ad93,
trainval_1940,TN3K,nodule,trainval,1940.jpg,1940.jpg,410,326,1,5003,0.037430794553344304,0.03317100391410426,68.43464614861693,75.58672003591201,e5e7beaaa929e7ef187f1ddeac91bf20,
trainval_1941,TN3K,nodule,trainval,1941.jpg,1941.jpg,289,283,1,19023,0.23259197672001664,0.25183533878358066,150.0920421759672,60.15504909093132,921670b209c2abc635c3707a17b4faac,
trainval_1942,TN3K,nodule,trainval,1942.jpg,1942.jpg,273,330,1,23501,0.26086136086136086,0.12780740944664665,59.799247801203364,118.03180153180153,b8c01bc99ae20555a13b1f260784348b,
trainval_1943,TN3K,nodule,trainval,1943.jpg,1943.jpg,1231,651,2,139693,0.17431533814752284,0.0027298708025629073,31.328301480536727,22.201663129023522,da7e4575ea3231e44600cdfc7b5dafad,
trainval_1944,TN3K,nodule,trainval,1944.jpg,1944.jpg,330,281,1,4433,0.047805456702253855,0.05482205021889639,111.19377192901011,48.16741076242855,bf0eb9235aa01f70d7ce4eff9c9ceef4,
trainval_1945,TN3K,nodule,trainval,1945.jpg,1945.jpg,358,339,1,64249,0.5293996473360689,0.06794519494998408,68.24209082477353,71.34195217613421,4e89e9638ea5d80d4bf9fb493659559e,
trainval_1946,TN3K,nodule,trainval,1946.jpg,1946.jpg,275,287,1,8540,0.1082039911308204,0.06967611739498729,81.15243972337746,140.9330503642699,60d3119fdcee463dafb9a4df804ff68f,
trainval_1947,TN3K,nodule,trainval,1947.jpg,1947.jpg,344,359,1,5588,0.045248429098918186,0.07520687742205275,52.85595973614044,76.16959253741013,d53e942a5994f5eb78641aea6668ce39,
trainval_1948,TN3K,nodule,trainval,1948.jpg,1948.jpg,336,312,2,23692,0.22599969474969475,0.2027755208810438,66.21653811571204,76.74396176739927,f815b46a7e2e592243e1af47ba363fde,
trainval_1949,TN3K,nodule,trainval,1949.jpg,1949.jpg,415,331,1,25905,0.18858515633531103,0.024728664635024784,81.67282241912277,84.9262330287919,4ac986a8d89ce633b96ee984349a448d,
trainval_1950,TN3K,nodule,trainval,1950.jpg,1950.jpg,409,334,1,47162,0.3452410582258466,0.07755605836213046,80.94937910922853,94.4493506873783,98a9e514b61d15871b26598f2c8bf8aa,
trainval_1951,TN3K,nodule,trainval,1951.jpg,1951.jpg,413,335,1,46049,0.3328322070037223,0.1562017912178785,81.73494158594362,72.38329659210004,49df815047faa194df3a22cdaf3e0e34,
trainval_1952,TN3K,nodule,trainval,1952.jpg,1952.jpg,405,327,1,54468,0.41128100577641863,0.25645041026842375,101.61243673707634,64.10512326801827,573ac9042f4a27591f2c84dd57778196,
trainval_1953,TN3K,nodule,trainval,1953.jpg,1953.jpg,320,336,2,23548,0.21901041666666668,0.1177689790292287,72.8542270979489,115.06646205357143,783d566d2c60276f00c181ab7ef2d086,
trainval_1954,TN3K,nodule,trainval,1954.jpg,1954.jpg,442,328,2,1875,0.0129331751462311,0.1232878756865875,94.1811341610373,91.85534847147115,88127d45d1358afabb5dce7150f39667,
trainval_1955,TN3K,nodule,trainval,1955.jpg,1955.jpg,437,360,1,7949,0.050527587083651154,0.025256455692893462,71.87563359497459,99.11426392067125,d88336f9e85ae3efb12cdeb4604c94e3,
trainval_1956,TN3K,nodule,trainval,1956.jpg,1956.jpg,295,281,1,21911,0.26432233548464923,0.07377765303752716,62.305935804105744,105.98378671813741,a042de1f182efbe8fa0b4a22aa305f87,
trainval_1957,TN3K,nodule,trainval,1957.jpg,1957.jpg,344,307,1,22390,0.21201045375350352,0.02591922773978949,48.78380510206771,135.6514184531475,4e3019ff492c64e1f0c9f1c9699ac445,
trainval_1958,TN3K,nodule,trainval,1958.jpg,1958.jpg,413,386,1,15184,0.09524645899459283,0.18344484620957102,52.438722044081786,49.29431431833294,2436b7cc1f4907b3ecc802c50aee6ef1,
trainval_1959,TN3K,nodule,trainval,1959.jpg,1959.jpg,409,330,1,7917,0.05865747943987553,0.13055239949013048,88.99944743020293,85.28050677928428,0f97dc472f8142c818c481b40292b0e1,
trainval_1960,TN3K,nodule,trainval,1960.jpg,1960.jpg,366,319,1,1254,0.010740531373657434,0.06866514904852299,109.94133683478738,83.71911883104647,bfd7aa51d0ee396253675e02c91e31f0,
trainval_1961,TN3K,nodule,trainval,1961.jpg,1961.jpg,408,333,1,8964,0.06597774244833068,0.08912097230060072,93.24807905616919,66.86452629099688,16d78b6f01927a1fb3b52d3d785e797d,
trainval_1962,TN3K,nodule,trainval,1962.jpg,1962.jpg,695,642,1,290101,0.6501736928214438,0.12012707907227732,35.50019269507939,19.498285483762523,e82e16b6ed2dc3342614597418ee9ced,
trainval_1963,TN3K,nodule,trainval,1963.jpg,1963.jpg,269,272,1,4315,0.05897386835775202,0.03261706719276075,71.60580503565043,136.33681390771923,c69bfb26c3e27af3a397eadcfcf04fba,
trainval_1964,TN3K,nodule,trainval,1964.jpg,1964.jpg,273,294,1,3321,0.0413769903565822,0.019540206326432972,51.26885938371976,115.81476913109566,253bc3f8a8c0d6ac1f867ca2ba1b4686,
trainval_1965,TN3K,nodule,trainval,1965.jpg,1965.jpg,301,301,1,27576,0.3043675014624563,0.1491831703242166,62.39972121415418,62.07171002527566,0b02e9d76e3b23101930879042bca2eb,
trainval_1966,TN3K,nodule,trainval,1966.jpg,1966.jpg,341,367,1,83770,0.6693728175665418,0.14848119702498971,53.22169375780209,59.19179045442559,bd1963d5e2e0a9a198b73ed80b98f9a8,
trainval_1967,TN3K,nodule,trainval,1967.jpg,1967.jpg,289,305,1,13091,0.14851664870384026,0.20714770245114497,76.85271042349203,128.49519541664304,17a0e74426f1446a255c634e0dc3da31,
trainval_1968,TN3K,nodule,trainval,1968.jpg,1968.jpg,291,298,1,29207,0.3368043543439655,0.19423235661091928,99.65581599546513,130.74588897345419,cd2964c9f2f994aceab039fce7084f77,
trainval_1969,TN3K,nodule,trainval,1969.jpg,1969.jpg,434,338,1,50764,0.34605840809314753,0.046922030182238186,30.403700058784455,16.540008998445725,bceb3adfdf571e903e57c36fdea344b7,
trainval_1970,TN3K,nodule,trainval,1970.jpg,1970.jpg,496,356,1,2587,0.014650915186661834,0.04988156816415761,96.56000411207108,55.55994019572309,d29a4f9bdb5e057fb88ef19e4cb8b02b,
trainval_1971,TN3K,nodule,trainval,1971.jpg,1971.jpg,415,344,1,26205,0.1835598206780611,0.04580643286849303,48.322090892391174,64.88749649761839,2125999d6c31393fa15b6217b11d48ff,
trainval_1972,TN3K,nodule,trainval,1972.jpg,1972.jpg,410,338,1,8938,0.06449704142011835,0.011922239423734082,42.0033866695686,57.497445518833885,6d2965e5c0c851f859427fa77b0965b4,
trainval_1973,TN3K,nodule,trainval,1973.jpg,1973.jpg,436,327,1,9576,0.0671660634626715,0.04952080490054358,120.80968269656843,84.20508234435934,9762a6bd3121023b0a50ad68fde88ca5,
trainval_1974,TN3K,nodule,trainval,1974.jpg,1974.jpg,226,262,1,8899,0.15029048165912315,0.2715895210054379,108.15149714319615,91.35317165439437,f1a4738297c37b6503a7ffad3ebe7a0b,
trainval_1975,TN3K,nodule,trainval,1975.jpg,1975.jpg,343,300,1,37892,0.36824101068999027,0.09862044648775557,46.71159015026588,71.90027210884354,81f8f9922d3fb1ea2cc9bfa8b28a3908,
trainval_1976,TN3K,nodule,trainval,1976.jpg,1976.jpg,411,289,1,1626,0.013689288510595306,0.08384368740348769,141.56960782969347,64.64071090007494,74ab43be42238bd4c493048a9beb7043,
trainval_1977,TN3K,nodule,trainval,1977.jpg,1977.jpg,374,363,1,64082,0.47201720658210694,0.08971211081652156,42.28374556282237,22.70153651242616,230386412d2da3a3b37043640fdd8139,
trainval_1978,TN3K,nodule,trainval,1978.jpg,1978.jpg,410,330,1,810,0.00598669623059867,0.0005664488017429243,130.28070820628128,60.88684405025869,e4233d983a40e63e8d05fa80cdc21d3a,
trainval_1979,TN3K,nodule,trainval,1979.jpg,1979.jpg,289,245,1,8950,0.12640350257750158,0.09564165010302904,80.41193874104697,110.12195466421863,78f0aca502a804b432e9dae7a01dfeb0,
trainval_1980,TN3K,nodule,trainval,1980.jpg,1980.jpg,409,319,1,18822,0.14426194326708616,0.07183169915741494,54.260307131459925,58.45488269423856,708655e7e8e8430b645f736dbb05750e,
trainval_1981,TN3K,nodule,trainval,1981.jpg,1981.jpg,1076,638,1,22654,0.03299984850427101,0.14777604291208607,65.18442863011697,31.747051660043585,709cac362159be94c513efa1ea1dff49,
trainval_1982,TN3K,nodule,trainval,1982.jpg,1982.jpg,409,329,2,37852,0.2812999308863638,0.03423986278387474,65.680977935602,80.90217076270241,5b9054221b9ca3309dd8fb0e43612c5a,
trainval_1983,TN3K,nodule,trainval,1983.jpg,1983.jpg,410,333,1,10035,0.07350032959789057,0.016394115761914192,57.21264213475359,86.65414927122244,6438f7182d185a3ec0232e8f34e58aa7,
trainval_1984,TN3K,nodule,trainval,1984.jpg,1984.jpg,945,630,1,91509,0.15370622323003275,0.1638987958339775,86.4428968651322,116.42278491643572,b09606f1248e88c7b463b8d5f0814438,
trainval_1985,TN3K,nodule,trainval,1985.jpg,1985.jpg,429,334,2,7359,0.05135882081989866,0.028747118350203077,66.26132138177258,117.98461119718604,c18fb424e81de62fd0bc73468a779609,
trainval_1986,TN3K,nodule,trainval,1986.jpg,1986.jpg,291,274,1,23742,0.29776506885393933,0.0042011921901594935,76.45550284100891,154.42416033310758,f5456526e93ffa74168de81980f37abc,
trainval_1987,TN3K,nodule,trainval,1987.jpg,1987.jpg,939,577,1,122703,0.2264716142214052,0.29221399511526175,109.07388780594148,69.62889278944562,dfa908a4d6affe0a4ae556c5407f6184,
trainval_1988,TN3K,nodule,trainval,1988.jpg,1988.jpg,414,336,1,10990,0.07900563607085347,0.12719593252572545,106.59527923867869,79.56769755003451,59525e879c3bf9dc3e6dcc4f8b3c1c0d,
trainval_1989,TN3K,nodule,trainval,1989.jpg,1989.jpg,411,333,1,61703,0.4508376990128815,0.19041786068535474,75.06997533113012,54.514477981631266,4ed9bc7e5c5c7b847e9650dacfbd6f30,
trainval_1990,TN3K,nodule,trainval,1990.jpg,1990.jpg,430,328,1,7045,0.04995036868973341,0.020688786167980394,55.38502846923917,40.45022688598979,388621ed85cff5a5e4bf9a238295410b,
trainval_1991,TN3K,nodule,trainval,1991.jpg,1991.jpg,433,334,1,4203,0.02906196844186915,0.004325771219514363,60.26214141997446,58.8802464355354,56f2beb2e1d8b71d76f3102e5c359aa0,
trainval_1992,TN3K,nodule,trainval,1992.jpg,1992.jpg,430,362,1,22985,0.14766157008865477,0.05103076445367712,65.38887020664878,66.01513555184376,e5d594e10d19eed465657d49cfb53484,
trainval_1993,TN3K,nodule,trainval,1993.jpg,1993.jpg,428,389,1,13395,0.08045431612329722,0.023905238843530706,53.774045893913375,69.32866444033347,d16350ee2c3bc46501fb8dabd30a01c8,
trainval_1994,TN3K,nodule,trainval,1994.jpg,1994.jpg,340,375,1,50241,0.3940470588235294,0.058732508791801655,42.441185830440766,61.647019607843134,b65de891b4cd83347906695467262543,
trainval_1995,TN3K,nodule,trainval,1995.jpg,1995.jpg,342,378,1,68470,0.5296420062501934,0.01558922856126169,45.687368268758156,66.60475262229649,c76383dfe7aa480ac11c73525229fa14,
trainval_1996,TN3K,nodule,trainval,1996.jpg,1996.jpg,340,370,1,49859,0.396335453100159,0.064252523280682,34.18852717474317,60.212710651828296,c6430299a83cc8b55eaa1b1098267481,
trainval_1997,TN3K,nodule,trainval,1997.jpg,1997.jpg,435,373,1,6979,0.043012541986379466,0.11411871012091837,68.14968060701572,63.2492558010539,28e20900a8303a5d7c5bbc99cec3b351,
trainval_1998,TN3K,nodule,trainval,1998.jpg,1998.jpg,464,374,1,6131,0.035329845104185874,0.11730828358016206,70.35322973079273,62.0821789138853,7867a9402157ff965e9bb3d459239e23,
trainval_1999,TN3K,nodule,trainval,1999.jpg,1999.jpg,482,359,1,10663,0.06162230261561044,0.06317807784483677,64.2151919107636,57.58789976768109,cd33ac695456304803c9ca9f9cbfe244,
trainval_2000,TN3K,nodule,trainval,2000.jpg,2000.jpg,484,367,1,5454,0.030704618641205217,0.08956447685192531,64.2050585610075,60.164754430607786,9c61feafa68933506591be036c3e219b,
trainval_2001,TN3K,nodule,trainval,2001.jpg,2001.jpg,414,331,1,2884,0.021045871827429688,0.11817634579825183,80.81006461641257,66.68709955193602,529d1b557284cbd450b5563d38b6406e,
trainval_2002,TN3K,nodule,trainval,2002.jpg,2002.jpg,433,346,1,5759,0.038439973834919705,0.00032310408784170185,59.72151025626132,24.087259207838844,b222f19ab10628dc0261cfc99ecb4e2f,
trainval_2003,TN3K,nodule,trainval,2003.jpg,2003.jpg,433,345,2,4691,0.03140208186899622,0.04818785936388535,67.73021205223237,22.14589148843592,306a4ccc3845aa8b27ab5a75d2dc5ddb,
trainval_2004,TN3K,nodule,trainval,2004.jpg,2004.jpg,417,343,1,1309,0.009151862183722409,0.08131534324959933,106.17454655375747,50.8099922394446,68e606fa5355a914446b9460645eae20,
trainval_2005,TN3K,nodule,trainval,2005.jpg,2005.jpg,417,328,1,1669,0.012202433175410891,0.07308369554907747,71.8217744776921,55.01317482599286,39a57f44f09a7f4864c0275c286f1ebd,
trainval_2006,TN3K,nodule,trainval,2006.jpg,2006.jpg,365,329,1,2931,0.024407711204563434,0.10786372201498856,50.96074022172288,38.78247907732023,997c9479374fcb94a10f5d448a33aa8b,
trainval_2007,TN3K,nodule,trainval,2007.jpg,2007.jpg,411,381,2,8001,0.051094890510948905,0.08646955325031334,70.31342824480356,62.54047806068037,760fdb47173fea222f3379802cdb4f8f,
trainval_2008,TN3K,nodule,trainval,2008.jpg,2008.jpg,410,329,2,5641,0.041819260137890134,0.09378843240224186,49.29428906063177,63.9737489806509,fb430347a7399effe57bd827607584cb,
trainval_2009,TN3K,nodule,trainval,2009.jpg,2009.jpg,408,328,1,9561,0.07144458393113343,0.15752024593818914,93.190913938822,56.46917593256815,7397284d98439b007eb7a52dbcb5dbc7,
trainval_2010,TN3K,nodule,trainval,2010.jpg,2010.jpg,406,336,1,4009,0.029388048322777388,0.08534894897450064,171.13432230536333,59.32501319493315,2d4fbd65c78c87dd132da61e0d0216cf,
trainval_2011,TN3K,nodule,trainval,2011.jpg,2011.jpg,378,392,1,1756,0.011850772054853688,0.08201214050045093,81.30271040272973,55.42037846884786,402d294f00a178788a4a90ab6167161e,
trainval_2012,TN3K,nodule,trainval,2012.jpg,2012.jpg,378,404,1,4669,0.030573890722405572,0.08310918640709866,51.3965143250067,54.4972497249725,3282de6a820ab819363ade2b4c2340e5,
trainval_2013,TN3K,nodule,trainval,2013.jpg,2013.jpg,379,387,1,3864,0.02634431694994989,0.11886694927144519,48.73384991380507,46.468259325165505,d9ce590878aa773826425f6396a2ee4a,
trainval_2014,TN3K,nodule,trainval,2014.jpg,2014.jpg,408,337,1,8577,0.06237999650898935,0.07633664859981827,55.83302657725013,36.087500727293886,6aad2f73f000d0a7949074b4aa735cb9,
trainval_2015,TN3K,nodule,trainval,2015.jpg,2015.jpg,407,328,1,8154,0.06108048181218913,0.06242637917340586,74.14701773827662,39.62315724815725,92082306807e1ba964b624fed8693028,
trainval_2016,TN3K,nodule,trainval,2016.jpg,2016.jpg,410,328,1,2834,0.021073765615704936,0.04110328930239866,36.35544078188331,33.36245538370018,26851f3fa356f0db2808027c33737d75,
trainval_2017,TN3K,nodule,trainval,2017.jpg,2017.jpg,411,337,2,6103,0.044062754951013305,0.06228526075278021,64.19025254140654,36.457197109171375,9b882c7663d6af27445e2ef19e15fdf6,
trainval_2018,TN3K,nodule,trainval,2018.jpg,2018.jpg,1091,762,1,24981,0.030049005102593156,0.09355981907412374,30.896958071771902,28.80864072788335,0bb8254109b270ec83234d5dd2d4366a,
trainval_2019,TN3K,nodule,trainval,2019.jpg,2019.jpg,1094,735,1,18888,0.023489907846136627,0.07136235060247706,25.74330321531931,34.66872862490517,0e7b3cf683d10a1dbeae5ed8ebb3e83c,
trainval_2020,TN3K,nodule,trainval,2020.jpg,2020.jpg,866,675,1,21317,0.03646736806090155,0.11592223562832331,41.01125179527547,28.826550337866735,4fd57dc2aedbf3ae95c6b759cece0ed8,
trainval_2021,TN3K,nodule,trainval,2021.jpg,2021.jpg,870,704,1,20849,0.034040295193312434,0.07478006689948771,31.530919794842063,25.67555512016719,20779f4e15f63c367ef78f5070d1a8fd,
trainval_2022,TN3K,nodule,trainval,2022.jpg,2022.jpg,866,699,1,24580,0.04060568215233243,0.11830743939807506,39.419371841544255,23.99843722639072,0f588129b03a0344bf1c0d0bb22f3faf,
trainval_2023,TN3K,nodule,trainval,2023.jpg,2023.jpg,866,703,1,17149,0.02816862079047566,0.1053348165811362,37.69571093687458,25.291615609775327,0ad7f47fc832cd0292df30f66196f19a,
trainval_2024,TN3K,nodule,trainval,2024.jpg,2024.jpg,868,705,1,20092,0.03283328430891917,0.13906126424399023,36.79762818221546,26.264586397359217,cce07397e2df3e3f93f7be9205fa1b73,
trainval_2025,TN3K,nodule,trainval,2025.jpg,2025.jpg,866,700,1,20036,0.03305179808644012,0.08846787602311514,35.82503811418173,26.731999340151766,633390aa6218c3b822b1e41672180f41,
trainval_2026,TN3K,nodule,trainval,2026.jpg,2026.jpg,411,333,1,8586,0.06273426711382915,0.05246332006018835,62.3303876908175,63.220644001665896,f058c7d4c6a87d8030bce27695435216,
trainval_2027,TN3K,nodule,trainval,2027.jpg,2027.jpg,414,340,1,8902,0.06324239840863882,0.03196212827540477,73.1657321364997,52.523984086388175,6a659ef2382dc98a7a8bc8de52be5bd7,
trainval_2028,TN3K,nodule,trainval,2028.jpg,2028.jpg,412,339,1,12426,0.08896812440931351,0.035681940232551564,71.14921447764497,67.3762637110863,88351fe32fdaaf0905eec575deeecf07,
trainval_2029,TN3K,nodule,trainval,2029.jpg,2029.jpg,1146,766,2,111211,0.12668767286828064,0.11435847712625685,38.32448551242623,32.76674344638406,4088942e735fefd1a1b262bae8919739,
trainval_2030,TN3K,nodule,trainval,2030.jpg,2030.jpg,1149,772,2,140185,0.15803897960380056,0.13054076984929794,35.86178947876973,32.47969398936674,135bdfc6255e7eeb191a6adb7e169c8e,
trainval_2031,TN3K,nodule,trainval,2031.jpg,2031.jpg,1174,722,2,16197,0.01910861840335619,0.12230938152840903,43.93850319746115,32.628795886874904,9b3d7bf5a66ab064e01827d83ddb3323,
trainval_2032,TN3K,nodule,trainval,2032.jpg,2032.jpg,412,327,1,8370,0.06212701523113922,0.028435668241546492,54.11707718446521,42.8971675425314,46e26ac32217f82c25684fbf3b017af5,
trainval_2033,TN3K,nodule,trainval,2033.jpg,2033.jpg,411,319,1,11586,0.08836921950438185,0.03325788937271694,90.0188587472055,63.33981648857058,cc74b1fa6e12415ac720bb9137a11ce0,
trainval_2034,TN3K,nodule,trainval,2034.jpg,2034.jpg,411,336,1,10513,0.0761282006719963,0.007555255332591218,51.81476098447255,61.11195110647665,f623789b6a5b18247ba65931257d5108,
trainval_2035,TN3K,nodule,trainval,2035.jpg,2035.jpg,290,261,1,5341,0.07056414321574844,0.10070985033618511,68.37500087738454,111.65492138987977,ef02d5f57a2c7f3ba9a3348b5533d628,
trainval_2036,TN3K,nodule,trainval,2036.jpg,2036.jpg,292,309,1,5227,0.057931019195815045,0.11087487020813101,87.41513571360994,107.49188721904508,2f205584c56734f09c89a1a01e716edc,
trainval_2037,TN3K,nodule,trainval,2037.jpg,2037.jpg,291,305,1,1942,0.02188045743901752,0.04454818672314742,86.77575738197943,121.34304546222748,52b35e9916ba3cf4033dc305295f042a,
trainval_2038,TN3K,nodule,trainval,2038.jpg,2038.jpg,258,298,1,2620,0.034077311274127255,0.11233536195052968,119.05031499573577,126.00288746683316,e138f967fd926205753aae07010546f1,
trainval_2039,TN3K,nodule,trainval,2039.jpg,2039.jpg,257,288,1,4759,0.06429690877648075,0.21762550605915607,119.12587445016092,122.88132295719845,a07919ba805171d9fbaf92c66d1e82f9,
trainval_2040,TN3K,nodule,trainval,2040.jpg,2040.jpg,431,343,1,1663,0.011249179817767345,0.10374933145293197,42.25198643716503,47.49987485879337,cf144aaf4cf254b029d51f3c64f33cd6,
trainval_2041,TN3K,nodule,trainval,2041.jpg,2041.jpg,433,346,1,3651,0.0243695684096704,0.11745984159309576,51.564551705481485,40.96583855077494,fe6e617773d488174a67c8ec09423125,
trainval_2042,TN3K,nodule,trainval,2042.jpg,2042.jpg,431,351,1,5047,0.03336175725966909,0.07200172477886468,56.082164675280424,37.35547094479809,230b4ca7a9a1ddf5c0ca85e42b2bf102,
trainval_2043,TN3K,nodule,trainval,2043.jpg,2043.jpg,432,339,1,5011,0.03421692341308861,0.09369352236139017,60.39713324245522,38.217094122145745,18817b77104d7980c1a789554d401a37,
trainval_2044,TN3K,nodule,trainval,2044.jpg,2044.jpg,315,384,1,8405,0.06948578042328042,0.019712814240500733,81.35777950302158,43.021701388888886,06633e03348c6f0790fc52e5f4e33b42,
trainval_2045,TN3K,nodule,trainval,2045.jpg,2045.jpg,313,378,1,5211,0.04404381560931082,0.10473350238699002,68.46052471810586,77.99225789002146,7b9ca3a5feed3f5ff2f98241d6aaab4d,
trainval_2046,TN3K,nodule,trainval,2046.jpg,2046.jpg,411,336,2,3054,0.022115050399721933,0.09767388118887986,70.63416708913016,72.00407687405863,75e7942b00dbd393c035e7b10c9bde53,
trainval_2047,TN3K,nodule,trainval,2047.jpg,2047.jpg,411,340,1,1008,0.007213396307428081,0.20801144129149243,124.45050505054874,43.78241019035352,dac1b1ba42a5f04496e7bb21aa284e52,
trainval_2048,TN3K,nodule,trainval,2048.jpg,2048.jpg,330,321,1,1836,0.017332200509770603,0.003995868499905376,85.50237618741242,120.45208156329652,c980ddd0ebb96b29caa891b06940fc1a,
trainval_2049,TN3K,nodule,trainval,2049.jpg,2049.jpg,332,309,1,19225,0.18740008578001327,0.07966950769279005,53.957058975420004,114.18863804733498,ef169409c2c6f38bb35b8a77bc8b653a,
trainval_2050,TN3K,nodule,trainval,2050.jpg,2050.jpg,413,335,1,3119,0.022543457048895956,0.11390779338716253,112.05809111561017,78.67212605254599,ae6108f73545492777cb0264ee12b890,
trainval_2051,TN3K,nodule,trainval,2051.jpg,2051.jpg,411,335,1,3745,0.027199767585430513,0.11089795777661487,68.56290824252018,70.87124959145876,cc7aa4b22b29f700435d430827eec92b,
trainval_2052,TN3K,nodule,trainval,2052.jpg,2052.jpg,411,330,1,5242,0.038649266386492666,0.03346319101017778,134.78538515175413,68.5987097249871,f113f27ead538afbac378347c5319cb5,
trainval_2053,TN3K,nodule,trainval,2053.jpg,2053.jpg,409,332,1,5868,0.043214422482104456,0.007561484102673516,98.51854068716904,75.86882493298377,6aa4c42654d12d6bd37bc830db8f34f6,
trainval_2054,TN3K,nodule,trainval,2054.jpg,2054.jpg,407,333,1,7683,0.05668813776921885,0.08297795854302363,66.78689692414392,73.10533383506356,8e9f0ceda9dd716ff1577b3c9059f473,
trainval_2055,TN3K,nodule,trainval,2055.jpg,2055.jpg,410,333,2,10039,0.07352962718816378,0.04346450354288129,55.07333582314705,72.7142093312825,3c235151009caffb388133445e3f010a,
trainval_2056,TN3K,nodule,trainval,2056.jpg,2056.jpg,407,329,1,3695,0.02759460206268717,0.0954691401661265,108.29593340634328,74.62389192176427,75acf293d385b6dfbee823f24cd39b58,
trainval_2057,TN3K,nodule,trainval,2057.jpg,2057.jpg,411,327,1,4242,0.03156320453581553,0.11170163654046,97.33193206126701,65.78477198151745,d26211dd49847c60052c0364454f82b4,
trainval_2058,TN3K,nodule,trainval,2058.jpg,2058.jpg,411,335,1,4446,0.032291099248284126,0.10970063237796952,113.41834352363927,63.4645240948542,08e0cccdcf46a920302984c073cc406f,
trainval_2059,TN3K,nodule,trainval,2059.jpg,2059.jpg,1094,675,1,98565,0.13347552305504773,0.05664822775532043,35.171069357796654,25.04186336244837,9716a2697463c6b48b452d866fdb53c8,
trainval_2060,TN3K,nodule,trainval,2060.jpg,2060.jpg,1091,660,1,54671,0.07592561730966864,0.07222802891470688,23.900439324390835,28.838837041357664,f1a6c422d9ef315886b9c63d02551e04,
trainval_2061,TN3K,nodule,trainval,2061.jpg,2061.jpg,1092,682,1,39328,0.05280740764611733,0.04330947027927071,15.166800330042458,20.526388933647,268a5a5f7a53c97d706b7243c1dc1706,
trainval_2062,TN3K,nodule,trainval,2062.jpg,2062.jpg,1094,658,1,52642,0.07312892094486088,0.0454305456083121,28.96508778121013,33.15844923678756,8d2f1cd030ef15a1e5182b9839792827,
trainval_2063,TN3K,nodule,trainval,2063.jpg,2063.jpg,340,348,1,6407,0.054149763353617306,0.14378560443158908,66.97297030339155,66.52401115618662,be7eac25002feaf67bff9db0b81f84d3,
trainval_2064,TN3K,nodule,trainval,2064.jpg,2064.jpg,339,345,1,6698,0.05726989012868197,0.10765983010300033,76.49157950654003,66.36194262750631,8e95310a023cb96965c05c676cdd4241,
trainval_2065,TN3K,nodule,trainval,2065.jpg,2065.jpg,291,325,1,14951,0.15808617499339148,0.09672761294640585,96.16383255990743,155.5122072429289,347ff60c7bbed3aa57d3188c4427755c,
trainval_2066,TN3K,nodule,trainval,2066.jpg,2066.jpg,289,322,1,7065,0.07592039373294075,0.08961458591372251,92.1119855235027,155.95833781082766,8bfdd783ae09dd48e4aa350b3e4bc538,
trainval_2067,TN3K,nodule,trainval,2067.jpg,2067.jpg,419,348,1,9411,0.06454201300304502,0.028573396789023858,45.49724182101441,43.92475242092558,e9b702c1c62df4c6c866267a8d7c248c,
trainval_2068,TN3K,nodule,trainval,2068.jpg,2068.jpg,419,349,1,9995,0.06835076009874787,0.024725524041513843,63.81577391973812,43.27059241884416,f4d6a0fdec44c06bba539fc5117c4397,
trainval_2069,TN3K,nodule,trainval,2069.jpg,2069.jpg,431,332,1,6185,0.043223939842898275,0.08141450609680517,60.52176649755411,73.06245632180695,00cf625a593ad302bdb5b6084fc1f6bd,
trainval_2070,TN3K,nodule,trainval,2070.jpg,2070.jpg,432,355,1,4053,0.026428012519561814,0.09217152078781042,49.433860183557876,71.02407407407408,acda95333f8cf13324bef0cec4ad6cd0,
trainval_2071,TN3K,nodule,trainval,2071.jpg,2071.jpg,431,351,1,3412,0.022554055036653645,0.10528335636668675,96.50181711220021,72.34583986092106,ee8454e2032ac56269d8f45b499963ea,
trainval_2072,TN3K,nodule,trainval,2072.jpg,2072.jpg,417,341,1,4158,0.0292411232304479,0.09647321708379043,51.27235572106512,37.3542901748982,7ad50956b496a6e3986b91839a4fb70a,
trainval_2073,TN3K,nodule,trainval,2073.jpg,2073.jpg,417,344,1,3359,0.02341615080029,0.07964136920625178,50.910730335379206,36.505298087111704,a9b01e46e1e060e70778e41a691b9b03,
trainval_2074,TN3K,nodule,trainval,2074.jpg,2074.jpg,415,347,1,9635,0.06690739904864415,0.03907845972188238,63.95609079134452,30.14639075032117,3d6af802e788241c8ea23944e108bf32,
trainval_2075,TN3K,nodule,trainval,2075.jpg,2075.jpg,341,364,1,6528,0.05259256872160098,0.06576566925075764,39.28247632178791,100.64831942251297,d723e2d001f59312665e99d5cdb91ea7,
trainval_2076,TN3K,nodule,trainval,2076.jpg,2076.jpg,340,370,1,4831,0.038402225755166934,0.10468378017965853,63.47795756355497,99.3285453100159,d39c7e2c4366b4531721f3d7be0f43d8,
trainval_2077,TN3K,nodule,trainval,2077.jpg,2077.jpg,340,369,1,10332,0.08235294117647059,0.08220989124553661,59.64808727611758,104.5434481109517,64a39f78ec3c019ebcf7224225aabfc9,
trainval_2078,TN3K,nodule,trainval,2078.jpg,2078.jpg,1098,738,1,22005,0.027155804344928695,0.0350548160907858,15.714939606297069,25.142962568059197,40f43178d287824880d7eb6d7842b8ba,
trainval_2079,TN3K,nodule,trainval,2079.jpg,2079.jpg,1094,713,1,12165,0.015595713967041956,0.11267254116935284,33.694875413222945,22.580287479071103,f7de3ff9254222ff426c1b82266e3622,
trainval_2080,TN3K,nodule,trainval,2080.jpg,2080.jpg,1096,715,1,23725,0.030275381552753815,0.08643969432905857,53.59111382876,30.966226838854578,e9f80d349f6913ae258474f4da9a587d,
trainval_2081,TN3K,nodule,trainval,2081.jpg,2081.jpg,443,367,1,4310,0.026509862776093147,0.11697905257367036,100.08393374497842,83.29729181146628,0b12f28b9a039cec940d12bbe8b4701b,
trainval_2082,TN3K,nodule,trainval,2082.jpg,2082.jpg,549,367,1,4631,0.022984569417767255,0.13051276519629182,100.58834466043409,79.98683263600402,f114186f4897eb839b495b01f32b3f38,
trainval_2083,TN3K,nodule,trainval,2083.jpg,2083.jpg,411,338,1,19746,0.14214140716105905,0.05128747492995628,63.607137726444456,56.631739587382484,69efeba3a030b534a20a8741d35f71bd,
trainval_2084,TN3K,nodule,trainval,2084.jpg,2084.jpg,412,330,1,35764,0.263047955280965,0.04622620705400978,69.55906440518281,54.823153868784935,7baa451ff5e05972a276e1ba73f3ef41,
trainval_2085,TN3K,nodule,trainval,2085.jpg,2085.jpg,413,341,1,40582,0.2881568950459054,0.02598808317934237,96.55898956312012,55.19581348121534,68441b071a0c4e34c01b277c25ebd11d,
trainval_2086,TN3K,nodule,trainval,2086.jpg,2086.jpg,1228,711,1,25407,0.029099492846245825,0.03904242962358136,27.537135302106282,30.838070433440077,147029ddd9fc7812432ae227faf492a6,
trainval_2087,TN3K,nodule,trainval,2087.jpg,2087.jpg,1234,690,1,35847,0.04210062715805792,0.09017183729087168,32.19460542061914,28.18557066685458,df75ef8f6de77902e7e848a8f13ae2ca,
trainval_2088,TN3K,nodule,trainval,2088.jpg,2088.jpg,410,322,1,9373,0.0709968186638388,0.1481045266652423,61.356496095428476,74.62161036206635,82b46accae69d8136c9be61afaeb121f,
trainval_2089,TN3K,nodule,trainval,2089.jpg,2089.jpg,408,328,1,10296,0.07693687230989957,0.1362176408429167,72.44592628492605,71.63973577235772,11940c4fe2c6bcd853a2bbdf3df96485,
trainval_2090,TN3K,nodule,trainval,2090.jpg,2090.jpg,340,371,1,5948,0.04715395592199144,0.12804065393099606,54.65673818992233,75.86818614238148,4c4c25d94682d8b2bcecc738118b8f76,
trainval_2091,TN3K,nodule,trainval,2091.jpg,2091.jpg,342,365,1,4335,0.034727229031482815,0.13036937958574435,78.54801225344426,87.76331010173837,01225353356a0221f4537bd98d4a97cc,
trainval_2092,TN3K,nodule,trainval,2092.jpg,2092.jpg,290,313,1,3544,0.03904373691748375,0.07551180220152105,85.55990578440426,139.90231353971578,81ba81744236aa5c528704e228092535,
trainval_2093,TN3K,nodule,trainval,2093.jpg,2093.jpg,288,298,1,3760,0.043810589112602535,0.07043976681742167,74.32314348769441,143.81079884414615,bbc34611036087d645792c3b0bff6308,
trainval_2094,TN3K,nodule,trainval,2094.jpg,2094.jpg,289,294,1,20433,0.24048442906574394,0.058306496309251145,71.41775908252349,122.88075230092036,edc07a60d8f5176c76ef9391c4d1e4c7,
trainval_2095,TN3K,nodule,trainval,2095.jpg,2095.jpg,416,346,1,7626,0.05298188083592708,0.1586030946479031,58.8978614795793,29.9395912072032,abd05a8d6234a9e6624fef456542f3ba,
trainval_2096,TN3K,nodule,trainval,2096.jpg,2096.jpg,414,384,1,1967,0.012372936795491143,0.08694539151226746,39.39832405861968,25.9516216284219,8cf70b9b9010d063f9ae34f37ff5104c,
trainval_2097,TN3K,nodule,trainval,2097.jpg,2097.jpg,338,375,1,604,0.004765285996055227,0.05629480508971037,48.00083338648183,102.77688362919132,963043ab068e1d980b6009bb2be8ae8a,
trainval_2098,TN3K,nodule,trainval,2098.jpg,2098.jpg,338,373,1,3435,0.02724590319970811,0.09766325613204822,67.66657445601697,118.45712835318939,350e2ec17a874e0ce745813400cfd91c,
trainval_2099,TN3K,nodule,trainval,2099.jpg,2099.jpg,383,377,1,2860,0.0198073287116233,0.1260852314995724,60.16745854913459,109.67139918692993,6695b0ee729cb819d39f7319343fc315,
trainval_2100,TN3K,nodule,trainval,2100.jpg,2100.jpg,377,333,1,4134,0.032929481205343274,0.13039332712577129,78.63210021049122,34.170398515226104,e8b3a7dceed11e6031c2f88ec9822993,
trainval_2101,TN3K,nodule,trainval,2101.jpg,2101.jpg,434,356,1,2565,0.016601511934966087,0.03375671129127514,66.3529659604879,30.712615854605705,bc0f8bd72a0b3e239913e4e592034a49,
trainval_2102,TN3K,nodule,trainval,2102.jpg,2102.jpg,582,388,1,6867,0.030409714103517907,0.0247381532150389,49.46188222735728,40.94786906153683,ed8f103b6b821f7590cb5865a106d945,
trainval_2103,TN3K,nodule,trainval,2103.jpg,2103.jpg,579,388,1,6344,0.028239232234745296,0.04146493300743308,58.505551386066635,32.058957854815446,2b1d8b8fa953b7a74b8b80f3fb029805,
trainval_2104,TN3K,nodule,trainval,2104.jpg,2104.jpg,582,386,1,8435,0.037546961522710684,0.020798688970268715,42.3662576190676,49.62705873973969,567bba51b8c5672f581febcfeae6a773,
trainval_2105,TN3K,nodule,trainval,2105.jpg,2105.jpg,295,290,1,1472,0.017206312098188195,0.18314781446175307,103.02645009379528,71.33468147282291,ae8a622127b135cd28ffb452099f0def,
trainval_2106,TN3K,nodule,trainval,2106.jpg,2106.jpg,280,282,1,4839,0.06128419452887538,0.11150160316766206,66.14648029780483,66.6597771023303,f6fe7cdf6e3f0e960c8f3a091daeb5ea,
trainval_2107,TN3K,nodule,trainval,2107.jpg,2107.jpg,945,632,1,43217,0.07236119482954927,0.1941072918810877,46.131822514396575,70.40504989618914,f4503e1139e4ac1d6c13671a2343f709,
trainval_2108,TN3K,nodule,trainval,2108.jpg,2108.jpg,961,654,1,21528,0.034253310294131686,0.16076490320398057,42.824455071251606,53.19832647567041,fc6632615a55d7eb4c821c17d309ecaf,
trainval_2109,TN3K,nodule,trainval,2109.jpg,2109.jpg,915,599,1,25723,0.04693250134559421,0.15685868836130448,57.31564231941855,39.935250919109265,8eb3a24d6c71f998c2ab21196a364f9b,
trainval_2110,TN3K,nodule,trainval,2110.jpg,2110.jpg,958,635,1,157721,0.259268817911331,0.046674133946911014,80.04492269868797,40.33421333815528,83c283b8e19b9561f320f87125d5a10c,
trainval_2111,TN3K,nodule,trainval,2111.jpg,2111.jpg,1269,717,1,43876,0.04822211451488285,0.13342664119346445,66.96911606216445,26.472561555293982,632bd1e20d4445805648f9b85e6f46fc,
trainval_2112,TN3K,nodule,trainval,2112.jpg,2112.jpg,1056,702,1,42638,0.0575169429336096,0.13850265830572692,55.35966856635174,34.42581126435293,9c44e35832903bb68f5529e1e32254b0,
trainval_2113,TN3K,nodule,trainval,2113.jpg,2113.jpg,414,334,1,15039,0.10876073939078365,0.11567834915926895,78.22654358568464,45.04332639069687,07b921c95734fb76e9ea01584272dada,
trainval_2114,TN3K,nodule,trainval,2114.jpg,2114.jpg,411,335,1,11838,0.08597886480008715,0.0988069270970589,84.9915938370156,40.35574681337836,8a2c209ce297356b2e731570d12b7622,
trainval_2115,TN3K,nodule,trainval,2115.jpg,2115.jpg,418,384,1,16753,0.10437225877192982,0.08456961560729649,67.82541223661174,27.073577053429027,c7cf920ac9c5add80961bda246a26f61,
trainval_2116,TN3K,nodule,trainval,2116.jpg,2116.jpg,415,383,1,17676,0.1112082795935701,0.08989816922281517,83.56778574757458,39.838220768190254,36da3334ac8d691820b14905f4f6e0eb,
trainval_2117,TN3K,nodule,trainval,2117.jpg,2117.jpg,413,382,1,39671,0.2514546860540294,0.03947799001865407,91.16333076955834,32.07959889963617,38c1d7e48cbbc32106510747855c1a6b,
trainval_2118,TN3K,nodule,trainval,2118.jpg,2118.jpg,410,332,1,12706,0.09334410813987658,0.04051232994248869,69.82245991586584,66.37829856009404,7b57fc70d5e472eae3c03de99c39badb,
trainval_2119,TN3K,nodule,trainval,2119.jpg,2119.jpg,365,336,1,46902,0.3824363992172211,0.08344324512921368,87.0163510176124,59.2148401826484,04e7e9013d91c801b7cee86d4a42e94a,
trainval_2120,TN3K,nodule,trainval,2120.jpg,2120.jpg,366,335,1,20819,0.1697985482423946,0.08645188172259057,95.76390819304547,47.366756382024306,82f09d1c0b22de04433df6fff6828273,
trainval_2121,TN3K,nodule,trainval,2121.jpg,2121.jpg,289,325,1,4567,0.04862390204950759,0.021426197537355543,99.93116452223765,124.26457279744477,77e15cbe2d6c50dad7d7e5ac47ab4029,
trainval_2122,TN3K,nodule,trainval,2122.jpg,2122.jpg,482,326,1,1651,0.01050708958073467,0.3090372085998581,126.26038699979792,82.78372960313622,b692f4bd75293c8792fb731f7653dea0,
trainval_2123,TN3K,nodule,trainval,2123.jpg,2123.jpg,480,348,1,3162,0.018929597701149426,0.2804642188880524,123.44057309421363,66.23471024904215,e424aed7edfd8ce746b67e0ff524d905,
trainval_2124,TN3K,nodule,trainval,2124.jpg,2124.jpg,1096,735,1,16091,0.019974924276279855,0.07124617169017095,35.73765957017901,54.81668032176374,7c2cbbc6f7a7c5aa4c7eab417efbfddd,
trainval_2125,TN3K,nodule,trainval,2125.jpg,2125.jpg,870,737,1,11802,0.018406400598886447,0.11089443918848585,56.27872058664715,50.57496997769772,a8ff57435ee1e1be764ffd6fd10e3c7c,
trainval_2126,TN3K,nodule,trainval,2126.jpg,2126.jpg,340,346,1,10158,0.08634818089085346,0.03991212950585049,62.36607964649652,117.13169840190412,0ad330ea8288ae49ee153588ef0b70bc,
trainval_2127,TN3K,nodule,trainval,2127.jpg,2127.jpg,341,335,1,9150,0.08009804350680615,0.03248001339421422,73.6450453128348,106.44436468682979,6577850a90fc8a008fbe0c413778063c,
trainval_2128,TN3K,nodule,trainval,2128.jpg,2128.jpg,338,330,1,6542,0.05865160480545096,0.054657969660455004,58.62226883448417,107.11473014165321,f27f9ff7dd0e2478466e403785582def,
trainval_2129,TN3K,nodule,trainval,2129.jpg,2129.jpg,341,325,1,6420,0.057929167606586965,0.05839358495573543,54.80164984919851,94.33642228739004,4e5f1535a7b21b00d70589808df62efc,
trainval_2130,TN3K,nodule,trainval,2130.jpg,2130.jpg,339,376,1,4448,0.03489612753404883,0.1160924929524168,61.89899345655861,102.68620159417561,caeae09c6a1c5784857cd9ef9a63093e,
trainval_2131,TN3K,nodule,trainval,2131.jpg,2131.jpg,416,340,1,1679,0.011870757918552036,0.08793180785394286,65.08201069305949,57.40205740950226,a8b818b41ba1e7d89940d5c45e1ff6a0,
trainval_2132,TN3K,nodule,trainval,2132.jpg,2132.jpg,418,343,1,1635,0.011403741264106463,0.1200956454617185,68.59666001296179,53.08006333086892,4e8b5822a4fd5d4d0d4e2fdafabd0645,
trainval_2133,TN3K,nodule,trainval,2133.jpg,2133.jpg,438,367,1,8879,0.05523621116544113,0.10881589566997472,101.72600255121513,68.5827267863586,9c39e82f3bc34bf301e2b274b76756bc,
trainval_2134,TN3K,nodule,trainval,2134.jpg,2134.jpg,440,369,1,6856,0.042227149544222714,0.0907343829212684,126.71894469121683,71.1270633160877,c06d79f74f77dab7192ed689bb14db45,
trainval_2135,TN3K,nodule,trainval,2135.jpg,2135.jpg,440,363,1,11117,0.069603055346857,0.1228310638492619,114.89010357309034,83.84218006511395,3df5ebc4a06b1d4abc9c21df9a9a1dec,
trainval_2136,TN3K,nodule,trainval,2136.jpg,2136.jpg,330,386,1,21919,0.17207567907049773,0.04914970730593531,73.1943771172848,60.87049772334746,a5254a1a54e01b909155144f96d012db,
trainval_2137,TN3K,nodule,trainval,2137.jpg,2137.jpg,425,390,1,40168,0.24234087481146305,0.093491351486163,53.33825239371458,39.074395173454,5608ea09182eb048d6f4e813b44f2e6c,
trainval_2138,TN3K,nodule,trainval,2138.jpg,2138.jpg,373,388,1,36965,0.25541720792681244,0.01708761204868707,59.46594344220596,35.78565407257953,a0403e079bafed16c76b106530c12d03,
trainval_2139,TN3K,nodule,trainval,2139.jpg,2139.jpg,372,385,1,10707,0.07475911185588605,0.040143992340876844,51.76721707946235,30.250356095517386,2d964e32c40962a0fad3107bf95051fa,
trainval_2140,TN3K,nodule,trainval,2140.jpg,2140.jpg,374,384,1,25646,0.17857341800356505,0.046200201375206806,54.41530324199846,30.605851715686274,ddac385ce88a660af52d159a6c51d6f4,
trainval_2141,TN3K,nodule,trainval,2141.jpg,2141.jpg,372,388,1,8213,0.05690195100321472,0.02402463625872749,59.172528980171265,36.668745150205076,e1c997862a5e254a6573c5615180108d,
trainval_2142,TN3K,nodule,trainval,2142.jpg,2142.jpg,339,375,1,4670,0.03673549655850541,0.07045265167542342,67.34161603906679,93.98088495575222,816a570690d978de762746481ce09bad,
trainval_2143,TN3K,nodule,trainval,2143.jpg,2143.jpg,342,373,1,1273,0.009979148048853142,0.10567181826827868,56.26725097413171,79.01965257200195,bd5aca96aed90df8b7bc895126b479c0,
trainval_2144,TN3K,nodule,trainval,2144.jpg,2144.jpg,341,369,1,1430,0.011364629775330011,0.09718625067126731,30.981431985382542,74.93873431402936,4beaffcbf062993d45f3a47f09124436,
trainval_2145,TN3K,nodule,trainval,2145.jpg,2145.jpg,339,368,1,1305,0.010460754136206233,0.132240220857331,47.85801238112178,62.81225150698987,5e3f4ace9f2c3cf59c1b449cfa885e96,
trainval_2146,TN3K,nodule,trainval,2146.jpg,2146.jpg,463,335,1,3532,0.02277167080364914,0.09697631220729472,106.34519435630126,98.33908642532478,25c255559ea1ce304ef5677f8c2218e0,
trainval_2147,TN3K,nodule,trainval,2147.jpg,2147.jpg,466,326,1,3343,0.022005582032175675,0.12523290355647865,91.19063296940513,111.17938860949472,3980ea411e4850b5358a46457da1439a,
trainval_2148,TN3K,nodule,trainval,2148.jpg,2148.jpg,408,324,1,5835,0.04414034132171387,0.1135196697984362,76.28109298631144,90.8193234083757,e6490cbff76656e18a9b4a1a41dfedb1,
trainval_2149,TN3K,nodule,trainval,2149.jpg,2149.jpg,409,333,1,19800,0.14537765149012094,0.25397913011253975,113.60081052176744,90.80541421617217,ba8fe305b91d57ea583d362537c2a9ee,
trainval_2150,TN3K,nodule,trainval,2150.jpg,2150.jpg,289,328,1,55472,0.5851970630432948,0.06371771953744572,57.790892108213484,51.26671027090894,0684e30b99482253c5914d1d2ba7b535,
trainval_2151,TN3K,nodule,trainval,2151.jpg,2151.jpg,410,328,1,2486,0.01848602022605592,0.03460085993537613,78.29478162454652,72.17459101725163,ad91e21bfc39011b56dabd75d150b812,
trainval_2152,TN3K,nodule,trainval,2152.jpg,2152.jpg,411,329,1,2894,0.02140231772162196,0.02150705030700154,65.88904338111587,82.20789977739814,f28a600f55f6c799e6b57fc74c1339d9,
trainval_2153,TN3K,nodule,trainval,2153.jpg,2153.jpg,411,336,1,37470,0.27133298574904413,0.03668368972592743,97.32592442080482,58.434509326845095,f08f417b5ec00e3dbdca5e4320589ab8,
trainval_2154,TN3K,nodule,trainval,2154.jpg,2154.jpg,409,334,1,60296,0.4413861763026514,0.0310705526847826,68.03387763000308,69.72203270720173,a92d98fccb364b459e44ac199781d03e,
trainval_2155,TN3K,nodule,trainval,2155.jpg,2155.jpg,1010,705,1,12792,0.017965030545607753,0.06604033619815544,28.568769687451226,12.780681131942982,9ac0f828fecee63e6f97dcd2fe87656f,
trainval_2156,TN3K,nodule,trainval,2156.jpg,2156.jpg,411,335,1,14671,0.10655481715510041,0.14527541630334453,59.36494221905884,59.58618585902604,ed29e5315fcd0def86367c92223f8dd3,
trainval_2157,TN3K,nodule,trainval,2157.jpg,2157.jpg,340,372,1,8705,0.06882511068943707,0.11920813284857955,64.93209269269427,78.25821473750791,0bb802b157f64dddd1d8e5da461f7fb6,
trainval_2158,TN3K,nodule,trainval,2158.jpg,2158.jpg,339,364,1,3793,0.030738435605692244,0.07976831937865861,53.95909053160246,59.67551622418879,e7817ec8c86c4461bb12638d000f03a6,
trainval_2159,TN3K,nodule,trainval,2159.jpg,2159.jpg,341,372,1,761,0.005999117081323117,0.12837903558269564,63.5980363762461,57.9703670419071,159c3d51ca6828152f48b4f40bc3770c,
trainval_2160,TN3K,nodule,trainval,2160.jpg,2160.jpg,340,369,1,4303,0.03429778415431213,0.07650102854382661,56.134994649429856,61.34799936234656,509fab32ba7c226b70681843314431aa,
trainval_2161,TN3K,nodule,trainval,2161.jpg,2161.jpg,412,384,1,3087,0.019512287621359224,0.1449416083893875,77.33077330538747,34.58600702872168,c1c14be975a8cdbead1ef8d12309ba2b,
trainval_2162,TN3K,nodule,trainval,2162.jpg,2162.jpg,412,310,1,29444,0.23053554650798622,0.05611209283370231,57.1214557217818,41.280183213279045,cbf0866f04edf0f52ee709cf802787d4,
trainval_2163,TN3K,nodule,trainval,2163.jpg,2163.jpg,409,332,1,14386,0.10594456063864259,0.036090932879900284,75.98264172531523,39.316338704451056,a5168a946c738361e5d8e4ae88f4e213,
trainval_2164,TN3K,nodule,trainval,2164.jpg,2164.jpg,412,314,1,16780,0.12970750108218415,0.05938466749946034,54.3050178891,38.98114680601076,1f7604050ade57b95165359551fcf8c1,
trainval_2165,TN3K,nodule,trainval,2165.jpg,2165.jpg,498,378,1,13990,0.07431843777225303,0.0031119525182140696,53.02039503073119,78.63323665030492,3740c69c6015a0a53dc789e8183c650f,
trainval_2166,TN3K,nodule,trainval,2166.jpg,2166.jpg,498,383,1,13837,0.07254605890926631,0.042530942971126307,49.11541165892023,72.74654754789393,0694281ebf0e102c8635873ef3281b35,
trainval_2167,TN3K,nodule,trainval,2167.jpg,2167.jpg,499,389,1,8924,0.045973695462905244,0.014101000069943196,65.86198222034548,72.46688235081989,8fcc8ba74986e5d796a6a9780395eb70,
trainval_2168,TN3K,nodule,trainval,2168.jpg,2168.jpg,498,387,1,10047,0.05213100463870988,0.036418979946979596,59.19317082745399,73.23860299077447,ade1320c70dbc0b6ef3913f1f56c912f,
trainval_2169,TN3K,nodule,trainval,2169.jpg,2169.jpg,496,389,1,10616,0.05502114603200929,0.03167263095844159,57.470214855163064,74.33491583050004,1e620a24fa65cd0f4d127a4b27203e5a,
trainval_2170,TN3K,nodule,trainval,2170.jpg,2170.jpg,498,386,1,23322,0.12132467694612648,0.09050414699695461,54.920296378119865,63.89489564475519,2e9196a5908a38d3e732f0e711dd1994,
trainval_2171,TN3K,nodule,trainval,2171.jpg,2171.jpg,498,379,1,37553,0.19896472433268694,0.12659605650212458,72.84180881881436,72.09158533871634,0662a426e30251c324c9975313cec24f,
trainval_2172,TN3K,nodule,trainval,2172.jpg,2172.jpg,499,383,1,7771,0.040660956377506975,0.009386377050094302,42.57290944503262,49.011458949230054,feaa149785514c52e27f99c8b475ec8d,
trainval_2173,TN3K,nodule,trainval,2173.jpg,2173.jpg,499,390,1,10894,0.05597862391449566,0.053767660508341225,64.7455064253201,51.997554082524026,7e7d91c3ff211359bbab572fdad37440,
trainval_2174,TN3K,nodule,trainval,2174.jpg,2174.jpg,498,385,1,50319,0.262447191362854,0.09993186679592186,66.43366455318929,51.388885411776975,5cf10506d1e263c330dc168e0fb6fc88,
trainval_2175,TN3K,nodule,trainval,2175.jpg,2175.jpg,989,641,1,11860,0.0187081295183051,0.07007292782167682,61.064696525830996,19.459784619898446,99742a892f0b623ecebfca4f9d93456a,
trainval_2176,TN3K,nodule,trainval,2176.jpg,2176.jpg,983,645,1,4258,0.006715717586568565,0.054921482548924316,60.43923077672845,18.957948693684102,ce41e8cb824ce3ac3992d0fd6f872582,
trainval_2177,TN3K,nodule,trainval,2177.jpg,2177.jpg,981,699,1,31950,0.046593429670171015,0.04075129854364467,24.370856879261193,17.539637956655714,a413b8151dd0ae5d21d91be020e75b46,
trainval_2178,TN3K,nodule,trainval,2178.jpg,2178.jpg,978,739,1,34653,0.04794657014536308,0.04073082499133326,35.26899187586612,14.819872098203785,594828ee74e086bed3872c1b1fff2ea1,
trainval_2179,TN3K,nodule,trainval,2179.jpg,2179.jpg,983,717,1,35583,0.05048587493668515,0.049421728631378156,35.75111446116563,14.21614163229575,fa4db3af760b5f422680ee5d3bc104cc,
trainval_2180,TN3K,nodule,trainval,2180.jpg,2180.jpg,985,749,1,11970,0.016224678590065943,0.08292326677259598,33.032594364775626,13.925789377376265,c0d39d8caca7ba0319aa7244708c6081,
trainval_2181,TN3K,nodule,trainval,2181.jpg,2181.jpg,983,717,1,103807,0.14728345613221133,0.07024895094361476,42.03021374308933,15.27518866760025,d1b970d78296baf1debdaa2795f5cf41,
trainval_2182,TN3K,nodule,trainval,2182.jpg,2182.jpg,338,369,1,5919,0.047457545581372974,0.0629484072247391,62.55203259960165,129.79955420855984,ed1b58eebc04a45eb94160491a26176b,
trainval_2183,TN3K,nodule,trainval,2183.jpg,2183.jpg,340,371,1,3591,0.02846836847946726,0.012707984237153249,57.523113104547015,136.19463294751864,acefa9d8d1e1b61f54d05eb8ee20ba91,
trainval_2184,TN3K,nodule,trainval,2184.jpg,2184.jpg,410,335,1,51928,0.37807062249726975,0.04936505750346114,67.96078978013949,68.16066254095377,02ff337e23a86ac7f6d4bf715aecb49f,
trainval_2185,TN3K,nodule,trainval,2185.jpg,2185.jpg,408,332,1,25959,0.19164156626506024,0.01222378719149099,71.67031725073198,63.81455232695488,1a86cddba15a3f70463c1565e48bcaf9,
trainval_2186,TN3K,nodule,trainval,2186.jpg,2186.jpg,412,337,1,1862,0.013410734349341707,0.11599327840297914,84.26952065909225,44.30776266889459,71c232bd3ad7afc65b5c03c4041d6f84,
trainval_2187,TN3K,nodule,trainval,2187.jpg,2187.jpg,413,335,1,1853,0.013393083011094648,0.11557152554558732,59.05095950118641,44.89483574861769,c1fa701f59d89ac5062ce95f9acdd1a6,
trainval_2188,TN3K,nodule,trainval,2188.jpg,2188.jpg,420,344,1,3675,0.025436046511627907,0.029389265140018273,35.79687937316427,57.568071705426355,e757875ac9360787d5fdcd11cdfdde35,
trainval_2189,TN3K,nodule,trainval,2189.jpg,2189.jpg,416,348,1,10326,0.07132791777188328,0.08351382041155696,57.871687323894704,58.86275281830239,b8ffe0dbe9abdb9c923cd1eb5839b981,
trainval_2190,TN3K,nodule,trainval,2190.jpg,2190.jpg,418,386,1,6911,0.04283288296105313,0.059830703087699895,54.75652245074237,53.701694474056076,37a1f3b5b181ff39c52f2b77bb4e9f35,
trainval_2191,TN3K,nodule,trainval,2191.jpg,2191.jpg,414,388,1,4791,0.02982593754669057,0.07090870420674909,57.194740034934476,52.39003436426117,9b102f7892c131d7c10efe0cb1fa9f6d,
trainval_2192,TN3K,nodule,trainval,2192.jpg,2192.jpg,413,385,1,6829,0.04294833495802019,0.09079372435533714,61.296613100754236,51.74395773717808,aacdd921041397426e76ce2f34eed5b4,
trainval_2193,TN3K,nodule,trainval,2193.jpg,2193.jpg,415,390,1,5090,0.031448872412727834,0.0027512747374356427,88.09304156391741,37.802150139017606,4b2e722596725eefd22f11fdb28a2b6a,
trainval_2194,TN3K,nodule,trainval,2194.jpg,2194.jpg,414,387,1,9632,0.06011808910359635,0.01080854694366699,67.87856404372945,39.632787826586274,dd3cf2fb8362f0768f391b736e4ba92c,
trainval_2195,TN3K,nodule,trainval,2195.jpg,2195.jpg,539,354,1,2049,0.01073865601710638,0.06320170946887547,61.768311576062644,21.927276920012996,1758a585743521dce19cc5077e8ada75,
trainval_2196,TN3K,nodule,trainval,2196.jpg,2196.jpg,290,291,1,3053,0.03617727218864794,0.12442356578722386,59.73054769465135,115.68152624718569,7b6af8874fa3b5b057785200a8b2f39d,
trainval_2197,TN3K,nodule,trainval,2197.jpg,2197.jpg,291,271,1,18914,0.23983971798480871,0.19184545579889983,84.51866898407346,123.14544578435475,82c67562747c5c4929ec8cd2271f1cf2,
trainval_2198,TN3K,nodule,trainval,2198.jpg,2198.jpg,432,336,1,16289,0.11222029320987655,0.1448239284601558,74.51752993308567,40.12276096781305,df3e39ff4109f905b7fd5f70d5642be3,
trainval_2199,TN3K,nodule,trainval,2199.jpg,2199.jpg,433,351,1,11333,0.07456755031812769,0.13203947678876624,64.91210101838702,46.69990722646612,9774efead1dc697d616f648cd92d8bbd,
trainval_2200,TN3K,nodule,trainval,2200.jpg,2200.jpg,484,356,1,19282,0.1119068622899062,0.005712725815992259,37.73916043243883,60.82147251369672,4f116cac57deaf886c9600a773ddbab3,
trainval_2201,TN3K,nodule,trainval,2201.jpg,2201.jpg,483,368,1,17238,0.09698217661355657,0.008507566077055405,39.8299952074315,59.428008821676116,04c2e9ceb22a0102d56784e126ae97c2,
trainval_2202,TN3K,nodule,trainval,2202.jpg,2202.jpg,482,372,1,5605,0.03125975996073707,0.05328259418623763,37.435811271507475,61.00025654753937,008f9503b98c28f3ae15182288ea1618,
trainval_2203,TN3K,nodule,trainval,2203.jpg,2203.jpg,416,343,1,1482,0.010386297376093295,0.14423048571655384,54.54906456625799,54.57139352993945,255b591878cec4000fb5436be8df80ba,
trainval_2204,TN3K,nodule,trainval,2204.jpg,2204.jpg,417,342,1,1490,0.010447782125177052,0.13748127610163663,59.11617527944737,52.81131585959303,ed879437463b19ec7694689b1dbaacca,
trainval_2205,TN3K,nodule,trainval,2205.jpg,2205.jpg,1120,739,2,193401,0.233666392808815,0.13354460571629895,31.311454954811964,33.120426976609316,ae39d77ed37be0186c765c23187ab119,
trainval_2206,TN3K,nodule,trainval,2206.jpg,2206.jpg,1239,725,2,190593,0.21217667195457962,0.1256203464264781,36.44767527493129,26.935210264117337,aa76ddeab9b741d291ee99b9b6ab2e84,
trainval_2207,TN3K,nodule,trainval,2207.jpg,2207.jpg,1275,719,1,137644,0.1501475360658867,0.14503798588984107,45.50166489862609,30.951112929177235,8ff1085e75e2c493fa7dbd5d24c3dd9d,
trainval_2208,TN3K,nodule,trainval,2208.jpg,2208.jpg,1222,744,1,115827,0.12739889657357056,0.07503576197597608,48.13061495957102,30.469081621878466,c67133fa2c1bb222c408358baa0ac0ab,
trainval_2209,TN3K,nodule,trainval,2209.jpg,2209.jpg,340,371,1,2686,0.021293800539083557,0.07839115701226954,58.64875730875886,88.49032027905501,ab34851a90d84292b979730e2d9f156b,
trainval_2210,TN3K,nodule,trainval,2210.jpg,2210.jpg,1090,713,1,25097,0.0322928059497922,0.06262454462407477,41.05255207546493,34.375047930311254,02dff84673fb55a38fa955b6cd3b007e,
trainval_2211,TN3K,nodule,trainval,2211.jpg,2211.jpg,1094,702,1,41604,0.05417272144877264,0.06468227398251593,27.2441823575222,32.413177028807745,7f04fc609ac4b7657060994762885839,
trainval_2212,TN3K,nodule,trainval,2212.jpg,2212.jpg,1100,725,1,43341,0.054346081504702194,0.07961282472488097,28.856806861496352,31.640407523510973,4e4fd177ed314b949e346301e992d1d3,
trainval_2213,TN3K,nodule,trainval,2213.jpg,2213.jpg,1090,725,1,35200,0.044542866181588106,0.042910669868936546,19.666895016153248,31.32737614678899,270d0618c2e3d818a6b8630c4100b370,
trainval_2214,TN3K,nodule,trainval,2214.jpg,2214.jpg,411,335,1,16505,0.11987507716890003,0.12153760743713064,55.340586667544244,61.27411119584559,a91d4406e45117dd273f412382389dba,
trainval_2215,TN3K,nodule,trainval,2215.jpg,2215.jpg,412,333,1,7430,0.054156097845418236,0.09781244004219507,84.48881999880449,53.54719525350593,854b14ae2a7907995883ae9e7fbf828b,
trainval_2216,TN3K,nodule,trainval,2216.jpg,2216.jpg,411,336,1,16868,0.12214691229289769,0.12607401901555818,69.36135817852718,65.28793013555787,33d6ddcc47f888db5f0c615f72a855cb,
trainval_2217,TN3K,nodule,trainval,2217.jpg,2217.jpg,432,338,2,2896,0.019833442910365987,0.05353935041679984,46.399868571326294,41.0163201293009,51ee35335ffa3ae441e0132f43e538db,
trainval_2218,TN3K,nodule,trainval,2218.jpg,2218.jpg,431,336,1,1437,0.009922936692078223,0.01785049904907451,41.86654926784925,36.90795215998232,fda948e4b26e1800cf528891c9235b69,
trainval_2219,TN3K,nodule,trainval,2219.jpg,2219.jpg,538,373,1,2356,0.011740434734943241,0.0028362816083042125,42.94970132454872,47.03571962486421,5e14568eade1578925f30f00779354fa,
trainval_2220,TN3K,nodule,trainval,2220.jpg,2220.jpg,537,386,1,2030,0.00979342152237049,0.0288719625781347,58.40978699981959,47.033934446792294,d83c9928e2a7cad385ca6c22b81966cf,
trainval_2221,TN3K,nodule,trainval,2221.jpg,2221.jpg,537,389,1,3794,0.018162408505790047,0.02425194649430641,29.282093526975103,45.18719631581719,09a182cc2ef4440eabdd4c21f3947fca,
trainval_2222,TN3K,nodule,trainval,2222.jpg,2222.jpg,540,391,1,1476,0.006990622335890878,0.01706868051715242,80.97332141129282,54.943752960121245,f8d7ece9ebe14d440e47624e66144331,
trainval_2223,TN3K,nodule,trainval,2223.jpg,2223.jpg,537,394,1,2022,0.009556759209369594,0.00047152857768465166,50.2410103879706,55.16888806964808,76293e346ab9be33554838531d42f0f3,
trainval_2224,TN3K,nodule,trainval,2224.jpg,2224.jpg,541,393,1,2167,0.01019222719212842,0.0026895775999986205,50.4366502477441,51.02757122095074,ab459cbe1eb82e950ad6eb64c76ec971,
trainval_2225,TN3K,nodule,trainval,2225.jpg,2225.jpg,539,387,1,2127,0.010196890595561692,0.03229960692064044,50.97303901359546,34.52311918424875,3e27fd1c48921ff91b99591b0c0ef72d,
trainval_2226,TN3K,nodule,trainval,2226.jpg,2226.jpg,407,326,1,2148,0.01618908367374625,0.0602103938273315,55.42760155383194,91.93773081503143,021f209a1df7eb3e1470fc630475cadd,
trainval_2227,TN3K,nodule,trainval,2227.jpg,2227.jpg,410,338,1,3205,0.023127435416366,0.03069973955472518,54.70842332158496,83.42794775580892,fca7a528de05102be6a30d798038c536,
trainval_2228,TN3K,nodule,trainval,2228.jpg,2228.jpg,409,335,1,2268,0.01655293216071233,0.07955651303629942,43.51664885752605,82.7558442506295,24106f793153d1e792aa625979167b55,
trainval_2229,TN3K,nodule,trainval,2229.jpg,2229.jpg,413,340,2,3395,0.024177467597208374,0.1177970911890074,60.59087303410879,83.7122418458909,4af8bd972b6cf97c6bae5394640bfc40,
trainval_2230,TN3K,nodule,trainval,2230.jpg,2230.jpg,409,333,1,1453,0.010668370081573016,0.11907867792337136,56.63867558288765,98.10766756977026,c168b907e3127cc70afe491b18fadccf,
trainval_2231,TN3K,nodule,trainval,2231.jpg,2231.jpg,410,329,1,2102,0.015583067684780192,0.10543378509169216,68.43718445703361,90.53446511972719,4549ec328604183b9a0f623c73b91210,
trainval_2232,TN3K,nodule,trainval,2232.jpg,2232.jpg,409,331,1,3571,0.026377798624602045,0.13916008284165454,82.17739692162502,92.51287865917166,63e1609b7dbc0a98e71a949f46d30aae,
trainval_2233,TN3K,nodule,trainval,2233.jpg,2233.jpg,413,330,1,1610,0.011813045711350795,0.08808907775858338,53.28552072894707,93.58271333186588,e6c78d5d91cea984519254877fe8bc30,
trainval_2234,TN3K,nodule,trainval,2234.jpg,2234.jpg,410,331,1,989,0.007287598555743866,0.07815898577973082,59.09320575295391,95.45161741949745,c6d99a32c3e89e29fd187d5040c3963b,
trainval_2235,TN3K,nodule,trainval,2235.jpg,2235.jpg,412,336,1,3328,0.024040684234858993,0.12085274293080382,57.57116401728567,82.56755663430421,33fbe2dd5e3ca3fab77a82990a543299,
trainval_2236,TN3K,nodule,trainval,2236.jpg,2236.jpg,413,333,1,30374,0.22085523780439034,0.09046491402848816,54.83009192639316,64.87608431676229,ceec304bddfdfa7fc31626a3fa040174,
trainval_2237,TN3K,nodule,trainval,2237.jpg,2237.jpg,411,336,1,24422,0.1768479898041942,0.04149254400241617,50.221466254793675,75.47052774881242,62434443dd71fd77f843aaf764c6bccc,
trainval_2238,TN3K,nodule,trainval,2238.jpg,2238.jpg,409,332,1,37454,0.27582702447933544,0.03552945474880941,64.24922948317193,72.63936430317848,62be0f42f72ba9ebd72a6abf4a16e04a,
trainval_2239,TN3K,nodule,trainval,2239.jpg,2239.jpg,411,334,1,48200,0.3511225723735012,0.05419277390038979,63.01169666127724,74.29217477453851,4dcdb0ffd124ec2bcb7274502398ea16,
trainval_2240,TN3K,nodule,trainval,2240.jpg,2240.jpg,410,335,1,15103,0.10995995631598107,0.12300856603862519,48.57816251575266,76.984040771751,a63dc41c9df3c6d603d2cf3b5570b4ab,
trainval_2241,TN3K,nodule,trainval,2241.jpg,2241.jpg,411,336,1,2379,0.01722714633298575,0.0192625816491322,119.31847176284617,79.9186652763295,0dfc9f9b0779432caefcda66410c7a23,
trainval_2242,TN3K,nodule,trainval,2242.jpg,2242.jpg,417,384,1,2494,0.015575039968025579,0.04222870364745123,50.04478260001885,32.587623651079134,7dfcda646022b095e259f1caaa153c6d,
trainval_2243,TN3K,nodule,trainval,2243.jpg,2243.jpg,343,369,1,1232,0.009733974890769315,0.10104865178394591,66.27735146790567,73.11431099733738,fabfa3d426dc47b36f4519900d761299,
trainval_2244,TN3K,nodule,trainval,2244.jpg,2244.jpg,340,364,1,1158,0.009356819650937298,0.09883097120873059,55.829504663907294,73.49268745959922,e77e3f434e3889b380fe90cf6c11fdeb,
trainval_2245,TN3K,nodule,trainval,2245.jpg,2245.jpg,340,363,1,8726,0.07070166909739102,0.10718340291799315,79.64289874585718,50.27046669907632,38a44f090309d1e63b286ed7ba06d4e3,
trainval_2246,TN3K,nodule,trainval,2246.jpg,2246.jpg,344,360,1,1269,0.010247093023255814,0.017228363055229977,64.51390070651745,51.29869993540051,988fe90e28de9f4055206963f626d6e6,
trainval_2247,TN3K,nodule,trainval,2247.jpg,2247.jpg,413,331,1,1727,0.012633226776296058,0.1309395199990929,108.69926928152927,76.26935034344528,6f78abedb88f22a306c07e5c2f568a45,
trainval_2248,TN3K,nodule,trainval,2248.jpg,2248.jpg,410,330,1,1682,0.012431633407243164,0.1372321402324048,163.27138106707375,72.29576496674058,d2cb0fd58e129bc56e8ff217b3841f2c,
trainval_2249,TN3K,nodule,trainval,2249.jpg,2249.jpg,330,373,1,4442,0.036087415712080594,0.13432737886830617,114.90710483746413,68.64567389714843,6c097b250e508d1cee981e43af32f71d,
trainval_2250,TN3K,nodule,trainval,2250.jpg,2250.jpg,331,349,1,4474,0.038729559639539814,0.112997166658894,58.75231235561093,62.49879240644396,221a29823eb01b61b7098e3e6e3acfb3,
trainval_2251,TN3K,nodule,trainval,2251.jpg,2251.jpg,329,360,1,3677,0.031045254981425196,0.061352945218351405,49.62327795528779,58.7241472475515,32e41e931e24bc65ec8818965a37a392,
trainval_2252,TN3K,nodule,trainval,2252.jpg,2252.jpg,356,353,1,6698,0.053299169239583666,0.014654384239749093,29.059090268568397,28.849667377534455,7e14a98c5c4bbb1f097cee86022ce3a0,
trainval_2253,TN3K,nodule,trainval,2253.jpg,2253.jpg,363,355,1,6587,0.05111550847786443,0.012068658573553602,33.19875147876632,38.69447095797928,4d15b32880b2692d5491afc271290ee5,
trainval_2254,TN3K,nodule,trainval,2254.jpg,2254.jpg,362,367,1,5537,0.04167733000135487,0.1098979687177798,82.1412262271987,79.49290950968732,11bd5e6fbeeb6a0ef48cd9ed7171570b,
trainval_2255,TN3K,nodule,trainval,2255.jpg,2255.jpg,357,381,1,6151,0.045222288390421785,0.07147331878155182,65.58671267556909,73.47054412316108,66949da1a8a4b3a667886a42ea6ac092,
trainval_2256,TN3K,nodule,trainval,2256.jpg,2256.jpg,432,354,1,2634,0.017223791588198367,0.10420811747862281,85.62641027737921,42.845724785519984,354c0577496c915569389c394f670acf,
trainval_2257,TN3K,nodule,trainval,2257.jpg,2257.jpg,409,344,2,10158,0.0721982145903224,0.102369713845794,81.61649823066772,79.99069625291409,bee44af53f4955a606a45cb783f00c36,
trainval_2258,TN3K,nodule,trainval,2258.jpg,2258.jpg,411,328,1,9347,0.06933564773603941,0.11162971742138611,85.78302773075364,73.49689929381046,6f1d950db813c2464cdc485fd072510d,
trainval_2259,TN3K,nodule,trainval,2259.jpg,2259.jpg,409,327,1,5953,0.044510740749048545,0.09353014939329242,77.79416910568204,79.21259430400096,96fc50254d6154bbcfb29f6e7594dde9,
trainval_2260,TN3K,nodule,trainval,2260.jpg,2260.jpg,414,334,1,1141,0.008251612716595793,0.06592963616939619,67.62313089896524,43.530656079146056,dac2b4612e262b06ed28ebca52f28aae,
trainval_2261,TN3K,nodule,trainval,2261.jpg,2261.jpg,410,331,1,1622,0.011951956377569819,0.056302204669046264,64.09046838130276,54.21193721907007,61af78a30bdf4914221355e0328526b7,
trainval_2262,TN3K,nodule,trainval,2262.jpg,2262.jpg,419,344,1,1226,0.008505855580840318,0.13599067549804045,138.75240752456992,42.59074068934895,10a072727db6963532b53b2d967107a7,
trainval_2263,TN3K,nodule,trainval,2263.jpg,2263.jpg,419,338,1,1868,0.013190041095310051,0.15294668138449466,75.14026541280322,39.46153846153846,3ce0062e1382451a230112ccb4aaf46f,
trainval_2264,TN3K,nodule,trainval,2264.jpg,2264.jpg,410,347,1,5060,0.03556617698741829,0.0816499827463376,58.07144379399592,58.98485274478105,3cbfd0f36622646c78d4b8061cb15350,
trainval_2265,TN3K,nodule,trainval,2265.jpg,2265.jpg,410,333,1,1560,0.011426060206548011,0.1303559730030318,150.58251611179242,52.31113308430382,1ebac109681eb61e224a9f5be36ae168,
trainval_2266,TN3K,nodule,trainval,2266.jpg,2266.jpg,412,327,1,2082,0.015453816691903446,0.2396352409669761,97.82412780117095,49.905347228407706,83ca418822c8dd4ce688ee3bedee00c8,
trainval_2267,TN3K,nodule,trainval,2267.jpg,2267.jpg,292,288,1,9279,0.11033818493150685,0.0952469252583365,68.68979574698997,119.45562214611873,3e17bacb74c1696d5e004ce1332ddd0a,
trainval_2268,TN3K,nodule,trainval,2268.jpg,2268.jpg,290,294,1,8157,0.09567206192821956,0.08227874462859285,61.099623891662716,119.4643209007741,cb79676545773bf3a63af4ee81ea8193,
trainval_2269,TN3K,nodule,trainval,2269.jpg,2269.jpg,288,290,1,10634,0.1273227969348659,0.09415734026300876,53.83559066213497,120.88049568965518,4665b3fba4aebd874f7be46af66ba9cf,
trainval_2270,TN3K,nodule,trainval,2270.jpg,2270.jpg,290,302,1,10992,0.12550810687371547,0.09439903802915312,51.580010994674076,115.9424982872802,0d9435ce8050bc42fe9ba7f2a3216449,
trainval_2271,TN3K,nodule,trainval,2271.jpg,2271.jpg,271,247,1,4580,0.06842254657364387,0.09192803822265705,52.74190954031423,35.91354557270269,14f1f315c25141cad009d08c8a8d5852,
trainval_2272,TN3K,nodule,trainval,2272.jpg,2272.jpg,453,377,1,4162,0.024370392490967965,0.0511553219077155,56.036188508208966,45.98525597109749,1d603eddd41662b5ba5d95afddd21c4d,
trainval_2273,TN3K,nodule,trainval,2273.jpg,2273.jpg,454,380,1,4922,0.028530025504289357,0.009701529493676841,61.21423323456172,41.380199397171346,4b24aae10e3e46072a1732b76258a925,
trainval_2274,TN3K,nodule,trainval,2274.jpg,2274.jpg,291,318,1,2939,0.03175992565216452,0.03638300914105009,75.08581749507778,70.73743759320496,126ffb98272ec40f9cb84d07fa4e5b99,
trainval_2275,TN3K,nodule,trainval,2275.jpg,2275.jpg,293,318,1,3067,0.03291690815034237,0.001851728584906774,102.8921146529652,114.43929637023204,59c77fae8037b03626600741a19747c2,
trainval_2276,TN3K,nodule,trainval,2276.jpg,2276.jpg,289,316,1,8023,0.08785204327449521,0.08296963357198793,81.48422270358442,135.93886601550523,9f8dfb58986c5e9aa623b61a80d8dd74,
trainval_2277,TN3K,nodule,trainval,2277.jpg,2277.jpg,289,311,1,6351,0.07066166735277428,0.04667306005710493,79.68131730463773,133.44818033133436,a70bdf737cea5a995256257a1742a7a5,
trainval_2278,TN3K,nodule,trainval,2278.jpg,2278.jpg,806,528,1,17310,0.04067505075569592,0.04039053954248455,44.82171383452752,60.55989642078352,95226981041df308abfc079aa36a0b87,
trainval_2279,TN3K,nodule,trainval,2279.jpg,2279.jpg,411,335,1,1060,0.007698732614300759,0.07707431731381725,82.21353114157182,49.448080764062894,573b5fcf6c9861986860dc9b444df7f7,
trainval_2280,TN3K,nodule,trainval,2280.jpg,2280.jpg,411,331,1,1999,0.01469409957292287,0.05363865406092402,69.38214700095375,44.6690703537904,f3efbffe83591bea44075b8cfa932daa,
trainval_2281,TN3K,nodule,trainval,2281.jpg,2281.jpg,415,332,1,1336,0.009696617796487153,0.041507956256171666,69.43017859091131,50.42132384961533,d4c8a8a9b6df886320f943e2e7488ff7,
trainval_2282,TN3K,nodule,trainval,2282.jpg,2282.jpg,430,340,1,54474,0.3725991792065663,0.07044976583440532,57.20153331465589,33.08396716826265,924e5b410095a29e786ccd901455a710,
trainval_2283,TN3K,nodule,trainval,2283.jpg,2283.jpg,1117,714,1,14711,0.018445516075723038,0.05385529626660858,58.93058029275095,32.97373291303988,0d49125d8a63016c78cc9d3a63570038,
trainval_2284,TN3K,nodule,trainval,2284.jpg,2284.jpg,396,406,1,2222,0.013820470717022441,0.15555320647867205,60.251969980258636,87.77061252923322,077d9a4edb3a5ea3efde39a70f052f4f,
trainval_2285,TN3K,nodule,trainval,2285.jpg,2285.jpg,392,375,1,2504,0.017034013605442176,0.1331220592561934,64.99513986132833,111.38280272108844,5afd036a9d4a0be5b6c3ff57f194daad,
trainval_2286,TN3K,nodule,trainval,2286.jpg,2286.jpg,976,734,1,9714,0.013559766828963237,0.1250673392751762,44.97152611366048,24.864233427882255,383d72731389ebcee65ad3aaa1cddd30,
trainval_2287,TN3K,nodule,trainval,2287.jpg,2287.jpg,981,704,1,6029,0.0087297863960708,0.09493545993130717,47.15715988348889,27.784260321100916,732cc623f30c98d542de1733d8dd3e81,
trainval_2288,TN3K,nodule,trainval,2288.jpg,2288.jpg,399,344,1,27887,0.2031750888850032,0.29950062445601383,89.93150928380525,80.40101707757766,97a6e5990088697ba59bf2c7c67b40d1,
trainval_2289,TN3K,nodule,trainval,2289.jpg,2289.jpg,919,488,1,79313,0.17685162061399598,0.22982309502916876,96.11311264777822,75.89937610374784,3bc4b12fcbe4c6bdadfdcc265c4a0b78,
trainval_2290,TN3K,nodule,trainval,2290.jpg,2290.jpg,925,521,1,71119,0.14757275509674742,0.17964014678678275,68.39149530629864,56.47035327073715,ff0eb72be41dae730b642e06c38501fa,
trainval_2291,TN3K,nodule,trainval,2291.jpg,2291.jpg,921,537,2,29036,0.05870875515844853,0.21310896292493342,68.99786390094957,54.286614622192296,d68a3b4e8bec8724b19446c8e562ac82,
trainval_2292,TN3K,nodule,trainval,2292.jpg,2292.jpg,555,367,2,58663,0.2880084444117142,0.18334364322961738,94.12999680063095,41.61183199548322,ea4d9fb38b1b89b4b8bcb31c8babe6cc,
trainval_2293,TN3K,nodule,trainval,2293.jpg,2293.jpg,406,349,1,1897,0.01338800513783223,0.04993867914565152,91.51432593232109,66.25224780160063,714a0699956543bfa67d0d559719c13a,
trainval_2294,TN3K,nodule,trainval,2294.jpg,2294.jpg,390,337,2,36657,0.2789089249029902,0.31077573148605436,123.42892106992585,68.37456440690862,3021f6058e6cbad57325623aa912a2ce,
trainval_2295,TN3K,nodule,trainval,2295.jpg,2295.jpg,418,345,1,9442,0.06547396158380141,0.08435548932734148,70.06645761784357,51.99337077872547,ea447ee7d21f598a2964b4ef0ff26b95,
trainval_2296,TN3K,nodule,trainval,2296.jpg,2296.jpg,898,590,1,85841,0.16201917632403456,0.4576887841414449,100.17855352053375,72.79369030991657,be0364f41ae6967e53d4117e860e0a1f,
trainval_2297,TN3K,nodule,trainval,2297.jpg,2297.jpg,541,396,1,6664,0.03110588323157639,0.11353063319332798,52.09705547482518,69.51856364009784,b4f03cd7e55116e1d730173e91c4ad77,
trainval_2298,TN3K,nodule,trainval,2298.jpg,2298.jpg,539,397,1,9619,0.04495216909754513,0.014094878031754153,59.73744210549149,43.8777940303669,d525a924a02dc791f9a26bdbcaa66373,
trainval_2299,TN3K,nodule,trainval,2299.jpg,2299.jpg,410,348,1,996,0.006980656013456686,0.1550963604471755,101.43529950455978,55.954338379590695,15f6cffd3938843c88dc825316a8f712,
trainval_2300,TN3K,nodule,trainval,2300.jpg,2300.jpg,401,328,1,1390,0.010568091965208928,0.09654394916530165,77.87786820602494,57.50325405997202,47ebbaf365cecd0bfb7ee7fc40f3de1e,
trainval_2301,TN3K,nodule,trainval,2301.jpg,2301.jpg,418,513,1,78861,0.3677635076527043,0.19762159694447368,86.89377807423116,59.80179915498475,2b333980124b5ab230df74fab92d6cd6,
trainval_2302,TN3K,nodule,trainval,2302.jpg,2302.jpg,502,527,1,19743,0.07462748625989402,0.1396749139873976,62.31768013249703,34.0161895114041,8145676472e2533bc59d4988a071f508,
trainval_2303,TN3K,nodule,trainval,2303.jpg,2303.jpg,496,568,1,38629,0.13711452180826897,0.20167119193752575,94.35010944045024,53.10218011699228,e3e74c9f4c3d8c9bcbe5b641d7534a60,
trainval_2304,TN3K,nodule,trainval,2304.jpg,2304.jpg,496,527,1,12264,0.046918038807614616,0.1527464501457321,79.95018330590479,53.184646048846176,5064da4c936ed137458e9e5ff9618366,
trainval_2305,TN3K,nodule,trainval,2305.jpg,2305.jpg,915,655,1,14465,0.024135485754807492,0.128734618795214,98.81015555262422,58.41473657865098,f79737de32a8e74080553872dd4a7b7c,
trainval_2306,TN3K,nodule,trainval,2306.jpg,2306.jpg,254,235,1,14075,0.2358016418160496,0.044945645620912404,63.56566470429458,59.81846205394538,7f17edc3cd53f9842b6a23c4c3fbaa06,
trainval_2307,TN3K,nodule,trainval,2307.jpg,2307.jpg,439,318,1,10459,0.07492013008409622,0.060167235584301926,60.1196043841137,46.068272660850134,06b5c367d90dd747e6809b4448b586bb,
trainval_2308,TN3K,nodule,trainval,2308.jpg,2308.jpg,410,365,1,7171,0.047918476445038424,0.09326188375650558,38.048685912940456,33.52773137320414,afc8468e971385ecd4be6538e169ca87,
trainval_2309,TN3K,nodule,trainval,2309.jpg,2309.jpg,413,302,1,16838,0.13499991982425477,0.011756201774223781,113.060199214117,74.88397767907253,e6188f2ae28fa15e135a54e6b74b1ea1,
trainval_2310,TN3K,nodule,trainval,2310.jpg,2310.jpg,414,324,1,37955,0.2829590863004712,0.0858219105912847,44.5772370204617,39.63633923778851,5a7d791a97ae4a453665fe5de6242dea,
trainval_2311,TN3K,nodule,trainval,2311.jpg,2311.jpg,416,348,1,27094,0.18715461980548187,0.1831844355832352,68.66390979479337,66.2710750994695,5f0ab4a1c6eccedcbde98463789f9866,
trainval_2312,TN3K,nodule,trainval,2312.jpg,2312.jpg,523,365,1,37774,0.1978784148353807,0.011180447901199889,71.49179294907603,69.0877655255507,e80511fe8990b37dc39e607ebea401fa,
trainval_2313,TN3K,nodule,trainval,2313.jpg,2313.jpg,511,389,1,18764,0.09439628934646013,0.01325457774952517,83.63385968010414,63.493180869206505,a2f5cb2b5529671d550d847ea86696c7,
trainval_2314,TN3K,nodule,trainval,2314.jpg,2314.jpg,379,326,2,1589,0.012860773427003577,0.08934375079725683,103.46829474500686,70.52140764362142,12583c75037a0e2101092d76fadef04c,
trainval_2315,TN3K,nodule,trainval,2315.jpg,2315.jpg,409,341,1,9486,0.06801511446988219,0.052415408001403686,78.25499258421209,94.60409123174325,18696d4748a8dfa9b86469e90a64969f,
trainval_2316,TN3K,nodule,trainval,2316.jpg,2316.jpg,410,335,1,20960,0.15260283946123043,0.01708450398157723,71.57274752489981,60.87502002184201,94b4a27838a0187453dcfa10b22c830a,
trainval_2317,TN3K,nodule,trainval,2317.jpg,2317.jpg,406,313,1,500,0.003934591353342042,0.1608788597792058,167.7090814675842,85.23709060576968,03bfde81adfb5b7516a40aad4bec7af0,
trainval_2318,TN3K,nodule,trainval,2318.jpg,2318.jpg,376,337,1,304,0.0023991413599343393,0.08030242950174625,76.40235775089893,38.04800650293579,3c24de0f948351bc04935b2b0e5eb0f2,
trainval_2319,TN3K,nodule,trainval,2319.jpg,2319.jpg,416,325,1,400,0.0029585798816568047,0.054370941819350704,82.64753398015138,48.92604289940829,2793843e2ef12a03d796246dfa1275bb,
trainval_2320,TN3K,nodule,trainval,2320.jpg,2320.jpg,338,335,1,18773,0.1657952839353528,0.09493447312495096,116.22530175980175,74.3238011127793,320751a82350f74d61caad91b72a279b,
trainval_2321,TN3K,nodule,trainval,2321.jpg,2321.jpg,412,299,1,21638,0.17565022567133162,0.10785406748966665,60.98711196805458,40.89269247004578,bbbaeb7f43e984f534eb8ae3170f3445,
trainval_2322,TN3K,nodule,trainval,2322.jpg,2322.jpg,478,300,1,11491,0.08013249651324965,0.1407807708247423,77.79699086914808,38.92276150627615,bbd93bff7e7a1f62ec852595924659dd,
trainval_2323,TN3K,nodule,trainval,2323.jpg,2323.jpg,456,304,1,17669,0.1274598915050785,0.04084869055090505,84.63379519614479,39.90344384810711,10cc5464920455d3ebdd7e7822f458e0,
trainval_2324,TN3K,nodule,trainval,2324.jpg,2324.jpg,437,377,1,26521,0.16097821534576842,0.09568319886683524,60.28560925149093,29.19198902573005,245e8e46662840eebb409b7798e7a1f0,
trainval_2325,TN3K,nodule,trainval,2325.jpg,2325.jpg,432,345,1,21677,0.14544417606011809,0.14371084984495655,63.85462256677837,28.03564143853999,efbfd2535820cae10fbb7d514fe330fa,
trainval_2326,TN3K,nodule,trainval,2326.jpg,2326.jpg,412,342,1,2912,0.02066655311417703,0.034473168071877336,94.03785697969566,42.828067336626354,5531e2bb40b6cd38eeb566606091f3a6,
trainval_2327,TN3K,nodule,trainval,2327.jpg,2327.jpg,420,342,2,7486,0.052116402116402116,0.0906374721168071,79.68293146958032,24.001336675020884,08ca55892ee2afa5fa1666cb51106bd8,
trainval_2328,TN3K,nodule,trainval,2328.jpg,2328.jpg,1148,800,1,277565,0.30222669860627177,0.09745558676147684,37.61824596227911,31.25795949477352,65a054eace45c550cf9983358ce60924,
trainval_2329,TN3K,nodule,trainval,2329.jpg,2329.jpg,419,335,1,15482,0.11029815124853061,0.054844103937038854,72.60471865293623,63.12736793360168,a47aabfc3888b89fcdf441013bac40a1,
trainval_2330,TN3K,nodule,trainval,2330.jpg,2330.jpg,409,335,1,35781,0.2611465897894391,0.0059444127012622016,66.9456515459563,73.63077765208189,af79bf02405337773a7069c6c46876cd,
trainval_2331,TN3K,nodule,trainval,2331.jpg,2331.jpg,1221,759,2,64157,0.06922876883351192,0.23151344741506472,62.42855316737186,39.40939789951648,0bb4479d77096e2e33aec898cd0b5512,
trainval_2332,TN3K,nodule,trainval,2332.jpg,2332.jpg,1180,705,1,61815,0.07430580598629644,0.09590430834345517,29.85958355720884,25.59155908162039,7f2fda00bc5653bb8548394a4c56b535,
trainval_2333,TN3K,nodule,trainval,2333.jpg,2333.jpg,1301,695,1,111019,0.12278214323237797,0.11728868694564293,38.71414386263829,20.008698344936658,d8efb5da1c6387c7394d7330cf4b1bb1,
trainval_2334,TN3K,nodule,trainval,2334.jpg,2334.jpg,378,299,1,3526,0.031197465980074675,0.22383325112364458,153.3663616171328,64.45586699934526,589cbf84caf589994e9392e944fefd00,
trainval_2335,TN3K,nodule,trainval,2335.jpg,2335.jpg,374,309,1,3990,0.03452572555942059,0.1333931906634142,75.77916956973039,55.264134780125644,112d7904017350c876f36d39b1a29aa1,
trainval_2336,TN3K,nodule,trainval,2336.jpg,2336.jpg,410,335,1,3049,0.022198762286130325,0.12736534055125115,104.87688694349684,98.10958136148525,72c51832fed5a0aa173e627afa61c007,
trainval_2337,TN3K,nodule,trainval,2337.jpg,2337.jpg,408,334,2,4485,0.03291211694258542,0.15392793272548713,90.87926708383824,96.23715803686744,0d2544a9a1c91d5d66ca98112491d6f5,
trainval_2338,TN3K,nodule,trainval,2338.jpg,2338.jpg,413,339,1,14038,0.10026641525066604,0.09798630929610207,61.20599578670704,53.12628654281572,7a826116a6cc0725fc08c9e00c5c155a,
trainval_2339,TN3K,nodule,trainval,2339.jpg,2339.jpg,407,326,1,27898,0.2102621305075293,0.18340674652848774,90.51178521083818,69.9567386683951,fb43a82544827f3400b9b803307c22c6,
trainval_2340,TN3K,nodule,trainval,2340.jpg,2340.jpg,357,403,1,7993,0.05555671400073677,0.13215126936880492,52.118707514436935,67.05334640059498,c34e405647484ecc42fa810557859caf,
trainval_2341,TN3K,nodule,trainval,2341.jpg,2341.jpg,356,407,2,5067,0.034970874858515306,0.08954029597598756,61.161144240027696,45.050906882367556,4d3376505b3137869339e0341d99c16a,
trainval_2342,TN3K,nodule,trainval,2342.jpg,2342.jpg,427,340,1,1781,0.012267529962804793,0.2591812174539703,156.1671452514899,65.18073426091748,3ab63891682588c12a60fad647085e6f,
trainval_2343,TN3K,nodule,trainval,2343.jpg,2343.jpg,434,344,2,30762,0.20604704747615477,0.06364226501000236,97.28778394572919,56.50401886185832,bae7bfb2c9e6f3f18faeb162eaaf8a1f,
trainval_2344,TN3K,nodule,trainval,2344.jpg,2344.jpg,431,354,1,14965,0.09808355289892118,0.1616165037394153,85.74279659016248,61.451977401129945,be5fd177a9f718ab8eb507e652a3e5a6,
trainval_2345,TN3K,nodule,trainval,2345.jpg,2345.jpg,429,285,1,18608,0.15219400482558376,0.15018903364354075,69.53576435145753,44.84033860875966,6c0bbe060ccc27f07753708d527db5f7,
trainval_2346,TN3K,nodule,trainval,2346.jpg,2346.jpg,436,323,1,20375,0.1446800352202687,0.12082707683914104,55.819130115578545,40.986586474280685,40a2d4cb39e5ad9967022196b58289d5,
trainval_2347,TN3K,nodule,trainval,2347.jpg,2347.jpg,617,551,1,15173,0.04463080240140955,0.13112353533429894,98.17176576083143,62.95205122850159,ac4fdecfaa32b8fd1df1882190331de2,
trainval_2348,TN3K,nodule,trainval,2348.jpg,2348.jpg,403,338,1,12056,0.08850778921403087,0.19878336464328197,102.12595328856199,54.90978900847196,da824148c2880311359286d83c116fc6,
trainval_2349,TN3K,nodule,trainval,2349.jpg,2349.jpg,409,325,1,20655,0.15538837690426932,0.23706388635676806,131.79421160239536,56.97722023697574,c500210b852bceb8546bb2367dcc8c80,
trainval_2350,TN3K,nodule,trainval,2350.jpg,2350.jpg,383,344,2,15939,0.12097729066731434,0.05278027909716534,44.47943474500698,23.70114305665189,69fbabbe3e8d92330ed817014f5aea69,
trainval_2351,TN3K,nodule,trainval,2351.jpg,2351.jpg,404,311,2,9845,0.07835630829964026,0.1588105299114172,48.324801571971655,36.511850943936835,8f18043acf1d1e164e154ab4648f4169,
trainval_2352,TN3K,nodule,trainval,2352.jpg,2352.jpg,403,304,1,4716,0.03849418832440904,0.08330639679404359,51.58113537613586,40.675615449915114,d0f8312c64d1bee20fe79051abefe088,
trainval_2353,TN3K,nodule,trainval,2353.jpg,2353.jpg,402,278,2,14777,0.13222556283331544,0.1219176922756442,44.286141587695184,38.19912129997495,9a7933d8cef2b779a5c6fe448cd3a148,
trainval_2354,TN3K,nodule,trainval,2354.jpg,2354.jpg,399,296,1,12520,0.10600826390300075,0.13259945600046413,58.82130712554399,32.57038711643975,f754f38a0b801f29e6b3ca4d4a471504,
trainval_2355,TN3K,nodule,trainval,2355.jpg,2355.jpg,409,341,1,28664,0.20552237414766006,0.18589643327135227,79.30744060543304,39.121209731194746,13060a97202360c1b90d39fbf861be6c,
trainval_2356,TN3K,nodule,trainval,2356.jpg,2356.jpg,436,316,1,7873,0.057143479270700265,0.03340975921315985,57.561480340467966,39.823046103820694,338f77763f4d9a82d215de9b41602156,
trainval_2357,TN3K,nodule,trainval,2357.jpg,2357.jpg,415,345,1,4530,0.031639601885804086,0.08036534961991547,52.32487406772943,47.739682207089224,78f4375c29a767ce4e3f95c8557f185a,
trainval_2358,TN3K,nodule,trainval,2358.jpg,2358.jpg,407,329,1,61119,0.45644235005937134,0.15582291896241468,95.19637321758323,68.35302420408803,c993e6ad7ae9470456787dae0109ecbe,
trainval_2359,TN3K,nodule,trainval,2359.jpg,2359.jpg,433,380,1,60340,0.3667193387626109,0.008363993901048663,71.26798906158264,66.19856569831045,b7f5f7cc5637dcff92cc9a0887c940cd,
trainval_2360,TN3K,nodule,trainval,2360.jpg,2360.jpg,759,646,1,4782,0.009752933834236836,0.28165109721244475,101.98857340800593,73.32810607080361,1c34ae81f750b635bcdafcf4e257bc52,
trainval_2361,TN3K,nodule,trainval,2361.jpg,2361.jpg,963,736,2,48938,0.06904657095128448,0.3202082385879502,103.09905559672494,41.261728802654744,c3c19130295a90356a1070acfb10f440,
trainval_2362,TN3K,nodule,trainval,2362.jpg,2362.jpg,1034,682,1,57481,0.08151159690749134,0.4041944104428974,87.97865785238763,49.97174086910157,32d2bd39a24c21a075387afb40b2903c,
trainval_2363,TN3K,nodule,trainval,2363.jpg,2363.jpg,1169,684,1,3264,0.004082061441027719,0.25577691147760345,95.24045456697955,46.16936928148715,120e12883d46a366f2d11f108811f907,
trainval_2364,TN3K,nodule,trainval,2364.jpg,2364.jpg,415,333,1,65713,0.47550924418394297,0.264562128842683,67.49150252324905,90.0984984984985,cb1bd9a6cb3c63470427d11d9a136c1c,
trainval_2365,TN3K,nodule,trainval,2365.jpg,2365.jpg,410,335,1,2532,0.018434655988350927,0.1631101717226482,113.52428816819157,86.377102293411,6803b0c15a6ad63cc4807f9c411e4412,
trainval_2366,TN3K,nodule,trainval,2366.jpg,2366.jpg,431,353,1,15868,0.10429661568392894,0.2503481696451592,92.36999082934035,72.59008301400657,2786cd57d47aaa5d5ac058521d90f06c,
trainval_2367,TN3K,nodule,trainval,2367.jpg,2367.jpg,411,377,1,50149,0.3236526037935552,0.08427636220605958,46.545224569351674,20.98589840397039,b75cd7aeb0a0a9ace1690db54f55e2e0,
trainval_2368,TN3K,nodule,trainval,2368.jpg,2368.jpg,436,373,1,34381,0.21140885948299185,0.043098024118941626,62.497147764259374,86.21333964630936,f7228a314b723ae677f9db962af01ef6,
trainval_2369,TN3K,nodule,trainval,2369.jpg,2369.jpg,433,345,1,3628,0.02428624025169863,0.061381565029539946,71.04908890057149,42.55954078388058,885c6195b80b1d74e47ab97fb277f70f,
trainval_2370,TN3K,nodule,trainval,2370.jpg,2370.jpg,360,331,1,36790,0.308744545149379,0.06208790924136995,56.23762296156044,67.60178751258812,02a1180973cf3bf7934cb7b4aee07bec,
trainval_2371,TN3K,nodule,trainval,2371.jpg,2371.jpg,410,330,1,14928,0.11033259423503326,0.16282363879972223,75.41288158168784,58.709992609017,3feb96965f737bf20e61e61b821ad805,
trainval_2372,TN3K,nodule,trainval,2372.jpg,2372.jpg,412,325,1,697,0.00520537714712472,0.25023029448885953,232.3492496595807,60.82631814787155,72e8aa1a606373db4cca237f61ceb054,
trainval_2373,TN3K,nodule,trainval,2373.jpg,2373.jpg,457,337,1,4865,0.031589062976839014,0.15831975391542583,58.89105580076852,43.983273704783485,8dd80764e09b533c80bcea5291c0c1cf,
trainval_2374,TN3K,nodule,trainval,2374.jpg,2374.jpg,493,381,1,2774,0.014768437920919114,0.09441715777035226,70.48438156852528,74.63985029254711,6c8a52f99a27704252da2c22edd773cd,
trainval_2375,TN3K,nodule,trainval,2375.jpg,2375.jpg,1200,739,1,49849,0.056212223725755524,0.08961434664498304,54.840382191834514,67.62114682002706,f649b058ad68f46b952c40a920744730,
trainval_2376,TN3K,nodule,trainval,2376.jpg,2376.jpg,1252,787,1,47141,0.04784314601085531,0.0731793013382345,92.26105040059593,63.73822823761524,2de0b3ab466942ce24ac404b6d7645ed,
trainval_2377,TN3K,nodule,trainval,2377.jpg,2377.jpg,331,298,1,11561,0.11720635049372453,0.16586155099727606,60.49770416116504,60.540815912731404,934358e6b1016cb886e1874a6841b6d5,
trainval_2378,TN3K,nodule,trainval,2378.jpg,2378.jpg,325,300,1,3600,0.036923076923076927,0.11439468690702086,50.60691891086565,75.38563076923077,f5e9f597d99e99c2493b8e8fde5904d4,
trainval_2379,TN3K,nodule,trainval,2379.jpg,2379.jpg,328,294,1,3169,0.03286253525800564,0.15848453812863547,52.343319385731846,79.58984569437531,653c569ea7b88ab003bc6484927cbea3,
trainval_2380,TN3K,nodule,trainval,2380.jpg,2380.jpg,328,289,1,30998,0.32701071820406785,0.1606670196669984,79.8514582067634,81.41079415984471,93db60bb7eddb3df3ddb7829e5dd3112,
trainval_2381,TN3K,nodule,trainval,2381.jpg,2381.jpg,988,685,2,167838,0.24799491710747953,0.3099605902755085,61.0782878621119,65.18393717308432,97944818e9a3499a6202a58cae738516,
trainval_2382,TN3K,nodule,trainval,2382.jpg,2382.jpg,979,766,1,81694,0.10893782487058516,0.2990963166965924,62.56855318398855,58.559145448678116,d12b1b8a0496e81d69edf259654fbc66,
trainval_2383,TN3K,nodule,trainval,2383.jpg,2383.jpg,984,728,1,12822,0.01789902170999732,0.11568430980236313,36.32187344373488,74.73825298177432,37841abea4ec96c0e87c9157a74dc932,
trainval_2384,TN3K,nodule,trainval,2384.jpg,2384.jpg,979,674,1,44761,0.06783552525892406,0.09673794600108253,43.31022846641388,83.77223018704365,61ab4b5a1f4c95f80416ce4a52f5a6b1,
trainval_2385,TN3K,nodule,trainval,2385.jpg,2385.jpg,1121,750,1,142697,0.1697258400237883,0.02132328223307937,39.897281187519674,34.74198751115076,582814bb278c2517aeec30f332fe7b38,
trainval_2386,TN3K,nodule,trainval,2386.jpg,2386.jpg,364,403,2,6912,0.047119133967769206,0.04832205161476356,65.2006354520693,43.66386715021951,6424999370ab025e7c02b56f12cdbd0a,
trainval_2387,TN3K,nodule,trainval,2387.jpg,2387.jpg,407,335,1,2883,0.02114488980160622,0.10310418801086665,48.37030805036168,66.7693131394624,393483c3e09805db69ee937c3bd2943c,
trainval_2388,TN3K,nodule,trainval,2388.jpg,2388.jpg,414,335,1,25612,0.18467084865527436,0.09223720233182751,87.69063951978276,96.16926238373351,d6f3937c7bbffc347d1a5e1be480cbe2,
trainval_2389,TN3K,nodule,trainval,2389.jpg,2389.jpg,412,347,1,9706,0.06789121736940769,0.1916847975272878,74.30797900336646,47.70168713802076,61a7fd86fa4735df9dcd406d99490667,
trainval_2390,TN3K,nodule,trainval,2390.jpg,2390.jpg,414,339,1,8539,0.060842489276502355,0.08745426091942705,45.915982225927465,31.60496202243028,0618be2943f1fe85ee31aa46a374e51a,
trainval_2391,TN3K,nodule,trainval,2391.jpg,2391.jpg,433,367,1,59566,0.3748387462164356,0.053109542128661875,70.68829358170346,41.65389431820327,7a4f74c77bd185fc8f282f48a1adfa06,
trainval_2392,TN3K,nodule,trainval,2392.jpg,2392.jpg,432,385,1,38529,0.23165584415584414,0.02047958841935972,72.9104673441014,27.68202861952862,b778afaafd452d791bf7f0c9fb184fcb,
trainval_2393,TN3K,nodule,trainval,2393.jpg,2393.jpg,413,323,1,2615,0.019602845598542716,0.07212366011764361,72.3490487710049,72.62627905756415,caa7f7964e4e1049879b24faa4232caa,
trainval_2394,TN3K,nodule,trainval,2394.jpg,2394.jpg,399,340,2,6777,0.04995577178239717,0.11535167278033163,89.53336582981653,61.46106442577031,fa7005c7473ec6e652c5c6d9c3031af8,
trainval_2395,TN3K,nodule,trainval,2395.jpg,2395.jpg,280,297,2,3913,0.047053872053872056,0.12206132609848017,87.95927188644532,50.75661375661376,d960c433eb07c3302e74506e440ae57d,
trainval_2396,TN3K,nodule,trainval,2396.jpg,2396.jpg,406,336,1,1475,0.010812514661036828,0.021366626544270097,96.57279937045013,63.35017886464931,0e8f544b3be411f13a6fbcca8a3766af,
trainval_2397,TN3K,nodule,trainval,2397.jpg,2397.jpg,412,345,1,27445,0.19308428310116788,0.16270951378015974,72.53785161921257,24.138750527648796,e303513c9db6cea1b1bc22164d7dcbcd,
trainval_2398,TN3K,nodule,trainval,2398.jpg,2398.jpg,402,331,1,7726,0.05806315852760367,0.05932869238543191,57.633163993147456,40.39721332912477,4f610aa98e4d7610330d1c05229a188a,
trainval_2399,TN3K,nodule,trainval,2399.jpg,2399.jpg,508,321,1,16258,0.09970073834228665,0.025405035607779864,60.46690564019315,63.1882711506856,5cb5e5a5e3dc31b12f0964a86d06aec5,
trainval_2400,TN3K,nodule,trainval,2400.jpg,2400.jpg,501,318,1,22842,0.14337363009829399,0.07357804748408746,70.2348651283499,88.103804968679,b2167034422fcea95202431558b2e792,
trainval_2401,TN3K,nodule,trainval,2401.jpg,2401.jpg,465,370,1,5726,0.03328102295844231,0.057668591348171025,64.75205710937313,47.41321127579192,73b10657c73bfc22e4aa946d90bacc7e,
trainval_2402,TN3K,nodule,trainval,2402.jpg,2402.jpg,464,369,1,6784,0.03962246519016914,0.08300828918678513,76.24872728100112,53.62686314363144,9aac48ba2c3a71165ecb7c76a0fafe6a,
trainval_2403,TN3K,nodule,trainval,2403.jpg,2403.jpg,492,321,1,6377,0.04037813742623408,0.08971879200092488,99.58294488193822,35.768020413849,402cb7edbd75afbda0a1af4b2303f29c,
trainval_2404,TN3K,nodule,trainval,2404.jpg,2404.jpg,1218,707,1,23820,0.027661457208352783,0.08314311023916457,34.380652785161196,29.891334136932343,409885611050c332fbdd9b662a664528,
trainval_2405,TN3K,nodule,trainval,2405.jpg,2405.jpg,1252,690,1,25338,0.029330462564245034,0.16093427250463174,68.09341510184076,34.03204380237996,3a432d5220da04316d9982c5b093bf5c,
trainval_2406,TN3K,nodule,trainval,2406.jpg,2406.jpg,412,338,1,3639,0.02613172861492503,0.24443710867920151,130.82024111173897,71.04320819210662,66fd71fe21ab13d345d9f7da8faa7c9b,
trainval_2407,TN3K,nodule,trainval,2407.jpg,2407.jpg,470,334,1,4550,0.028984584023442478,0.1586413746785264,75.35788157809405,94.36709134921647,9119ccd26422cf2ce5acc1861236fa70,
trainval_2408,TN3K,nodule,trainval,2408.jpg,2408.jpg,467,336,1,7394,0.04712195370653615,0.227543440078142,65.94613298967654,86.05331013561742,ddbc2555a3b979892e29e130ed3c3847,
trainval_2409,TN3K,nodule,trainval,2409.jpg,2409.jpg,416,297,1,1784,0.01443926443926444,0.058526611859845944,86.65489065120398,36.3014843952344,5dfe0f6209388b42ecdfa8f589da9e1c,
trainval_2410,TN3K,nodule,trainval,2410.jpg,2410.jpg,431,360,2,54507,0.3512954369682908,0.24900923269782313,105.73534138783323,65.72700438257283,f80dd23c64a9083f6c2bfe9f87e28b90,
trainval_2411,TN3K,nodule,trainval,2411.jpg,2411.jpg,365,329,1,79689,0.6636049464962318,0.24625577726546083,117.30879007508614,52.531523504184534,4fa0909d02347d775084e5f3aba65aa6,
trainval_2412,TN3K,nodule,trainval,2412.jpg,2412.jpg,365,327,1,5675,0.04754723304427967,0.05410314003729353,74.90712996310579,70.41301160403837,70612dedfcb5b255a6d9a3a1859cca7a,
trainval_2413,TN3K,nodule,trainval,2413.jpg,2413.jpg,414,343,1,8016,0.056449909156209066,0.18328351336301316,93.22063909716071,90.97397923972902,9b1db40770b2313c914c96968ac9e5b0,
trainval_2414,TN3K,nodule,trainval,2414.jpg,2414.jpg,411,348,2,8331,0.058247336185921636,0.08534346164479661,68.06616367517117,101.21651704561344,be58186f60b6186a50e28709d1d4831c,
trainval_2415,TN3K,nodule,trainval,2415.jpg,2415.jpg,414,342,1,28358,0.2002853349153883,0.021701535907054252,58.72546660820867,50.79667062180411,64452be69b16a0db851630ca7fb396c1,
trainval_2416,TN3K,nodule,trainval,2416.jpg,2416.jpg,414,345,1,29284,0.2050269551214731,0.06029021372905734,86.4370106025073,52.18442904151789,f32561ed67ddeb5672d8bec96f8b02c0,
trainval_2417,TN3K,nodule,trainval,2417.jpg,2417.jpg,411,332,1,6247,0.04578166681323836,0.21369255680154484,82.57876499379873,64.94351127136282,c15c165ddae7a149b435cf3e703bd638,
trainval_2418,TN3K,nodule,trainval,2418.jpg,2418.jpg,413,334,1,47558,0.3447680909367705,0.014090951413104326,74.5869035631479,78.27236084731264,a1aace80209f688a74cfa69339c4f463,
trainval_2419,TN3K,nodule,trainval,2419.jpg,2419.jpg,412,335,1,1208,0.008752354731198377,0.1293895092723557,115.01637907559919,61.96471525865817,95fdbe258adc649eae3bf0b0ae9852a5,
trainval_2420,TN3K,nodule,trainval,2420.jpg,2420.jpg,356,360,1,11336,0.08845193508114857,0.03425064223594431,56.04477541749542,43.31623751560549,f6422002d76e6bfd7ed63594f216782d,
trainval_2421,TN3K,nodule,trainval,2421.jpg,2421.jpg,354,368,1,15183,0.11654845246868091,0.09252666069151999,66.79313565584557,40.59840180545321,030a836353c5c2c43161beb1f9878575,
trainval_2422,TN3K,nodule,trainval,2422.jpg,2422.jpg,413,335,1,15108,0.10919735463120234,0.1123021982826361,70.56506167251138,55.700964909110624,431707bf66a6ec86689622276b0772ad,
trainval_2423,TN3K,nodule,trainval,2423.jpg,2423.jpg,414,335,1,25271,0.1822121277669623,0.25330653199610664,91.22768623798574,60.62862499098709,dd1bec8f6fc2867659626795a88ff909,
trainval_2424,TN3K,nodule,trainval,2424.jpg,2424.jpg,357,390,3,13583,0.09755799755799756,0.07662261743850747,48.442444812141694,46.620175249587014,bfa65cfc702ae05abb13d1db507b00a9,
trainval_2425,TN3K,nodule,trainval,2425.jpg,2425.jpg,354,382,1,3080,0.022776348093590085,0.13673501788788825,73.38918158943373,51.597561155973615,f146cd5969fdd25735275b0c48d9dfc6,
trainval_2426,TN3K,nodule,trainval,2426.jpg,2426.jpg,431,404,2,37012,0.2125611633089063,0.1026854297524306,51.51580836076435,57.742063127426434,efb31907498d93d18f1356f070821775,
trainval_2427,TN3K,nodule,trainval,2427.jpg,2427.jpg,435,352,1,1207,0.007882706374085684,0.09653124472888057,82.52418276762911,21.08412356321839,418d5b59fec1f939c38ce1422d212a8d,
trainval_2428,TN3K,nodule,trainval,2428.jpg,2428.jpg,433,390,1,15454,0.0915141825072541,0.015114279371133467,68.03758251562887,57.80728963107716,917708f777aa5b64bba93871a6443d09,
trainval_2429,TN3K,nodule,trainval,2429.jpg,2429.jpg,392,341,1,6702,0.05013765036806511,0.1633162802403082,77.42766392164505,73.61239451792447,37192e231182f6e4ae64101bf94056d5,
trainval_2430,TN3K,nodule,trainval,2430.jpg,2430.jpg,408,335,1,2222,0.016256950541410593,0.16048446078811487,77.16232844304801,61.60157301726661,9c3191e92ffb5d164d1ce8aec19385cf,
trainval_2431,TN3K,nodule,trainval,2431.jpg,2431.jpg,412,340,1,26578,0.1897344374643061,0.11113126399864995,90.58505324521525,77.32966876070817,ea46a393e275ab375f4aca5d697e3e48,
trainval_2432,TN3K,nodule,trainval,2432.jpg,2432.jpg,980,677,1,33972,0.051204292647635125,0.11812370261009827,54.381438436434365,55.5583305700419,d11f9542b9c0d230997b05fbd808be1a,
trainval_2433,TN3K,nodule,trainval,2433.jpg,2433.jpg,982,697,1,60952,0.08905200349475641,0.13386333332601338,72.49009135378449,43.63925990643637,84be9a66f2d7671fa147cfe69655cfa9,
trainval_2434,TN3K,nodule,trainval,2434.jpg,2434.jpg,979,811,1,34160,0.043024349817184296,0.1453601807371988,43.59287942660747,56.97860873661314,e66dddf78ec5447b3702b0631ac417af,
trainval_2435,TN3K,nodule,trainval,2435.jpg,2435.jpg,1200,678,1,64640,0.07944936086529007,0.21104096943299452,96.72067361030305,62.529288348082595,3e2227548c4b9827d3f3992f862c133b,
trainval_2436,TN3K,nodule,trainval,2436.jpg,2436.jpg,412,336,1,1497,0.010813973647711512,0.12605151904692163,71.51374337023147,74.8502008206195,028f829f05304b74593fa2b8c038802f,
trainval_2437,TN3K,nodule,trainval,2437.jpg,2437.jpg,351,370,1,87174,0.6712404712404713,0.08096507573067982,57.51623221018697,53.241518441518444,6d4c261b989029c4faae4facfe9df4d1,
trainval_2438,TN3K,nodule,trainval,2438.jpg,2438.jpg,412,334,1,19640,0.14272426021742923,0.07576561023976851,77.94901343616365,75.97429655252601,de11336472e713051a0c92c7e4dc9a50,
trainval_2439,TN3K,nodule,trainval,2439.jpg,2439.jpg,413,330,1,49053,0.35991635483160905,0.026846736318916434,105.94595447964618,104.7775625504439,f039fddd5aae69c8c35e7243ae964b8c,
trainval_2440,TN3K,nodule,trainval,2440.jpg,2440.jpg,389,351,1,1544,0.011308124418664264,0.112150312934026,56.265998696121336,74.48591977383751,949b43f566f6a73d68ee1bc8841ab79a,
trainval_2441,TN3K,nodule,trainval,2441.jpg,2441.jpg,411,325,1,2402,0.017982406887516376,0.11585706486204338,135.36963017693736,62.98135130076736,2754ddbaf28eebdf28ebf10088a88066,
trainval_2442,TN3K,nodule,trainval,2442.jpg,2442.jpg,413,313,1,1501,0.011611445899635644,0.10435152904095178,91.58620207589951,72.47682739094446,2066c29661314c63fcd736d72a75445d,
trainval_2443,TN3K,nodule,trainval,2443.jpg,2443.jpg,416,336,1,2704,0.019345238095238096,0.14246668609987514,99.22354425186802,66.25443566849818,23e748019b56c8a9bc6bb43cf3220d66,
trainval_2444,TN3K,nodule,trainval,2444.jpg,2444.jpg,292,248,1,1681,0.023213102076889085,0.2176331279117386,103.25636961836824,69.45715035351303,a9d6cf7483b6a6e0f10da3265fd32a29,
trainval_2445,TN3K,nodule,trainval,2445.jpg,2445.jpg,412,339,1,21964,0.15725864192227282,0.07130341576178331,83.4481835874205,101.81493971417935,89a53a350ae55439f1727eecc141e4d2,
trainval_2446,TN3K,nodule,trainval,2446.jpg,2446.jpg,943,702,1,36402,0.05498907831887683,0.10981991691931832,28.949221255322886,19.574027245289177,942fad09cb05df0d7b1a046e13c49488,
trainval_2447,TN3K,nodule,trainval,2447.jpg,2447.jpg,947,632,1,58826,0.09828839907502707,0.22461806989660363,52.78356166259906,29.479569058853407,9b8a8c666a35b26875002b38f2a86f3a,
trainval_2448,TN3K,nodule,trainval,2448.jpg,2448.jpg,407,330,1,15475,0.1152185243094334,0.0862072886486375,67.56958743475411,53.80309731218822,873548f31e8d424f502f7f27ca8174cb,
trainval_2449,TN3K,nodule,trainval,2449.jpg,2449.jpg,415,335,1,30993,0.22293112749505484,0.1796985232404214,92.02294882274686,72.82590900917101,b42abdc3dc1728832457d016b25c263c,
trainval_2450,TN3K,nodule,trainval,2450.jpg,2450.jpg,539,365,1,5451,0.027707322032175262,0.13136651184154985,74.88896222325249,40.29681551325387,c91d878ce9e7df0257039efa7c00e516,
trainval_2451,TN3K,nodule,trainval,2451.jpg,2451.jpg,435,318,1,8350,0.06036290031085086,0.030170220452271336,89.35265016067609,91.66919684811683,2bd38f4e36d60d30fa4dee6711941740,
trainval_2452,TN3K,nodule,trainval,2452.jpg,2452.jpg,433,324,1,1595,0.011369144356057365,0.28315658730588333,119.79628592882945,91.43837139680096,e5e11712b10f97742b0463c7493fd61f,
trainval_2453,TN3K,nodule,trainval,2453.jpg,2453.jpg,1119,780,1,117148,0.13421782268967256,0.11544968097710617,54.15630096096284,48.14734194908458,f8a13c35de75e0b1f20ffa9b1f446a7e,
trainval_2454,TN3K,nodule,trainval,2454.jpg,2454.jpg,1114,762,1,46301,0.05454440501939053,0.13772660326400343,41.59740118079234,46.39240612203546,60d84655fb1ea5ff357e98575e5fb20f,
trainval_2455,TN3K,nodule,trainval,2455.jpg,2455.jpg,434,305,1,3251,0.024559945607010653,0.13176541313223236,58.985209262375626,41.58563118531389,a50be94f7b6ca2b19e60b539294ccb93,
trainval_2456,TN3K,nodule,trainval,2456.jpg,2456.jpg,433,279,1,8479,0.07018633026231924,0.017724442555713912,100.94368949804458,57.54092064201578,baeb880e3a711a5915911bf080006f56,
trainval_2457,TN3K,nodule,trainval,2457.jpg,2457.jpg,358,243,1,3112,0.03577258201715061,0.4295753669802648,207.40229920715316,66.72321079614686,13809319e1110c9df3ac853ae5ff5041,
trainval_2458,TN3K,nodule,trainval,2458.jpg,2458.jpg,507,349,1,9237,0.05220325189467795,0.16304917626451074,104.9365952174787,53.45080619182448,0baf3b67f7232e1f566900064df696bc,
trainval_2459,TN3K,nodule,trainval,2459.jpg,2459.jpg,510,333,1,2774,0.01633398103986339,0.1278421170172488,63.2587454482671,52.915633280339165,d3f94d29e44e8cbf73ad6aa10b123b64,
trainval_2460,TN3K,nodule,trainval,2460.jpg,2460.jpg,499,306,1,18985,0.12433363458944031,0.06648251159072426,75.68385964380387,54.37503765701337,4455d7974c6670b0490a49e2fd42e552,
trainval_2461,TN3K,nodule,trainval,2461.jpg,2461.jpg,406,324,1,3730,0.028355531229094448,0.05309703937292261,62.58876920599375,32.36660737091771,6102266bc7bee15a43e376d29a472b1f,
trainval_2462,TN3K,nodule,trainval,2462.jpg,2462.jpg,483,347,1,38391,0.22906187910573325,0.01970451353906058,82.61449353742678,40.00807871074755,32f5dc845ebc5c228090c340bd306219,
trainval_2463,TN3K,nodule,trainval,2463.jpg,2463.jpg,374,334,1,1098,0.00878990681738128,0.1885393672658248,90.31509013233403,62.97413461846361,7d562be8acc98c976145dd326a33bc51,
trainval_2464,TN3K,nodule,trainval,2464.jpg,2464.jpg,428,321,1,3786,0.027556991877019828,0.06082182476794207,96.5965454053474,51.75719131219611,8864b8fcb4293d73c07b7ccd1da573b8,
trainval_2465,TN3K,nodule,trainval,2465.jpg,2465.jpg,424,391,1,63861,0.38520605124740626,0.016785213480374286,47.32094715106079,46.63878299474015,488068ea39913c0eee3fa1a0e67abf6c,
trainval_2466,TN3K,nodule,trainval,2466.jpg,2466.jpg,413,337,1,20219,0.14527126547445413,0.04465226205702426,45.139129680641275,27.289048074090573,11cdd288419cefb89907f595b5dcb363,
trainval_2467,TN3K,nodule,trainval,2467.jpg,2467.jpg,951,650,1,36684,0.059344819218636255,0.10958456482110325,37.210220629442766,28.10247836285691,7e0dbb62a0f91693d15d5ea4abe73d61,
trainval_2468,TN3K,nodule,trainval,2468.jpg,2468.jpg,965,714,1,32535,0.0472199242391257,0.10799194166678505,48.968876467986235,30.543890509571703,add4a6e3ce377b8657a1a5c77af45946,
trainval_2469,TN3K,nodule,trainval,2469.jpg,2469.jpg,960,726,1,29123,0.041785755280073465,0.10713221101405164,44.32777664865984,27.48015811524334,9b158518c9fa20af50f0350bdac970e9,
trainval_2470,TN3K,nodule,trainval,2470.jpg,2470.jpg,431,331,1,2489,0.017446954668760208,0.08430619110310442,50.503652222708055,79.45883598180302,5ff9f1e8dd13761049af592c7a5e7d0f,
trainval_2471,TN3K,nodule,trainval,2471.jpg,2471.jpg,428,320,1,9735,0.07107914719626168,0.0964228387735012,65.7948562188967,70.47501460280374,ff8cf317ae92bd92aaadfa4d1eb18b0a,
trainval_2472,TN3K,nodule,trainval,2472.jpg,2472.jpg,428,335,1,13216,0.0921746408146185,0.06218394405770476,69.50440248885378,73.39400892732598,7ada2ec3f1cb639485d0dee0abb085eb,
trainval_2473,TN3K,nodule,trainval,2473.jpg,2473.jpg,1175,764,1,69008,0.0768720062381642,0.01819356231462481,52.27663299407474,27.923159184582822,41135adddfd496b918a485a3069ffcfd,
trainval_2474,TN3K,nodule,trainval,2474.jpg,2474.jpg,409,308,1,6951,0.05517892865081129,0.08213402306137849,55.793693060357924,62.74449083923412,ef527c9584ca2f0acd700b42a1311b19,
trainval_2475,TN3K,nodule,trainval,2475.jpg,2475.jpg,399,343,1,20016,0.14625484995287052,0.08492183406974607,90.85444140406315,86.49076042876871,b051a8362ca2959abe73cc6984d5c99d,
trainval_2476,TN3K,nodule,trainval,2476.jpg,2476.jpg,401,338,1,13338,0.0984078265873777,0.01644464685438631,65.27123355753474,75.01446088919712,4df6f2f4f5a279ce2a5389d6f5a0c72f,
trainval_2477,TN3K,nodule,trainval,2477.jpg,2477.jpg,403,336,1,15600,0.1152073732718894,0.17041933938798906,61.71560162205501,29.597401926030958,2d761090fc05f85de0c7ba163007a6b7,
trainval_2478,TN3K,nodule,trainval,2478.jpg,2478.jpg,409,333,1,11620,0.08531759143006087,0.1491423973356034,49.1121963015445,23.371153549637658,b60b7b40eed0fd64ec6eadc780c7757a,
trainval_2479,TN3K,nodule,trainval,2479.jpg,2479.jpg,413,329,2,15623,0.1149789883497575,0.06713346817950527,83.82736232736477,86.33500886831473,10dd278efac4ff8c38d988a9732ca9bf,
trainval_2480,TN3K,nodule,trainval,2480.jpg,2480.jpg,482,342,2,14007,0.08497124554123898,0.18612422599429876,101.34036218236943,39.87398995413846,93559bff9719220b8d76a233d035ef8d,
trainval_2481,TN3K,nodule,trainval,2481.jpg,2481.jpg,1295,723,1,210692,0.22502977191773874,0.3090192257551396,74.07387682983823,44.10845202048522,de58fbd71d27242a0939976fa0bf5c26,
trainval_2482,TN3K,nodule,trainval,2482.jpg,2482.jpg,1103,765,1,200124,0.2371713508612874,0.01358159054056999,54.88289025836914,34.60931979924034,4b131e38e3f8b33d3653ed2146c18ae5,
trainval_2483,TN3K,nodule,trainval,2483.jpg,2483.jpg,1106,782,1,113683,0.1314418447621206,0.025610856981585935,104.57460367403162,35.09771509043904,5c471ba76f9b768d85e48738b3e71872,
trainval_2484,TN3K,nodule,trainval,2484.jpg,2484.jpg,950,719,1,45514,0.0666334821755362,0.033617895776183605,24.628696253299456,21.818620891589195,597e342e02a0dc05bd9c0c0d91e03bd3,
trainval_2485,TN3K,nodule,trainval,2485.jpg,2485.jpg,979,702,1,62340,0.09070829295548397,0.023682469415653468,30.324756503743583,29.35736652028787,6d694e307a67ccaef235e40bd6053cf1,
trainval_2486,TN3K,nodule,trainval,2486.jpg,2486.jpg,409,342,1,15155,0.10834441441827879,0.15751651237862352,83.88202898748727,37.217746893721674,4f264c83e116bb0929fa8b7138cc8b35,
trainval_2487,TN3K,nodule,trainval,2487.jpg,2487.jpg,409,338,1,538,0.00389172610349966,0.08436028255383829,53.17899992755746,58.422266749612994,b24d17cc2a44f8cba0f8466547bd19ba,
trainval_2488,TN3K,nodule,trainval,2488.jpg,2488.jpg,408,316,1,1388,0.010765698684537106,0.0825551324829701,129.30328536544246,71.02806217423678,297b042ca31087b0047d6ec1db4904eb,
trainval_2489,TN3K,nodule,trainval,2489.jpg,2489.jpg,432,370,1,12745,0.07973598598598598,0.047127003410230316,41.9555991147489,46.20231481481481,c623b5c71166389959fa79687b8dd408,
trainval_2490,TN3K,nodule,trainval,2490.jpg,2490.jpg,365,401,1,65652,0.44854985823113447,0.20022917602089743,72.92619064991031,67.27614525330509,bd7496510a1bdb6cc2dbf443f77d3a4a,
trainval_2491,TN3K,nodule,trainval,2491.jpg,2491.jpg,399,326,1,34252,0.2633270292295155,0.2623405268858472,79.42152692880919,93.9829635438289,500589ed481f8ce2c7ca1b87f94b3f19,
trainval_2492,TN3K,nodule,trainval,2492.jpg,2492.jpg,413,308,1,1311,0.010306279676739725,0.30296515336061963,115.57650460812343,109.14111191471966,db7cb8d10f6c4535a52e6e2de0573cc2,
trainval_2493,TN3K,nodule,trainval,2493.jpg,2493.jpg,398,333,1,3570,0.026936484222916383,0.2082424502258547,96.89613659141351,88.29083103203706,118d054fe1778b6cf42d8dc549aeba7e,
trainval_2494,TN3K,nodule,trainval,2494.jpg,2494.jpg,407,325,1,1815,0.013721413721413722,0.11250615663763368,51.31559697318174,63.657516537516535,56b580671372c558e2f2e9d7a18b0af3,
trainval_2495,TN3K,nodule,trainval,2495.jpg,2495.jpg,407,316,1,1126,0.008755015084129009,0.0031094702345622043,64.87659111129348,63.15643952352813,d7c25c7842be0d6d0d0959d7845c26a6,
trainval_2496,TN3K,nodule,trainval,2496.jpg,2496.jpg,408,326,1,21651,0.16277968242511728,0.32976750390466053,100.2718480366658,79.09116744857452,070ed4f26d81b3ec47c030bc444c785b,
trainval_2497,TN3K,nodule,trainval,2497.jpg,2497.jpg,416,344,1,5126,0.035820102862254025,0.03555193439061149,48.08154714325736,26.906508553220036,6d98b3e0368162a85460b154858e0d02,
trainval_2498,TN3K,nodule,trainval,2498.jpg,2498.jpg,348,320,1,22720,0.20402298850574713,0.23601691355849275,108.92065526678276,58.34747665229885,49ce598a882c2f5fc30e6f3dfd9a3fc9,
trainval_2499,TN3K,nodule,trainval,2499.jpg,2499.jpg,408,369,1,28054,0.18634093203677135,0.10910977883646587,64.6324626097285,50.47671236516287,871610dd7fbc41eddac5886573e7cb99,
trainval_2500,TN3K,nodule,trainval,2500.jpg,2500.jpg,407,381,1,24116,0.15551987205530513,0.07989523190056862,59.086683919030264,45.45416497385001,9a75a6a24d51e2f81d397cf63c540fa7,
trainval_2501,TN3K,nodule,trainval,2501.jpg,2501.jpg,428,337,1,419,0.0029049613134030337,0.12309968587673734,109.42974607850101,42.421399650572674,9261ac1fbe6aa9ac18e3e318708f9cf1,
trainval_2502,TN3K,nodule,trainval,2502.jpg,2502.jpg,411,326,1,22808,0.17022674010717537,0.07539685396370079,81.91758883920757,89.8499843267207,db8929719e18c3b19f7b989055bac756,
trainval_2503,TN3K,nodule,trainval,2503.jpg,2503.jpg,411,329,1,75856,0.560986251932051,0.25078586977908235,99.68443538289112,67.6288391424282,3ec17107838f8a02287bf932638b9d4a,
trainval_2504,TN3K,nodule,trainval,2504.jpg,2504.jpg,1252,698,1,17675,0.020225518826038798,0.24085287735614194,50.26941529093719,99.15846622481394,53a31dd024d1853ca92225f4cfd598df,
trainval_2505,TN3K,nodule,trainval,2505.jpg,2505.jpg,497,374,1,1260,0.00677863975295624,0.1287951905908562,75.45335135734103,71.18428754344248,394e458853d3fe9b8b682956d0804dc7,
trainval_2506,TN3K,nodule,trainval,2506.jpg,2506.jpg,494,382,1,1049,0.005558852830828582,0.1261971423229586,74.59021648238041,45.422409224834134,3de50dc71c6071d6e00731b9e9e51199,
trainval_2507,TN3K,nodule,trainval,2507.jpg,2507.jpg,428,370,1,75157,0.4745958575397828,0.05368580904022661,54.30184399821699,58.13556453649912,8cdd551b8707b3ddafe959f6d4f88ed1,
trainval_2508,TN3K,nodule,trainval,2508.jpg,2508.jpg,441,347,1,6366,0.04160050187221863,0.0976083064247129,73.7800140409101,68.59158841250238,733ef0856b35945521607822b3301e33,
trainval_2509,TN3K,nodule,trainval,2509.jpg,2509.jpg,428,349,3,20308,0.13595586856974534,0.10343283408975837,72.90088709641347,61.146540181560134,0ee17cdb3aaf4938321c12a9030a279c,
trainval_2510,TN3K,nodule,trainval,2510.jpg,2510.jpg,411,382,1,32919,0.20967248824855733,0.1854175594624807,56.613066197762,31.71394631915517,406e8dd42417d5b8de6ecac7af2177dc,
trainval_2511,TN3K,nodule,trainval,2511.jpg,2511.jpg,378,262,1,7211,0.07281190678137243,0.22636689105037439,76.17330095040552,87.59773213780848,c48184e3f40303deeed1b450ab10ea96,
trainval_2512,TN3K,nodule,trainval,2512.jpg,2512.jpg,403,315,1,31148,0.24536610343061957,0.11745586612598889,75.94768712750506,81.63932411674347,4b741351b7fd6de63786bdfcf2dc766b,
trainval_2513,TN3K,nodule,trainval,2513.jpg,2513.jpg,411,306,1,36772,0.2923842691983525,0.09032001416226289,59.92882034813305,75.98882845920201,d9d387fce766dbbc5e8d48146f3a7dd4,
trainval_2514,TN3K,nodule,trainval,2514.jpg,2514.jpg,441,322,1,16365,0.11524485570625766,0.10259106837102165,47.16239985785075,55.10832946014845,3a040699f856a8aa692d86b6b133e7b6,
trainval_2515,TN3K,nodule,trainval,2515.jpg,2515.jpg,417,332,1,28956,0.2091531594001907,0.06882177243667569,76.49660056951421,80.33108693767878,74ddbc276b9092bc4993b8017e5f4a83,
trainval_2516,TN3K,nodule,trainval,2516.jpg,2516.jpg,411,333,1,11389,0.08321460146277665,0.14322997886214203,93.01567391795186,84.49224406888641,3347ca9c3016683dc40be48ea43eb8fe,
trainval_2517,TN3K,nodule,trainval,2517.jpg,2517.jpg,413,336,1,45144,0.32531995849187134,0.058430872648311295,94.22565845206898,110.89718090626081,746b44e4439f5509c9474e52d59ea8a1,
trainval_2518,TN3K,nodule,trainval,2518.jpg,2518.jpg,410,338,1,24066,0.1736614230047626,0.0036097626950722167,65.46318811291995,81.0332731995959,88fff9aba5223a99c9d8aae3a57280b6,
trainval_2519,TN3K,nodule,trainval,2519.jpg,2519.jpg,409,325,1,27795,0.20910287756253526,0.1715928287417746,76.4952703667179,65.64966710551063,89f03655dc970909440946fcb7591d30,
trainval_2520,TN3K,nodule,trainval,2520.jpg,2520.jpg,411,333,1,14233,0.10399450545435947,0.1453119273169435,77.85299366333383,65.27533372788847,d7a27c0e2014f5fcb3043c48c4605431,
trainval_2521,TN3K,nodule,trainval,2521.jpg,2521.jpg,412,330,2,26456,0.19458664313033244,0.16635381276792544,107.37058142216632,76.78848190644307,e5aaea3ad5fe891b2b447b3ab028f7ae,
trainval_2522,TN3K,nodule,trainval,2522.jpg,2522.jpg,419,331,1,37009,0.266848848863284,0.2556675482586986,68.90756068805908,70.54747672850768,49cf6715e4b73d43db7d877aaf5f098c,
trainval_2523,TN3K,nodule,trainval,2523.jpg,2523.jpg,411,335,1,37101,0.26946290445582305,0.3189161974565992,82.7120828872639,70.32848894215056,c401ac7a54de14729866e61f3511673f,
trainval_2524,TN3K,nodule,trainval,2524.jpg,2524.jpg,414,329,1,573,0.004206863133782652,0.14014866641906995,181.23655820185644,72.17937535791374,ddf4fe6b42ad431ad048b64c675b5fb1,
trainval_2525,TN3K,nodule,trainval,2525.jpg,2525.jpg,382,278,1,11240,0.10584202794832197,0.1402707405739295,52.87499661800594,29.002523635541827,5f5f4491173b5b2a1e413b4f461b0f60,
trainval_2526,TN3K,nodule,trainval,2526.jpg,2526.jpg,395,270,1,9565,0.08968588842006564,0.14292486767074744,56.79509381994463,34.905954055321146,6c258fda94c7c430542450391a0d94e7,
trainval_2527,TN3K,nodule,trainval,2527.jpg,2527.jpg,384,301,2,15873,0.13732869601328904,0.06393894102778831,68.96193719568343,41.020210409745296,ed66a2064464139500fb98257a66d7da,
trainval_2528,TN3K,nodule,trainval,2528.jpg,2528.jpg,411,326,1,1584,0.011822130670368546,0.05609339092879297,80.77893144680158,40.598965563566345,1a7d16e5c381ade68e7dcbf98acc5b42,
trainval_2529,TN3K,nodule,trainval,2529.jpg,2529.jpg,406,329,1,47006,0.3519098028059353,0.146083397196778,99.96338582370475,57.80372677317442,58af63df570292d7def243a6a5b6c598,
trainval_2530,TN3K,nodule,trainval,2530.jpg,2530.jpg,354,387,2,8888,0.06487685951619732,0.09212226530490468,45.08945175105648,38.96058336618053,bca314ec6b2fb640c90d0ea61891dbb8,
trainval_2531,TN3K,nodule,trainval,2531.jpg,2531.jpg,362,327,1,34000,0.28722523527125887,0.2589351827853558,89.92858818138487,72.04806798790275,323b33c7f3f93d9cf324cb4cb9823a07,
trainval_2532,TN3K,nodule,trainval,2532.jpg,2532.jpg,362,334,2,3389,0.028029576206702617,0.03328886826354612,77.80178484787749,67.0351755053429,db1bc987a86bacf471a963de2cee642d,
trainval_2533,TN3K,nodule,trainval,2533.jpg,2533.jpg,407,331,1,2299,0.017065403772352414,0.03388659575475145,113.39675085526936,61.226957251126436,e477d90906cd94467c31fe563366be88,
trainval_2534,TN3K,nodule,trainval,2534.jpg,2534.jpg,406,327,1,3126,0.023545894156460433,0.16138204447451374,138.28505650107508,51.20787574757837,b17a56db7b397e756f35383e09e913d0,
trainval_2535,TN3K,nodule,trainval,2535.jpg,2535.jpg,408,329,1,5784,0.04308957625603433,0.09666614349499389,104.99819949359285,46.23954794683831,d0949de6c6670cddd3e776a6a92e87d0,
trainval_2536,TN3K,nodule,trainval,2536.jpg,2536.jpg,858,620,1,48387,0.0909598466050079,0.190608764889466,83.15691932958322,34.57394728926987,40257d286f0706b0ec36e20c5f46774a,
trainval_2537,TN3K,nodule,trainval,2537.jpg,2537.jpg,408,327,1,30006,0.2249055585536967,0.1941746182705068,108.2613742228489,91.91358607663248,acf0ee58a120b16142c44a1e51879e34,
trainval_2538,TN3K,nodule,trainval,2538.jpg,2538.jpg,1104,732,1,21072,0.026075077215490617,0.2033963617843601,65.93000920458043,34.48635612180249,64eab94c4dc85814ece7444852e66599,
trainval_2539,TN3K,nodule,trainval,2539.jpg,2539.jpg,1118,732,1,21338,0.026073589645835168,0.0002247274136695354,44.212689759145334,34.127891091625365,380ec1fff8f1800b2ee17d6b9a6f6fb4,
trainval_2540,TN3K,nodule,trainval,2540.jpg,2540.jpg,229,193,1,7664,0.17340543475801526,0.16815983791937641,84.76691244620244,64.8124307079666,eb8727310e4cc658c6beb5c31a2b36ad,
trainval_2541,TN3K,nodule,trainval,2541.jpg,2541.jpg,416,340,1,38538,0.2724688914027149,0.09795228984099558,80.73621304120432,28.644301470588236,5a2b20719d25aaf353d356247c274f3e,
trainval_2542,TN3K,nodule,trainval,2542.jpg,2542.jpg,411,332,1,27704,0.20303110251223874,0.16984069865789364,63.50367785049093,54.10068742121772,125c0a9b5ee43b99cfb5020b6f88a624,
trainval_2543,TN3K,nodule,trainval,2543.jpg,2543.jpg,364,326,1,19888,0.16759927189375043,0.1234420715049967,89.33808977888594,45.823240409896854,9cf5d67890fc9329fb1b3efd73aae410,
trainval_2544,TN3K,nodule,trainval,2544.jpg,2544.jpg,406,340,1,15972,0.11570559258186033,0.13208883412328645,55.948647339333476,78.95033323674298,ec2ba01dbeaf27679bad3450aa8179cd,
trainval_2545,TN3K,nodule,trainval,2545.jpg,2545.jpg,408,344,1,5531,0.03940805973552212,0.18821147249329698,70.4896731015783,76.59164814181487,522c4e5d37c1cbc26b2d6e2cd4f01f33,
trainval_2546,TN3K,nodule,trainval,2546.jpg,2546.jpg,284,265,1,4406,0.058543715120914164,0.1587890487719753,55.51276921349988,64.93587563114536,3363a66179f96ea58f385a87f04bca49,
trainval_2547,TN3K,nodule,trainval,2547.jpg,2547.jpg,425,294,1,28242,0.22602641056422568,0.10175392849550761,92.65306555681673,45.44138455382153,535550ca78e527271478be6cd0e22cd7,
trainval_2548,TN3K,nodule,trainval,2548.jpg,2548.jpg,363,360,1,36188,0.2769207223752678,0.13147917787577706,44.504477359226435,42.20258647076829,0368f4968a9f9c3a49394c71a890e2f6,
trainval_2549,TN3K,nodule,trainval,2549.jpg,2549.jpg,429,327,1,15912,0.1134278565471226,0.20241355671362055,69.36478581696338,65.46601512656558,b70e156109f840f67427f26fe52a9d5b,
trainval_2550,TN3K,nodule,trainval,2550.jpg,2550.jpg,429,323,1,28973,0.2090901874183608,0.13159594659352555,82.22573946610822,67.06840734085316,7a6b0f7cc39f84ad73645f209f18c55d,
trainval_2551,TN3K,nodule,trainval,2551.jpg,2551.jpg,500,314,1,3068,0.019541401273885352,0.062899555943057,130.08040336873756,56.17078343949044,ba909f0fddf94d6792274c3bf31c81d0,
trainval_2552,TN3K,nodule,trainval,2552.jpg,2552.jpg,414,341,1,7477,0.052963010186011586,0.20566610435071192,67.87590576274998,47.82704322325641,b9c4f73cfb0e3c94ff6817e9d9c78092,
trainval_2553,TN3K,nodule,trainval,2553.jpg,2553.jpg,411,329,1,6823,0.05045888521583505,0.24196132106478518,114.93195642228662,55.813998032820834,696b3b992e0ac70459f078927b8b6963,
trainval_2554,TN3K,nodule,trainval,2554.jpg,2554.jpg,319,323,1,8262,0.08018478798878073,0.2768209466713531,87.84950255369404,88.31623591525374,35166d32deac927111bdcbdb62463f30,
trainval_2555,TN3K,nodule,trainval,2555.jpg,2555.jpg,1111,759,1,166630,0.19760474071122527,0.11060918963669335,54.46215558529237,36.64057828707772,89c5fb4bbd80d78578aab04401564cf4,
trainval_2556,TN3K,nodule,trainval,2556.jpg,2556.jpg,1162,695,1,179136,0.22181552520462117,0.01281473397287241,27.413209994764262,35.70396240666675,55ae75e94d5302dbbecd5516aef84d02,
trainval_2557,TN3K,nodule,trainval,2557.jpg,2557.jpg,1206,730,1,34916,0.03966014675481042,0.02266652125968997,39.713213681115654,34.73202026397692,bdd632127a05cab153286669b0452d2a,
trainval_2558,TN3K,nodule,trainval,2558.jpg,2558.jpg,340,326,1,2426,0.02188740526885601,0.04332071055948854,54.413798262709285,67.14401840490798,5dd1770e4690923959dbdcdc1cfd0a56,
trainval_2559,TN3K,nodule,trainval,2559.jpg,2559.jpg,502,321,1,1542,0.00956919983616934,0.1645472268746092,92.78630249524093,66.48575790296756,2d307f01491105d243831ccba186c2d6,
trainval_2560,TN3K,nodule,trainval,2560.jpg,2560.jpg,510,321,1,9474,0.05787062488546821,0.12430147277664698,110.54257093462385,90.77731354223933,db2b652cef4de69682469b159b6338a5,
trainval_2561,TN3K,nodule,trainval,2561.jpg,2561.jpg,929,599,1,17220,0.030945008814475507,0.07446417841683267,73.43177285660751,55.90722247879943,8cb0f4ee4061b2b31d39ddefd1b7f8a2,
trainval_2562,TN3K,nodule,trainval,2562.jpg,2562.jpg,358,374,2,3957,0.02955367012218803,0.15397430928644606,73.87997556094199,62.59592806142264,a6c73780bbff66ec5dd79218cc2b4b49,
trainval_2563,TN3K,nodule,trainval,2563.jpg,2563.jpg,356,354,1,5023,0.03985748746270552,0.1484181894143076,59.03123006146832,69.84050657017711,a5fd026432ef1f6033025d27bec26362,
trainval_2564,TN3K,nodule,trainval,2564.jpg,2564.jpg,355,349,1,2646,0.021356794059485856,0.1672132518029937,78.748208379167,68.0872109447516,6e2465f5857d37fbf5bc8692799eb7bd,
trainval_2565,TN3K,nodule,trainval,2565.jpg,2565.jpg,432,359,1,39782,0.2565124316517074,0.005266985037963246,84.10174827613488,53.94117533271433,c52892e9a539b2e4e752bdddadad8f19,
trainval_2566,TN3K,nodule,trainval,2566.jpg,2566.jpg,427,337,1,18790,0.1305776968568232,0.016345673158528373,91.41562900250752,43.32986330690276,311600281bbee75b00d9465e425f7179,
trainval_2567,TN3K,nodule,trainval,2567.jpg,2567.jpg,425,339,1,3441,0.023883394065590837,0.06491945982041786,86.8746662695955,41.82940135346174,9eff48a7cce029ed8e77a8feca9aa9d4,
trainval_2568,TN3K,nodule,trainval,2568.jpg,2568.jpg,426,348,1,646,0.004357563002536291,0.05012905919161613,63.239536127799056,66.46971291349631,fd4a48b4607f355763d680fed4959d70,
trainval_2569,TN3K,nodule,trainval,2569.jpg,2569.jpg,431,304,1,13195,0.1007067407497863,0.15792745599039384,70.33281657123581,46.83128281841495,8f189a954b0dc1b25021ea23605de2fa,
trainval_2570,TN3K,nodule,trainval,2570.jpg,2570.jpg,318,328,1,11031,0.10575816843074091,0.20255925191013535,77.48508954753231,44.7305088970701,bd0e853f0e0d558590451ba308b0facd,
trainval_2571,TN3K,nodule,trainval,2571.jpg,2571.jpg,615,561,1,8383,0.024297494311841514,0.07207048668299117,113.51775923547793,57.29369157862702,5b438ef8c6221decf54a7c988d6de9e7,
trainval_2572,TN3K,nodule,trainval,2572.jpg,2572.jpg,621,516,1,12384,0.03864734299516908,0.05789206897229176,90.92082014990595,68.86038397683157,18f0c2084d37f144c31f5166ec108b59,
trainval_2573,TN3K,nodule,trainval,2573.jpg,2573.jpg,411,359,3,19018,0.12889277460369097,0.049613617372946776,54.051603365972255,41.37363858785895,8e785a8bd34411d783d8fdb3f2f9a90b,
trainval_2574,TN3K,nodule,trainval,2574.jpg,2574.jpg,336,326,1,11052,0.10089833479404031,0.10104330361132564,48.008471546638916,33.94403666374525,d7c7070f05a0d6597c831ef21f47c829,
trainval_2575,TN3K,nodule,trainval,2575.jpg,2575.jpg,372,378,1,4132,0.029384991750583147,0.09804021390744104,52.018398947918605,50.244545428685214,91af84d477dd672f53a05239e21b4f6f,
trainval_2576,TN3K,nodule,trainval,2576.jpg,2576.jpg,370,370,1,11120,0.08122717311906501,0.03265272928044884,48.2732709044708,58.210708546384225,489574c743185a3a619ccc17b8e5b588,
trainval_2577,TN3K,nodule,trainval,2577.jpg,2577.jpg,1108,780,1,309124,0.35768305100435066,0.28178048786674054,81.94857055211553,78.42063431454226,9e73f5b92ce140c1deafe7fec0d4ad33,
trainval_2578,TN3K,nodule,trainval,2578.jpg,2578.jpg,408,330,1,3806,0.02826797385620915,0.10689047552280179,142.21265402924556,67.61190582293523,80ae64c53fa3c5291bcb515da4a314e5,
trainval_2579,TN3K,nodule,trainval,2579.jpg,2579.jpg,412,326,1,5871,0.04371165644171779,0.1958046362813564,75.88000911185048,56.863757519804636,44d677928ff3b3d7e6773401f5d040f4,
trainval_2580,TN3K,nodule,trainval,2580.jpg,2580.jpg,417,337,1,20682,0.14717246973934206,0.12949101576106808,82.33805220173542,61.33410897394844,059a2d639b02c366687bf301dbd95db8,
trainval_2581,TN3K,nodule,trainval,2581.jpg,2581.jpg,412,330,1,7533,0.05540600176522507,0.13644405778427848,67.16005944420307,71.90461165048544,329c474d6161c2611c6612fcb766f8ad,
trainval_2582,TN3K,nodule,trainval,2582.jpg,2582.jpg,412,314,1,1459,0.011277904891472389,0.06320174316384447,107.7894370956598,73.14574701626368,48c9364fe0abc6c8dc5b358debb1e878,
trainval_2583,TN3K,nodule,trainval,2583.jpg,2583.jpg,865,556,1,5685,0.011820601322410279,0.09219789291720319,26.858618097544074,37.54362706366699,196b1c224a37c66c378998dc22ae5637,
trainval_2584,TN3K,nodule,trainval,2584.jpg,2584.jpg,410,382,1,13421,0.08569148256927596,0.2156920669511507,55.62188555600114,66.60741284637977,c28e945daecbb9422ac1158bd4e897a8,
trainval_2585,TN3K,nodule,trainval,2585.jpg,2585.jpg,349,299,1,24470,0.2344970340485477,0.02774948794012259,51.902675808764606,58.52503569683089,10970d26826d7c1cdf590a16de6fc2a1,
trainval_2586,TN3K,nodule,trainval,2586.jpg,2586.jpg,483,347,1,15459,0.09223691982744733,0.09482776746770438,86.78979162284976,52.7323404991617,4c6e317ecbcfa1337e065ec0d2b33acc,
trainval_2587,TN3K,nodule,trainval,2587.jpg,2587.jpg,479,323,3,35218,0.2276285088257916,0.0855434277387219,74.19547875763011,64.28738923324522,a498e87981054b655ee4bd73cc4bfe78,
trainval_2588,TN3K,nodule,trainval,2588.jpg,2588.jpg,427,329,1,2792,0.019874290839461003,0.08218713173571408,78.96027484615752,29.24740360043564,b1e89bf32aaa97cdb34e0c19f1e60f17,
trainval_2589,TN3K,nodule,trainval,2589.jpg,2589.jpg,428,348,1,4953,0.03325410892684499,0.05349028399475938,69.09502938285964,20.299199699215812,cdfef219808f3606e57f0c093fd41ecc,
trainval_2590,TN3K,nodule,trainval,2590.jpg,2590.jpg,413,380,1,85730,0.5462597170893335,0.14412064858356377,48.94695460705564,28.49034025742322,b0f12b44af6a2fcdfed7a0e1cce68a2a,
trainval_2591,TN3K,nodule,trainval,2591.jpg,2591.jpg,408,339,1,6198,0.04481173000173521,0.10260615932170133,80.14038464103493,45.11595523165018,a3ee7b581f100b71f0a4e2f438315706,
trainval_2592,TN3K,nodule,trainval,2592.jpg,2592.jpg,428,340,1,35224,0.24205607476635513,0.04982450041315769,73.56682928136465,41.41867097306212,2d992703ab3df5d5b2d0b446739a2e10,
trainval_2593,TN3K,nodule,trainval,2593.jpg,2593.jpg,429,343,2,9543,0.06485351383310567,0.14151883489083222,102.93752144876332,40.52370078900691,58cdd9b6a234c7deb99576995e476c72,
trainval_2594,TN3K,nodule,trainval,2594.jpg,2594.jpg,428,368,1,55382,0.3516228159284844,0.12350059573041054,48.38137547238425,26.569109355952865,6538c16cd41ed287d6dc206a7ed76bbb,
trainval_2595,TN3K,nodule,trainval,2595.jpg,2595.jpg,406,320,1,999,0.007689347290640394,0.13939697101186416,80.18230968816918,49.41254618226601,93d0c93e5e4c30ed0416be6999d272ba,
trainval_2596,TN3K,nodule,trainval,2596.jpg,2596.jpg,408,327,1,32546,0.24394375487197936,0.1331291423909655,63.90110069989359,42.49681447502548,10537ea85e1814ab7eafc974625c9bb7,
trainval_2597,TN3K,nodule,trainval,2597.jpg,2597.jpg,1194,759,1,178118,0.19654486750838074,0.0290406250668119,33.52748752214749,36.55744025352939,9e0c5573fbafb0b6641e6a081d7b8ac8,
trainval_2598,TN3K,nodule,trainval,2598.jpg,2598.jpg,963,664,1,42699,0.0667764516007957,0.04860371081076244,56.187725260799425,27.93526285828673,24c79dc634e41fd5852dfb2981613dc5,
trainval_2599,TN3K,nodule,trainval,2599.jpg,2599.jpg,961,768,1,316306,0.4285710414498786,0.1839265072593145,42.26199864065406,27.588132479188346,74111ee6419cb9989ef59626297869ae,
trainval_2600,TN3K,nodule,trainval,2600.jpg,2600.jpg,404,333,1,1105,0.008213659203758213,0.04836620813724543,97.09933760653276,36.286786786786784,faaa352371f0ec98dde60cad20a303fe,
trainval_2601,TN3K,nodule,trainval,2601.jpg,2601.jpg,402,322,1,3662,0.0282902258891876,0.0632324237233159,71.70458305795306,26.81243626587559,35240576cebed5809f0821eeb0b91805,
trainval_2602,TN3K,nodule,trainval,2602.jpg,2602.jpg,1243,763,1,87527,0.0922882427307206,0.019684143393284198,46.46358054882733,71.87596701423121,620fc71d259421e13fe92dc66e601263,
trainval_2603,TN3K,nodule,trainval,2603.jpg,2603.jpg,395,336,1,10667,0.08037221217600965,0.18396098548235337,74.53429426149603,77.27510548523206,f73d41209f88e4b5fc1cee77a9464e07,
trainval_2604,TN3K,nodule,trainval,2604.jpg,2604.jpg,416,356,1,81964,0.5534518150388937,0.03892912884625822,54.40303316038129,34.17645986387208,967d2770e6152b0ea283b1691d4e1a16,
trainval_2605,TN3K,nodule,trainval,2605.jpg,2605.jpg,517,366,1,10677,0.056425785585185656,0.057081359554888196,58.79411756861438,77.95200875162507,8bc8375489316dba6563a2be218a8c7e,
trainval_2606,TN3K,nodule,trainval,2606.jpg,2606.jpg,1114,747,1,14181,0.017041234957784458,0.1762263125916944,49.654690600234424,62.6656163853499,9ba1115039cf9262bd84ee4ca272c2e3,
trainval_2607,TN3K,nodule,trainval,2607.jpg,2607.jpg,412,337,1,4829,0.03478004090922186,0.028769076651161584,51.98619233206362,89.7952378208637,67085be3c60eddfb1f8c177f2c46ea45,
trainval_2608,TN3K,nodule,trainval,2608.jpg,2608.jpg,406,332,1,2218,0.016454982491542525,0.1751854796382033,126.91137178530207,60.71000504480978,4b53bbdfefd43076219653f97b4c3ed6,
trainval_2609,TN3K,nodule,trainval,2609.jpg,2609.jpg,416,378,1,21672,0.13782051282051283,0.039413812550588775,98.2145891942928,65.16832646520146,eadb8267e4ce6f9a2dfa12b8488adc5e,
trainval_2610,TN3K,nodule,trainval,2610.jpg,2610.jpg,408,318,2,14316,0.1103403625601184,0.2211136552651472,82.97675460837522,69.53130780614133,26f7a00965fab2f87067de0cbc8eae3c,
trainval_2611,TN3K,nodule,trainval,2611.jpg,2611.jpg,407,323,1,30743,0.23385642890286854,0.0679852104290724,55.624485398592064,69.08772183385186,34660a545a850dc838ba7fc040bf8b20,
trainval_2612,TN3K,nodule,trainval,2612.jpg,2612.jpg,433,321,1,5295,0.038095443655435886,0.15004826536037322,78.37092989695242,28.716007280942204,904eddf9c5a5998598cdcd8ae1689d8f,
trainval_2613,TN3K,nodule,trainval,2613.jpg,2613.jpg,488,322,1,11249,0.07158766928011404,0.11675945420296764,112.26224334076122,59.165334487323086,57213e460e92d160c8b6de5e9aa6adbe,
trainval_2614,TN3K,nodule,trainval,2614.jpg,2614.jpg,866,679,1,19608,0.033346144819681164,0.2756117600983089,66.86556036269239,55.17177312104814,d419bda9ce5a20550e6d4bd87926e234,
trainval_2615,TN3K,nodule,trainval,2615.jpg,2615.jpg,869,681,1,27717,0.046835949975413536,0.19952197049637674,53.923341013030964,57.919015054352144,da37c54c80ca1a131b1916f967b59478,
trainval_2616,TN3K,nodule,trainval,2616.jpg,2616.jpg,431,318,1,5055,0.036882195858687565,0.08532769401786101,63.108739859995346,31.367632681054737,ef87890c4f3d59e981372eea68149143,
trainval_2617,TN3K,nodule,trainval,2617.jpg,2617.jpg,1118,687,2,242699,0.31598716776943647,0.08152424778064536,19.348771197217797,25.52649511890905,a08cfb6c2f6f4215ec27771c89cb586c,
trainval_2618,TN3K,nodule,trainval,2618.jpg,2618.jpg,1155,743,1,7283,0.008486712928166495,0.13276594332847125,71.53834156548865,30.668464689191474,52c4d65d6a26609be1fc539f5523ef6f,
trainval_2619,TN3K,nodule,trainval,2619.jpg,2619.jpg,353,403,1,10058,0.0707020293970856,0.1677353162302901,56.836081943057174,44.98259512579169,6bfaa21dc91ba749b2cc1d2c1116aefd,
trainval_2620,TN3K,nodule,trainval,2620.jpg,2620.jpg,862,649,1,159846,0.2857260321965973,0.05706993256276955,21.930774536181975,24.125576024510313,259b447d5ce680155fef0ef8cc6c02b9,
trainval_2621,TN3K,nodule,trainval,2621.jpg,2621.jpg,411,318,1,20086,0.15368253531041026,0.19044023656486078,78.81124558806206,41.639038087805474,ffb2091c62d171424418fe726072535f,
trainval_2622,TN3K,nodule,trainval,2622.jpg,2622.jpg,408,395,1,18960,0.11764705882352941,0.1649665239378694,55.74733279982517,36.069030776867706,6153a09247ded91f32f4232810e4b10f,
trainval_2623,TN3K,nodule,trainval,2623.jpg,2623.jpg,329,336,1,3352,0.030322767404834274,0.14161602783624336,113.80874354696726,77.08820921985816,0966a7251817f8ce59c08e3249b6217a,
trainval_2624,TN3K,nodule,trainval,2624.jpg,2624.jpg,274,236,1,5160,0.07979710503525919,0.0652958046665297,40.35884284308436,26.63743350241247,0324a62ebbb4fe1794197b84a1c6f11b,
trainval_2625,TN3K,nodule,trainval,2625.jpg,2625.jpg,426,399,1,65518,0.38545895254568346,0.21338284407523778,54.182175967927044,78.58377751891466,e24625de9574286161297610188c4de0,
trainval_2626,TN3K,nodule,trainval,2626.jpg,2626.jpg,475,312,1,16212,0.10939271255060729,0.13634784002050077,83.8509315340702,33.58618758434548,83df108db1ea47f7a7013b6eb539bfaf,
trainval_2627,TN3K,nodule,trainval,2627.jpg,2627.jpg,487,309,1,6671,0.0443305888372773,0.14771909561280383,85.80058142772467,62.07127050896114,d10c6f28ea47e593a1ab76ee28fdf14d,
trainval_2628,TN3K,nodule,trainval,2628.jpg,2628.jpg,408,342,1,9122,0.06537381034285059,0.05208319327140072,52.010119397225566,31.129622463020297,1f4e54498221de64643a7a5b6837af75,
trainval_2629,TN3K,nodule,trainval,2629.jpg,2629.jpg,411,337,1,612,0.004418549242998549,0.07965457424799985,115.35505978835553,27.225858620863928,940a7f9eea96b91fb3ecac38ea27cc3d,
trainval_2630,TN3K,nodule,trainval,2630.jpg,2630.jpg,410,340,1,4213,0.030222381635581063,0.12717222912584608,86.76029869123076,45.71324964131994,ee68734fd9d78fea033552f01d5c29c4,
trainval_2631,TN3K,nodule,trainval,2631.jpg,2631.jpg,261,290,1,12768,0.16868806975822434,0.05688725765089379,40.301296286234006,38.65441934205311,d312341ca886e804f2c26c091d9f82b6,
trainval_2632,TN3K,nodule,trainval,2632.jpg,2632.jpg,257,297,1,7656,0.10030263726761782,0.017240740572051837,32.13300651056181,36.061405232611456,baa31f9eced8897427c7d8c75d62d6e1,
trainval_2633,TN3K,nodule,trainval,2633.jpg,2633.jpg,430,324,1,2203,0.01581251794430089,0.13222753723595657,111.33944034402613,61.019006603502724,653dd615731066f6fd28b9a91d2679c9,
trainval_2634,TN3K,nodule,trainval,2634.jpg,2634.jpg,433,305,2,7911,0.05990232082686556,0.05632758279903087,62.06709701908805,45.89602089879983,2d422b8c6b66624e40c2b5b95447a38f,
trainval_2635,TN3K,nodule,trainval,2635.jpg,2635.jpg,410,336,1,5063,0.03675232288037166,0.12104091884304595,55.46922936359507,69.69572444831591,6e7cbaf744a19ede19feb84b0ad624bb,
trainval_2636,TN3K,nodule,trainval,2636.jpg,2636.jpg,406,337,1,20155,0.14730818143281052,0.21106394143251458,59.829532371216935,74.6858619227902,f8d49814d5fe3143fe44dc8e32ba4989,
trainval_2637,TN3K,nodule,trainval,2637.jpg,2637.jpg,410,337,1,2185,0.01581385250054281,0.16817623294762432,105.54838874125379,61.06214084099298,599e2beb440f636a31b31249fb7e2c67,
trainval_2638,TN3K,nodule,trainval,2638.jpg,2638.jpg,408,336,1,1403,0.010234302054154995,0.2848562362057603,140.55912649258084,82.25394637021475,02742964df4bd18ddb0523dd198a1736,
trainval_2639,TN3K,nodule,trainval,2639.jpg,2639.jpg,412,381,1,47706,0.3039140738475652,0.13592921852519235,43.864411939614364,77.36512244221899,9165611714dc0e5ab7db77d4c3767b56,
trainval_2640,TN3K,nodule,trainval,2640.jpg,2640.jpg,436,361,3,38749,0.2461879590332664,0.005529528593708185,52.502049312325305,47.365898752191924,8318346eda581a1dbbc2874b26a91bf0,
trainval_2641,TN3K,nodule,trainval,2641.jpg,2641.jpg,281,372,1,40862,0.39090422071710096,0.184795742491719,65.86033560261093,54.746460414035894,db16d167063f581fca4619bf6218d032,
trainval_2642,TN3K,nodule,trainval,2642.jpg,2642.jpg,317,340,1,1143,0.01060493598070143,0.0651479867065526,66.26755835572465,54.86316570792355,d10832a9fb329ec28068c62cab80d4a0,
trainval_2643,TN3K,nodule,trainval,2643.jpg,2643.jpg,328,281,1,6122,0.06642218557416892,0.06149390141914693,53.08526662595314,59.92796849231838,41ca22ca4b5d6ca1618c97e3a338096d,
trainval_2644,TN3K,nodule,trainval,2644.jpg,2644.jpg,389,336,1,17737,0.13570357448892154,0.14487480028238953,50.63185265775011,30.39204615007957,e828a5a53b88ccba4a42a2081daccca4,
trainval_2645,TN3K,nodule,trainval,2645.jpg,2645.jpg,399,307,1,13914,0.11359016433592124,0.046349542592332406,97.02936750595924,43.64482868408807,803571630499626a6780c28bec55de59,
trainval_2646,TN3K,nodule,trainval,2646.jpg,2646.jpg,395,305,1,3732,0.030977381199418966,0.05339901048000366,72.92514533678201,47.345797883378296,c59b27c3f347dc4efcfe557be977d142,
trainval_2647,TN3K,nodule,trainval,2647.jpg,2647.jpg,443,322,1,1962,0.013754328898111408,0.08999752360874637,57.174540626331826,62.77896330776888,07083a73dfa1e60f6c6a20a9f4739e45,
trainval_2648,TN3K,nodule,trainval,2648.jpg,2648.jpg,432,344,1,1501,0.010100398363479758,0.08906230960319088,86.98313157495828,47.08708817829457,d240d6afde3d5fe591d48f4bad75bf05,
trainval_2649,TN3K,nodule,trainval,2649.jpg,2649.jpg,276,305,1,6665,0.07917557614635305,0.018862617728556623,70.47021269418157,47.90799477310525,75afb895d60b66a383a50a419e915cbd,
trainval_2650,TN3K,nodule,trainval,2650.jpg,2650.jpg,513,362,1,27866,0.1500543870418834,0.23395377719352153,67.40699647349767,44.685869061850454,8192661e637b6e19133c7245d649013a,
trainval_2651,TN3K,nodule,trainval,2651.jpg,2651.jpg,485,347,1,18388,0.10926052467393566,0.23314792968968542,76.79549024211201,37.61039246561098,406dee38fe868f161ef5805aea5c955a,
trainval_2652,TN3K,nodule,trainval,2652.jpg,2652.jpg,1197,764,1,57609,0.06299452820533008,0.23351904682334226,47.27106681521139,57.58524802407415,0580066fbe7b693396cda8129a214634,
trainval_2653,TN3K,nodule,trainval,2653.jpg,2653.jpg,1116,778,1,72777,0.08382052132570418,0.027653426427995564,21.31954797077123,35.88771295758816,adf72c5f29037fe14261829bc16d39b7,
trainval_2654,TN3K,nodule,trainval,2654.jpg,2654.jpg,968,624,1,15356,0.025422494172494172,0.07471563169857934,30.41373293611436,33.15826644945963,307e1b6ea16be5982cfa304d877ef2c8,
trainval_2655,TN3K,nodule,trainval,2655.jpg,2655.jpg,963,637,2,24343,0.039683354770137146,0.11889156700914155,62.79915948845448,36.01398527299729,f906c550882eb687dfbddeea6656ae7f,
trainval_2656,TN3K,nodule,trainval,2656.jpg,2656.jpg,958,719,1,278747,0.40468378430956936,0.14108610578903616,39.88195548739488,24.519750233013262,f730fc3f7b6af8249f987175ac34a58c,
trainval_2657,TN3K,nodule,trainval,2657.jpg,2657.jpg,963,565,1,79421,0.14596899438517172,0.041761894572989816,33.95238965493109,27.84815519348643,e9661a3a70ab1dc02209d25e0d3560ff,
trainval_2658,TN3K,nodule,trainval,2658.jpg,2658.jpg,999,678,1,261256,0.3857190523857191,0.18646491637876716,69.35012405093634,77.86072207901117,fa34509cce4898b2d4a5bf8a0f2618ba,
trainval_2659,TN3K,nodule,trainval,2659.jpg,2659.jpg,988,686,1,21976,0.0324240743145147,0.1475084078707222,80.96014700210841,75.95064092727895,3503c9b2cb1f9ee4b88013d8cfb0e034,
trainval_2660,TN3K,nodule,trainval,2660.jpg,2660.jpg,430,318,1,52230,0.38196577446248353,0.06541226520580873,62.04141140944255,51.07897469650432,de073c7028234a052ecf9453f5e64b25,
trainval_2661,TN3K,nodule,trainval,2661.jpg,2661.jpg,409,335,1,27109,0.19785424953472247,0.02542988677849299,48.97186267357721,63.89281465532971,2f065906a55d8f5c276a56c88dc9dd42,
trainval_2662,TN3K,nodule,trainval,2662.jpg,2662.jpg,413,337,1,14509,0.10424555075764652,0.022741291786993304,52.09622043545391,62.232495814802306,2ed81a09b415d2cd9f40364b320d8283,
trainval_2663,TN3K,nodule,trainval,2663.jpg,2663.jpg,507,323,1,58333,0.35620813258346007,0.14102479250548003,81.71746554753402,90.35571961578154,10c4cfcd4bd5c1aa16461716029f41f9,
trainval_2664,TN3K,nodule,trainval,2664.jpg,2664.jpg,491,338,1,32117,0.19352486773762037,0.14246013689493545,86.35314680823527,75.11628243290471,2a4cef39cd1e003675aa8648ec31854b,
trainval_2665,TN3K,nodule,trainval,2665.jpg,2665.jpg,433,354,2,17989,0.11735885492099529,0.004679428272084064,51.1711912791313,54.94433788703174,a738390ba8891c361bc9f70abc533cf8,
trainval_2666,TN3K,nodule,trainval,2666.jpg,2666.jpg,431,349,1,4476,0.029756879117664656,0.037804194770578135,139.73315982401112,73.47291233155386,4a2d8bba49ce9b1923ba08a8f4ad2172,
trainval_2667,TN3K,nodule,trainval,2667.jpg,2667.jpg,412,336,2,4365,0.031531726768377254,0.06781516765364193,42.14954040443013,65.78073711280629,f8655b708735a71bcba146e8a5f10f6e,
trainval_2668,TN3K,nodule,trainval,2668.jpg,2668.jpg,409,331,2,10765,0.07951750271460123,0.11640153771486464,63.95332217850288,71.26428766647707,e950fd0cd2747f8f36b6cd7d09f78821,
trainval_2669,TN3K,nodule,trainval,2669.jpg,2669.jpg,413,335,1,9239,0.06677749268186911,0.25195891723446956,70.04946168282693,67.46714610964548,c16c6c261b5b7b14e4149126f934269c,
trainval_2670,TN3K,nodule,trainval,2670.jpg,2670.jpg,411,336,2,15400,0.11151662611516626,0.12597969272557505,79.9051245178561,72.32242063492063,c853def0bde6c9b450715b2f6a999b64,
trainval_2671,TN3K,nodule,trainval,2671.jpg,2671.jpg,408,326,1,9728,0.07313845783712258,0.23268606024082175,72.8228755540336,80.7735925658607,58e41fe2984db56f046cb1d3ab9a63c0,
trainval_2672,TN3K,nodule,trainval,2672.jpg,2672.jpg,409,329,1,637,0.004733912500650262,0.23003009935783042,174.6468171939014,78.03271378779884,1fb060199dfb42a9979b68ae124ced0e,
trainval_2673,TN3K,nodule,trainval,2673.jpg,2673.jpg,352,405,1,1869,0.01311026936026936,0.05842573630252823,39.24680109127857,29.405008417508416,dd0c31d4c029c68c57f1242a9ba15d4b,
trainval_2674,TN3K,nodule,trainval,2674.jpg,2674.jpg,436,284,1,3329,0.026884933453934615,0.14945813299004182,99.93660269140808,61.316109962527456,5345f0dacb83a5eeb5e64437fbbfebfa,
trainval_2675,TN3K,nodule,trainval,2675.jpg,2675.jpg,418,390,1,1339,0.00821371610845295,0.10567722874917597,69.33378147710569,63.89338731443995,ceed044574ae34f40e1578388ea5d876,
trainval_2676,TN3K,nodule,trainval,2676.jpg,2676.jpg,411,350,1,2868,0.01993743482794578,0.19738883953017247,93.56596053204926,41.802718109141466,49bc07fd8c17c223324670129c9b174e,
trainval_2677,TN3K,nodule,trainval,2677.jpg,2677.jpg,412,337,1,11113,0.08003946875630204,0.1614258030597982,66.24937676116375,79.5025424217107,e603701e2f38d5113f589096bfeb8d4f,
trainval_2678,TN3K,nodule,trainval,2678.jpg,2678.jpg,408,336,1,4038,0.029455532212885153,0.1126607912130512,79.09055555201004,67.18022000466853,44adf89ea81047113d91ef65f48ccf7d,
trainval_2679,TN3K,nodule,trainval,2679.jpg,2679.jpg,1235,817,1,64513,0.06393787878037056,0.10166586559377837,37.401453298916,29.547999742317852,c4347d433c0a563b7932efa3df7f9a96,
trainval_2680,TN3K,nodule,trainval,2680.jpg,2680.jpg,415,382,1,5785,0.036491515801425595,0.03853380768181659,51.43244131616316,28.80811202926891,8ad906c6531580bc55619f36dbc62611,
trainval_2681,TN3K,nodule,trainval,2681.jpg,2681.jpg,1171,801,1,7235,0.0077134580919879184,0.012062439691074078,19.880906760367047,31.356696528997166,21ecb269309949aabffea0bc4672ffbd,
trainval_2682,TN3K,nodule,trainval,2682.jpg,2682.jpg,430,360,1,5730,0.03701550387596899,0.007930898054735699,55.56602417121764,44.93407622739018,1294a51e0b9ef21686d6a2b6ef74c931,
trainval_2683,TN3K,nodule,trainval,2683.jpg,2683.jpg,1116,765,1,56662,0.06636915220090425,0.039094775111161696,21.712111222850904,25.943660833509032,ec727cd7df834b6d794f20393b67a5f5,
trainval_2684,TN3K,nodule,trainval,2684.jpg,2684.jpg,417,343,1,7467,0.05220546594794136,0.07535397501643243,56.460213575505826,37.485712887416014,694241a7b02384a6decad7c496bb4bd1,
trainval_2685,TN3K,nodule,trainval,2685.jpg,2685.jpg,410,343,1,4534,0.032240631444215316,0.09237236288354277,75.29903740852278,39.32807366849179,68923968a48e47ab814abcc232f5ec35,
trainval_2686,TN3K,nodule,trainval,2686.jpg,2686.jpg,1255,754,1,28613,0.030237670009616704,0.3580259433138382,79.33976374699142,59.076899827744725,4649f3e083b7cd1ec0f08c7f61d4596b,
trainval_2687,TN3K,nodule,trainval,2687.jpg,2687.jpg,411,341,1,2172,0.015497570477556349,0.11601535444705674,72.95194889580691,69.14058408430907,30250032321c241828b5c1ef6b854a30,
trainval_2688,TN3K,nodule,trainval,2688.jpg,2688.jpg,410,335,1,2676,0.019483072442664725,0.11494884326426137,66.22501721173155,64.23728431015654,c67b19b9f6a5132b887e3e37584e3552,
trainval_2689,TN3K,nodule,trainval,2689.jpg,2689.jpg,419,344,1,3640,0.025253926846866847,0.0620304154050284,46.24073740766408,27.48136482211245,8e1c86a1eec759cb6562e147da4f10ac,
trainval_2690,TN3K,nodule,trainval,2690.jpg,2690.jpg,416,342,1,6271,0.044077541610436345,0.13476291098840876,87.4786905225013,69.66633631354026,e457d9a8d84a72e994238e192f3bcb4b,
trainval_2691,TN3K,nodule,trainval,2691.jpg,2691.jpg,408,349,1,7748,0.05441316927917299,0.1617836956423679,55.13922361970794,49.61900247204899,be3079d3b5e72f6e73ccac4f8f7cfa1c,
trainval_2692,TN3K,nodule,trainval,2692.jpg,2692.jpg,328,282,1,2973,0.03214193046185781,0.0615044813754631,58.805386772912215,78.29441273136136,dc30eef663acbb0b049bbef229a0d6da,
trainval_2693,TN3K,nodule,trainval,2693.jpg,2693.jpg,416,343,1,12613,0.08839566046198699,0.0316282430221725,47.82241102126985,36.21155247813411,2af5db1dddbdf1005652483a2ad1450d,
trainval_2694,TN3K,nodule,trainval,2694.jpg,2694.jpg,317,375,1,8454,0.07111671924290221,0.0008649713781275748,37.89667764415537,52.2743301787592,786b58342406ccda836cd9da02816394,
trainval_2695,TN3K,nodule,trainval,2695.jpg,2695.jpg,521,374,1,4452,0.02284787584550484,0.1177153325886372,80.70916637670119,42.135598961273566,d0dac120e8befdf834908debbd72c56b,
trainval_2696,TN3K,nodule,trainval,2696.jpg,2696.jpg,416,341,1,5964,0.042042634784570265,0.088207374760024,67.96088596819446,34.09466642228739,d33557be68e9863cf0bb5385e334c185,
trainval_2697,TN3K,nodule,trainval,2697.jpg,2697.jpg,416,388,1,56275,0.34865062450436163,0.09150047300421761,57.35207859822511,36.380365285487706,7507bafc88bd6c3d4f47ef68b08bde94,
trainval_2698,TN3K,nodule,trainval,2698.jpg,2698.jpg,417,385,1,15267,0.09509483322432963,0.03883784827571333,53.23446773353848,23.799028309819676,ee68e0f7e1ae364d058e6ce9a9a8e25d,
trainval_2699,TN3K,nodule,trainval,2699.jpg,2699.jpg,419,380,1,9782,0.06143700540133149,0.05781145936995337,43.997895129763734,40.075876146212785,2f3c281091cc7faf24de6d78ca9e9d1d,
trainval_2700,TN3K,nodule,trainval,2700.jpg,2700.jpg,430,370,1,9963,0.06262099308610937,0.17178807925600686,49.675159415544876,85.64308610936519,79ad615a208efe85c3172832fdd18960,
trainval_2701,TN3K,nodule,trainval,2701.jpg,2701.jpg,367,331,1,18490,0.15220988335240415,0.209696144646844,96.5967498927614,82.31352437086856,a84ed8616347d55d6e79b0768ef57bfb,
trainval_2702,TN3K,nodule,trainval,2702.jpg,2702.jpg,413,305,1,2052,0.01629023935220101,0.03086168025210549,63.565970701194324,44.80111141983885,95e08ed6f2a5828c79918ace32d014b6,
trainval_2703,TN3K,nodule,trainval,2703.jpg,2703.jpg,346,366,1,2831,0.022355412362993144,0.13859599650527818,84.39672472250533,81.59498089011024,5950281cdd5405e02cbfb91875d0148e,
trainval_2704,TN3K,nodule,trainval,2704.jpg,2704.jpg,412,385,1,5543,0.034945151935443196,0.052057337164222076,53.478823663842256,26.60599546084983,f554e5e952d0b8f70204ddae560143c9,
trainval_2705,TN3K,nodule,trainval,2705.jpg,2705.jpg,470,334,1,2777,0.017690151611670278,0.09503332757195744,70.1026425388364,79.22070327430247,1499a77f221b5895c64d40a777a52b36,
trainval_2706,TN3K,nodule,trainval,2706.jpg,2706.jpg,413,344,1,6585,0.046349738160932484,0.043381797335466134,61.869775898920864,38.72021228672786,8ced27ab945bc65aa470b67ebe2a492e,
trainval_2707,TN3K,nodule,trainval,2707.jpg,2707.jpg,538,401,1,5082,0.023556350758790756,0.054934530095879903,52.78751208087058,31.7243786444669,9e72ffaca14f7e8e32420e8f9ed51187,
trainval_2708,TN3K,nodule,trainval,2708.jpg,2708.jpg,435,307,1,7860,0.05885656520274065,0.051573863029928675,48.93053209190701,23.90044554270096,a18ada57a56e909d634aef4c8fffdd18,
trainval_2709,TN3K,nodule,trainval,2709.jpg,2709.jpg,428,360,1,9673,0.06277907580477673,0.12490885421756166,74.57968607752566,46.50129802699896,aa9ae0e311b9d601096ca59681628299,
trainval_2710,TN3K,nodule,trainval,2710.jpg,2710.jpg,480,372,1,4902,0.027452956989247313,0.2104721733654702,81.82501173084162,55.55818772401434,33f903ffc1ab1f80ae36df31b902e2d3,
trainval_2711,TN3K,nodule,trainval,2711.jpg,2711.jpg,409,331,1,5489,0.04054543171392904,0.08705649084579659,54.916837786227646,61.659533605655234,058c12fff7bc2007044bf1069e33a714,
trainval_2712,TN3K,nodule,trainval,2712.jpg,2712.jpg,541,333,1,5833,0.032378034226463064,0.04099712449520442,69.6285104459549,44.15991962387526,c5479b68a0bc80213b7cdfbc3fe1e3f3,
trainval_2713,TN3K,nodule,trainval,2713.jpg,2713.jpg,417,346,1,1810,0.012544877392883381,0.05567709700284598,37.75437777658056,26.674782717178857,fa3f9c0b582c0b97919474e816c0a0d7,
trainval_2714,TN3K,nodule,trainval,2714.jpg,2714.jpg,336,270,1,3910,0.043099647266313934,0.08702898051965775,74.45309893928942,37.86326058201058,0561abd991a8e6ebddfc01a90703e836,
trainval_2715,TN3K,nodule,trainval,2715.jpg,2715.jpg,869,642,1,6521,0.011688516538865528,0.22221402965404308,63.724262214006835,65.75507888538765,a96ff9f87a6198ec4c1ae3af9a346460,
trainval_2716,TN3K,nodule,trainval,2716.jpg,2716.jpg,429,343,1,3834,0.02605557707598524,0.09800662998300437,55.1712706105813,52.06305938959,9c6003485a1f1b59947f74742ae60c4f,
trainval_2717,TN3K,nodule,trainval,2717.jpg,2717.jpg,414,385,1,24826,0.15575632097371228,0.07239452891607091,45.73276675526924,31.38609072087333,605c52846eb25b87030d3501ec4ea7a2,
trainval_2718,TN3K,nodule,trainval,2718.jpg,2718.jpg,412,337,1,5269,0.03794906513785255,0.1293151056407993,76.19222322645385,76.63788136325661,a0da96944aa3ad1c92cbafcfe51d5a86,
trainval_2719,TN3K,nodule,trainval,2719.jpg,2719.jpg,340,371,1,5001,0.03964642460757888,0.05913159931268555,53.04624236912743,46.1404154114476,4f8c2daf5ae11bb1122eb5629d43a088,
trainval_2720,TN3K,nodule,trainval,2720.jpg,2720.jpg,1117,780,1,110413,0.126727957211395,0.034002760407922675,23.567928972364445,33.5627723067741,2d68b20f720aad9c332dc7438a5f256f,
trainval_2721,TN3K,nodule,trainval,2721.jpg,2721.jpg,336,359,1,9767,0.08097061944554981,0.011226572320687049,61.703392669757825,25.281643785647965,eb14dfbaed452a4e1dc3652ee83c8ecf,
trainval_2722,TN3K,nodule,trainval,2722.jpg,2722.jpg,435,273,1,2089,0.017590838280493452,0.013957510858884291,146.93975867186464,49.43250389457286,1c3721ebf31e5642122ec41f2fd8dd0d,
trainval_2723,TN3K,nodule,trainval,2723.jpg,2723.jpg,414,384,2,24590,0.15467743558776167,0.01693169423766743,52.37290117937438,37.620527626811594,3f999dbd37a5b87dc2085c3ed25dcc34,
trainval_2724,TN3K,nodule,trainval,2724.jpg,2724.jpg,413,343,1,7847,0.05539358600583091,0.09644566602020384,58.06724696857861,31.197325972935005,093bb4ed7371d68904461c6bbbe14807,
trainval_2725,TN3K,nodule,trainval,2725.jpg,2725.jpg,411,381,1,5945,0.037965144867840424,0.14103180314203093,65.4530436424627,52.02692364184404,d93b2c799e90aa67da9bf07a3fd9d1c2,
trainval_2726,TN3K,nodule,trainval,2726.jpg,2726.jpg,509,303,1,5071,0.032880105299331504,0.14040139569697768,63.97416300723169,54.789576403612855,809547f4a95f8a0486e1b49ed4ed73d5,
trainval_2727,TN3K,nodule,trainval,2727.jpg,2727.jpg,454,354,1,10175,0.06331043579979591,0.03929011295457296,55.33159805863768,18.992110306378954,f1be0dc45aa55eccc5ae4b464feba79f,
trainval_2728,TN3K,nodule,trainval,2728.jpg,2728.jpg,865,723,1,17298,0.027659319310195957,0.07192223242916294,51.24535186778084,14.436205917859912,d9d06706a26dca824ca68d75501542b5,
trainval_2729,TN3K,nodule,trainval,2729.jpg,2729.jpg,538,346,1,1285,0.006903109353847476,0.15739283737415788,67.14578556304676,29.417458151578312,6deb6209d06483ee319207949c531b33,
trainval_2730,TN3K,nodule,trainval,2730.jpg,2730.jpg,412,332,1,25931,0.18957626622996843,0.18862027851690794,86.0696348487888,86.47466077903849,0fc5278231a3e85f8c975e8354827166,
trainval_2731,TN3K,nodule,trainval,2731.jpg,2731.jpg,1324,786,1,5999,0.005764588762559289,0.13484551262984926,39.4432663490601,51.259268121122666,df1ce0038324abe14c34b22c9a421bf7,
trainval_2732,TN3K,nodule,trainval,2732.jpg,2732.jpg,411,342,1,1894,0.013474481011937793,0.00023254312961747546,77.12136789212605,66.7814345271126,5cf1709f117a00045eaf545834dfb918,
trainval_2733,TN3K,nodule,trainval,2733.jpg,2733.jpg,428,374,1,3208,0.020040981558298764,0.022268223382681418,85.53557664957299,55.70204657903943,6940509fe19ab38ad01a699c7096b0db,
trainval_2734,TN3K,nodule,trainval,2734.jpg,2734.jpg,432,342,1,1197,0.008101851851851851,0.13612567087305244,100.37627359926607,50.866079163959284,fbfab67c09d44f8c1f1ed57ab626c160,
trainval_2735,TN3K,nodule,trainval,2735.jpg,2735.jpg,433,356,1,8042,0.05217064120196175,0.013576155313821645,72.1971500484386,28.235818823468357,a06423a8cf3d571cca64ce91c5813ce7,
trainval_2736,TN3K,nodule,trainval,2736.jpg,2736.jpg,480,350,1,8403,0.05001785714285714,0.06349429114501262,58.19242941346941,37.02095238095238,4c1752fe2a8f3c9fdc9cf47f2254d816,
trainval_2737,TN3K,nodule,trainval,2737.jpg,2737.jpg,413,339,1,9585,0.06846086267115216,0.09833858040532609,51.72554073475654,30.63271122158178,8486a52b840452c85cd81d6df5459273,
trainval_2738,TN3K,nodule,trainval,2738.jpg,2738.jpg,414,369,1,11532,0.07548800125682416,0.13666529116975948,60.555006227258744,29.932753361350038,c103133dfbb74c7bab7c25f505c6e88b,
trainval_2739,TN3K,nodule,trainval,2739.jpg,2739.jpg,502,308,1,1428,0.009235784136182543,0.11770693617377313,65.17035320796055,76.36348114037357,bb786337513caabd82d3d0c985b65a97,
trainval_2740,TN3K,nodule,trainval,2740.jpg,2740.jpg,292,333,1,2522,0.025936895799909498,0.12910616662258081,93.61034203232516,66.12904685507425,3303f3ad1f25c4a85263fe5ad10d0255,
trainval_2741,TN3K,nodule,trainval,2741.jpg,2741.jpg,904,617,1,16058,0.028789747708724774,0.1512918585250018,51.86181747550795,39.871326429626656,947b4fe8bfaef381c0b88115c660dd36,
trainval_2742,TN3K,nodule,trainval,2742.jpg,2742.jpg,413,352,1,5518,0.03795674664318732,0.11796636578803543,93.32673993306969,85.0432877503852,42eb0102f01cce223dcfdaf84a94ebf0,
trainval_2743,TN3K,nodule,trainval,2743.jpg,2743.jpg,356,311,1,887,0.008011488854366125,0.08939319279143995,57.56899525602057,38.22758228259691,e74837f7ac4291de6bfeec8a4ed84c7d,
trainval_2744,TN3K,nodule,trainval,2744.jpg,2744.jpg,432,326,1,40902,0.29043115201090663,0.08283026900893999,76.01483211496615,42.638185923653715,66abe7fce44df13fbcf420151f1050c9,
trainval_2745,TN3K,nodule,trainval,2745.jpg,2745.jpg,414,333,1,4640,0.03365684525104815,0.17922432866199953,98.17412724015443,78.4124269196733,398f593c34a765de31ce33bb955b70d1,
trainval_2746,TN3K,nodule,trainval,2746.jpg,2746.jpg,416,349,1,10835,0.07462943575049592,0.02255843736383211,42.952527550774256,35.513699856733524,93525fe621db8fb3be7ebf1343ee7eb0,
trainval_2747,TN3K,nodule,trainval,2747.jpg,2747.jpg,416,345,1,1013,0.0070582497212932,0.054832163204208965,100.25651166932275,43.2038740245262,b8317674622b88b0a56422579bf200f5,
trainval_2748,TN3K,nodule,trainval,2748.jpg,2748.jpg,415,343,1,3660,0.025712178158698935,0.07697237059107953,50.24174582656179,26.07036425585725,bfcd098428167b7f79ed8ef744832215,
trainval_2749,TN3K,nodule,trainval,2749.jpg,2749.jpg,1116,732,1,16734,0.02048445854633057,0.12102784854359291,31.668044960212924,28.860701030221126,7ce331d9dda696aa11c3c78089b6b6b5,
trainval_2750,TN3K,nodule,trainval,2750.jpg,2750.jpg,413,338,1,5137,0.03679957591300486,0.1232098561208746,55.633514763114924,78.78610112182471,0cdc99da03857de9b5d51ed9d3b872c2,
trainval_2751,TN3K,nodule,trainval,2751.jpg,2751.jpg,1226,644,1,200366,0.25377433049963016,0.07454536990155017,39.762931070488655,32.04327561225214,cdca750c69d9fb1c19be477e65cdad32,
trainval_2752,TN3K,nodule,trainval,2752.jpg,2752.jpg,418,349,1,8395,0.05754651019316982,0.13457886189979368,75.86586491395515,30.22347513743985,72222ae19d8e67ad8ba67af42a767245,
trainval_2753,TN3K,nodule,trainval,2753.jpg,2753.jpg,495,334,1,5202,0.03146434403919434,0.1721257900944447,74.16148264096384,72.69074578116495,04ff35866b95a98d00ad27f5f34356c6,
trainval_2754,TN3K,nodule,trainval,2754.jpg,2754.jpg,434,358,1,8349,0.05373555080709523,0.005651128716291546,87.12912073305331,48.25827047344438,5078c1fa0ec1a103314c65f461f1efb2,
trainval_2755,TN3K,nodule,trainval,2755.jpg,2755.jpg,946,619,1,20374,0.034793211447229556,0.13184270534196435,86.08250617289815,58.37436259123527,e7deff3d37dc6018d30408ba84d4f912,
trainval_2756,TN3K,nodule,trainval,2756.jpg,2756.jpg,471,336,1,11715,0.07402562936002427,0.03731825588272581,49.83049716412471,45.91535865938732,5093f51c6cbfc3c923eed54ba3b88dcc,
trainval_2757,TN3K,nodule,trainval,2757.jpg,2757.jpg,377,386,1,2918,0.020051950907766524,0.0936353596362981,37.138060175373404,55.21083410068581,96bae98573f2a13d303d975f42ac4c2f,
trainval_2758,TN3K,nodule,trainval,2758.jpg,2758.jpg,341,376,1,7744,0.060398078242964996,0.05034866659482976,40.46795413469889,64.49649029762276,bcf93cd7d3bfb10cb1699be29782b810,
trainval_2759,TN3K,nodule,trainval,2759.jpg,2759.jpg,528,371,1,11375,0.05806889651229274,0.20129455796139148,85.56969733592226,44.61681675242996,d1b85ceb5492f31bc373d4ffec2272d5,
trainval_2760,TN3K,nodule,trainval,2760.jpg,2760.jpg,1275,785,1,22261,0.02224153865367803,0.2022478276261923,74.47183794297551,38.55118771075309,6dc15a771756a7e49bd5ba651972ec92,
trainval_2761,TN3K,nodule,trainval,2761.jpg,2761.jpg,433,332,1,3301,0.02296251982525947,0.1508964392689584,73.0216317665401,48.29361557082835,8f47af25ce66b991c19fbe09bbb3e28d,
trainval_2762,TN3K,nodule,trainval,2762.jpg,2762.jpg,436,322,1,1420,0.010114536440822839,0.1029825225864994,55.020893698888315,53.63704484586016,27d380ba627c39f23885c64852da71e1,
trainval_2763,TN3K,nodule,trainval,2763.jpg,2763.jpg,952,572,1,6700,0.012303872597990245,0.17730922418718734,78.36453754450578,62.90137252453429,922c5b08ebd7adc5dd1ef34f9a658388,
trainval_2764,TN3K,nodule,trainval,2764.jpg,2764.jpg,429,385,1,51919,0.31434625980080527,0.04994248383694528,47.39146378802031,44.27233978143069,9b3d3558b40435a623fd3098211628ce,
trainval_2765,TN3K,nodule,trainval,2765.jpg,2765.jpg,416,346,1,1918,0.01332536682970209,0.02819163265254878,58.482592359378486,44.033549633170296,6c7de12ed157634490cf6399e0b1e4e9,
trainval_2766,TN3K,nodule,trainval,2766.jpg,2766.jpg,621,522,1,6244,0.019261973951295957,0.09181055509968238,51.576149469057206,39.402144606708994,9cc1470debfd2eac148151c7042b1be4,
trainval_2767,TN3K,nodule,trainval,2767.jpg,2767.jpg,860,742,1,14462,0.022663448881088198,0.24791951143032437,67.13810421596003,72.31912649658372,9ebd0b12377ef18f160329ff598969ed,
trainval_2768,TN3K,nodule,trainval,2768.jpg,2768.jpg,441,305,1,3162,0.02350841976134716,0.07229203186341261,39.55316767260505,37.623671982454184,ae053297387538bfdf509e6f2da2eded,
trainval_2769,TN3K,nodule,trainval,2769.jpg,2769.jpg,408,348,1,8447,0.05949261888663512,0.12407497560910463,79.66208609753909,72.62022481406356,fb58532f76165edd9b51e3e722198ee7,
trainval_2770,TN3K,nodule,trainval,2770.jpg,2770.jpg,286,280,1,2433,0.030382117882117882,0.36898922027012526,216.02910878288515,91.91791958041958,4f456cc1261fd790dd076059c1a91174,
trainval_2771,TN3K,nodule,trainval,2771.jpg,2771.jpg,431,350,1,4562,0.030241962214119986,0.17264459048450456,72.14432675089787,45.370454093470336,2492cc4ac3e2ab1a48eea40ab501b523,
trainval_2772,TN3K,nodule,trainval,2772.jpg,2772.jpg,434,326,1,13557,0.09582002205196347,0.07209990446465944,87.83235428472608,33.83881569647451,827fcbfec2ab85c97a9e4ea35de9b364,
trainval_2773,TN3K,nodule,trainval,2773.jpg,2773.jpg,408,334,1,1462,0.010728542914171657,0.0334691229978586,66.73644685009074,60.62720147939415,e1845d9b6954c9d7a307d30121350190,
trainval_2774,TN3K,nodule,trainval,2774.jpg,2774.jpg,409,334,1,51398,0.3762499450975799,0.05309928504133276,54.78296443766041,50.10483434109776,301d85dd780377f364815c1c87069cc7,
trainval_2775,TN3K,nodule,trainval,2775.jpg,2775.jpg,413,343,1,2136,0.015078463069766129,0.1456992141108332,69.98195061374223,34.71626935104723,032301f0a74831b5be6303de64a91bb5,
trainval_2776,TN3K,nodule,trainval,2776.jpg,2776.jpg,505,330,1,16048,0.0962976297629763,0.1690548313044061,68.00157671984549,61.80947494749475,c209e19830eeb351ecd815a4e942d9b1,
trainval_2777,TN3K,nodule,trainval,2777.jpg,2777.jpg,500,327,1,1927,0.011785932721712538,0.0650504250663909,46.12884157038927,45.449700305810396,47fdfbf86ca79fba3937c5bbff7d7b9e,
trainval_2778,TN3K,nodule,trainval,2778.jpg,2778.jpg,284,409,1,35829,0.3084558696924825,0.056610354949062545,53.70816181596004,79.27707565687524,1e8350624feb406b94a1a7c052af236e,
trainval_2779,TN3K,nodule,trainval,2779.jpg,2779.jpg,405,350,1,1408,0.009932980599647267,0.2023575550986883,95.87666638103404,76.72180599647267,321d9fe2ce680b9d64d566d510b9b8d0,
trainval_2780,TN3K,nodule,trainval,2780.jpg,2780.jpg,413,338,1,7542,0.054028110090691576,0.13964131597151394,98.06029979709564,32.456753155579754,4c62829a5f5f540b5035fe9b660a7507,
trainval_2781,TN3K,nodule,trainval,2781.jpg,2781.jpg,1111,773,1,12095,0.014083555832944225,0.11757073625288511,30.237680170814887,29.101746267770373,ed75d76aec5c9dc24e6b4bc67a984e03,
trainval_2782,TN3K,nodule,trainval,2782.jpg,2782.jpg,289,263,1,2176,0.028628942071125027,0.2965427350449174,194.96311328496213,65.12301498546186,43414f74c2d96f4a891d7db7a71c693b,
trainval_2783,TN3K,nodule,trainval,2783.jpg,2783.jpg,353,407,1,13105,0.09121534617285325,0.0938437034715607,40.42129285322142,70.7111943259252,ed5f9b9d04faa28a0f9a9a6ceb5c4f55,
trainval_2784,TN3K,nodule,trainval,2784.jpg,2784.jpg,411,332,1,3140,0.02301175504939466,0.10335792198164906,77.24612829791563,64.87836748453668,b66c1754324cc183687f19969594b179,
trainval_2785,TN3K,nodule,trainval,2785.jpg,2785.jpg,1266,757,1,93028,0.09706979199926541,0.19705680983303092,74.11892668687084,66.0678668394615,4e4997bca096c6d8946a657dfecbf9ea,
trainval_2786,TN3K,nodule,trainval,2786.jpg,2786.jpg,503,306,2,10972,0.07128471004041113,0.04432096245224726,74.7233980512858,82.86490209072363,07922d2baed5e369bb1b0cb2a4c1e9e3,
trainval_2787,TN3K,nodule,trainval,2787.jpg,2787.jpg,420,389,1,10199,0.06242502142245073,0.05905102850505242,45.82502051453162,43.41177622720039,8d7854ad57e92e4779d48e20c482f763,
trainval_2788,TN3K,nodule,trainval,2788.jpg,2788.jpg,1126,702,1,7754,0.009809577305136808,0.10485457755339746,35.042007647653236,42.16636304291722,15225c68843ff3243574140f96413971,
trainval_2789,TN3K,nodule,trainval,2789.jpg,2789.jpg,979,693,1,149674,0.22061266392216342,0.013127149729241512,26.08945158245972,40.40149046277749,4ae252c0243e3152f3a973a6c4910dc0,
trainval_2790,TN3K,nodule,trainval,2790.jpg,2790.jpg,1004,747,1,13879,0.01850562942340411,0.2980072951585621,91.350852132137,65.19325909214547,bb0f56e283cd4cb2a15d70d9221539a6,
trainval_2791,TN3K,nodule,trainval,2791.jpg,2791.jpg,1120,794,1,30135,0.033886964735516376,0.09433408658034169,37.04788840896819,33.532723101835195,68c1618b5fc0f1119254456123793afa,
trainval_2792,TN3K,nodule,trainval,2792.jpg,2792.jpg,992,696,2,17985,0.02604890850945495,0.06886264398924509,46.40830645737502,24.373592185761957,fa4a95e950798f6c01a9241a5d9d261f,
trainval_2793,TN3K,nodule,trainval,2793.jpg,2793.jpg,973,684,1,16572,0.024900380447521683,0.2727907553612229,75.46373168338587,79.59293317225918,4fe939dfae6320e3b0cdec3055f4eed3,
trainval_2794,TN3K,nodule,trainval,2794.jpg,2794.jpg,417,338,1,2180,0.01546691640770224,0.00467917118277423,44.39237834326386,42.38139429284974,bae16c23f3cd4c66f972aa8f13a347e9,
trainval_2795,TN3K,nodule,trainval,2795.jpg,2795.jpg,412,338,1,1913,0.013737289596139485,0.14165309779975546,70.4025795520833,63.76100132130752,2aa898628ea47b7d42ed56c72048147f,
trainval_2796,TN3K,nodule,trainval,2796.jpg,2796.jpg,418,341,1,2117,0.014852179769605298,0.09621368824444991,63.132472801473995,38.09263494647041,e448c56920c4e66068d1d7728c14b387,
trainval_2797,TN3K,nodule,trainval,2797.jpg,2797.jpg,1118,810,1,13393,0.014789416727401224,0.08642137794547533,38.02742300480284,33.72270478588308,e4dd27dfddfbfd0398e2937aff40e45f,
trainval_2798,TN3K,nodule,trainval,2798.jpg,2798.jpg,412,336,1,20930,0.1511933656957929,0.09077734915223898,71.99851999831117,74.9341048312529,5d037f5d07cc1b445799d982660fbc61,
trainval_2799,TN3K,nodule,trainval,2799.jpg,2799.jpg,290,290,1,2056,0.024447086801426873,0.29468333244368944,211.4428601923413,87.04873959571938,437012c06ec8fb678a66a6452b43c7df,
trainval_2800,TN3K,nodule,trainval,2800.jpg,2800.jpg,418,383,1,1396,0.008719877072220071,0.05606722964720604,52.52024750362036,37.06590503079441,d7942777756441ee287e90a31c1cc126,
trainval_2801,TN3K,nodule,trainval,2801.jpg,2801.jpg,414,382,1,25915,0.16386549308242912,0.0977833938458255,60.07944160956421,49.76026886207856,784aff48c0977a1f0dc3d20ec6453d13,
trainval_2802,TN3K,nodule,trainval,2802.jpg,2802.jpg,523,378,1,7799,0.03944985684947444,0.1155112167436193,64.18146610209047,62.81313039343632,eb5ccd030960ecd4836e3e4841374847,
trainval_2803,TN3K,nodule,trainval,2803.jpg,2803.jpg,413,390,1,63804,0.3961259079903148,0.07433198907556629,56.954600069446634,56.551387595455395,ea063cee9a61f72eed26a88ebb2010ad,
trainval_2804,TN3K,nodule,trainval,2804.jpg,2804.jpg,437,360,1,9704,0.061683193490973814,0.03971685720071569,64.55839249309618,31.05952834986016,5635fc8a70b83873901d2110b240ed78,
trainval_2805,TN3K,nodule,trainval,2805.jpg,2805.jpg,413,341,1,27153,0.19280282320194841,0.140691503604932,84.88226503575433,50.96039990627197,87907df7a3a407fd10f0323713bb0155,
trainval_2806,TN3K,nodule,trainval,2806.jpg,2806.jpg,410,338,2,2014,0.014533121662577572,0.10859689294992379,109.17140710074813,50.75041131476404,378f6e94292c18a6bc824ed53b4b8e73,
trainval_2807,TN3K,nodule,trainval,2807.jpg,2807.jpg,1114,778,1,11768,0.013578064641187411,0.13440034666278372,75.7213401211953,25.912147567994165,d9ca58d31f5cb52cd00095d3cacfc9b5,
trainval_2808,TN3K,nodule,trainval,2808.jpg,2808.jpg,412,338,1,4678,0.033592807491239156,0.15112081226863028,80.03785220972625,76.82056787499282,792e207ce9d56793212f1098930c9684,
trainval_2809,TN3K,nodule,trainval,2809.jpg,2809.jpg,412,334,2,2644,0.01921399918609383,0.12617581973726852,94.56038653848609,47.384636067670485,6c00f4bbeb75e0632fcd98817a80c9cd,
trainval_2810,TN3K,nodule,trainval,2810.jpg,2810.jpg,356,340,1,2396,0.019795109054857898,0.012261221294554772,41.0198631320944,36.60663417052214,fc319797dd75102a8c0d52c105842d49,
trainval_2811,TN3K,nodule,trainval,2811.jpg,2811.jpg,362,357,2,19283,0.1492099602271848,0.026959093773154155,62.67688094024541,46.25413590850705,f797a40d498cc787ad3cc7fe544089b3,
trainval_2812,TN3K,nodule,trainval,2812.jpg,2812.jpg,416,388,1,878,0.005439631245043616,0.0835625898043348,54.863843137040966,66.09639546986519,e4ab5057d301b1ec949891a731b895f7,
trainval_2813,TN3K,nodule,trainval,2813.jpg,2813.jpg,969,738,1,19385,0.027107262816694216,0.1571298370141305,59.090369355156625,85.32924452051537,966dc88c41aa9012703bbe2a66ef941f,
trainval_2814,TN3K,nodule,trainval,2814.jpg,2814.jpg,412,333,1,788,0.005743607685355258,0.015743377554067326,110.668087660219,65.2661156301933,58c9812240b2a2c94c771fe8f5959e01,
trainval_2815,TN3K,nodule,trainval,2815.jpg,2815.jpg,484,358,1,1070,0.006175262015790202,0.10621410220473249,61.32392864040942,68.87160649152777,1ab39de04bf2aec5bdbf8015d15479b1,
trainval_2816,TN3K,nodule,trainval,2816.jpg,2816.jpg,525,377,1,2576,0.01301503094606543,0.028418212695706303,64.40581774292586,82.85598585322724,ea2685cdfea7ea6a5e2e49b920ab0462,
trainval_2817,TN3K,nodule,trainval,2817.jpg,2817.jpg,414,332,1,1986,0.014449100750829405,0.17091164715188284,82.37700160880283,80.40774692974797,3e840b0825a231934e705ac8d1d6f1d7,
trainval_2818,TN3K,nodule,trainval,2818.jpg,2818.jpg,414,328,1,1608,0.01184164015553199,0.1816590950324427,97.50910769051748,68.43808913632614,074010585b5859d4ee6f90fa28e6e9d4,
trainval_2819,TN3K,nodule,trainval,2819.jpg,2819.jpg,414,338,1,7220,0.051596489723580025,0.07740773938495249,106.43198796942016,53.43989937969871,543c69c3e7dc8dfbf5345c43adc425cd,
trainval_2820,TN3K,nodule,trainval,2820.jpg,2820.jpg,418,388,1,2832,0.017461648498002268,0.04439181288999482,54.0340931763115,34.85749519064766,65b5f2601e5baf65e935ad80e22466e7,
trainval_2821,TN3K,nodule,trainval,2821.jpg,2821.jpg,1249,708,1,28764,0.03252771708892538,0.13416904447665254,62.41437246291843,43.68180080787794,ee946081ec7afd9e6ccf3ac3916ac952,
trainval_2822,TN3K,nodule,trainval,2822.jpg,2822.jpg,367,381,1,9939,0.07108069257010449,0.08537867596624872,53.282767914757514,50.73545166527209,fd8dc676ba0f377838f25909cc93e089,
trainval_2823,TN3K,nodule,trainval,2823.jpg,2823.jpg,416,395,1,8495,0.05169790652385589,0.07635397546928362,64.11611174734558,49.27131207400195,e4d95e9c8457128f8f7efa4c316f0946,
trainval_2824,TN3K,nodule,trainval,2824.jpg,2824.jpg,1119,826,1,53290,0.057654815459150445,0.053099981510103846,40.900013904158584,32.76041497618723,4402dddc873167afb7d04ff61593bf02,
trainval_2825,TN3K,nodule,trainval,2825.jpg,2825.jpg,1194,584,1,9269,0.013292776668731786,0.10803577601069557,99.7773045010217,33.87676108854776,5ea6c1cca5e8539b10baaa5d2c3fbcf9,
trainval_2826,TN3K,nodule,trainval,2826.jpg,2826.jpg,412,337,1,2472,0.017804154302670624,0.015905423658136394,57.913364425225694,54.959184408400795,c4e488d260fdc2e6033f3d39c16bbc6c,
trainval_2827,TN3K,nodule,trainval,2827.jpg,2827.jpg,340,290,1,6861,0.06958417849898581,0.14410188546619232,64.49440936770158,82.6987018255578,e27bac859622e8f91c45306ad9d888a1,
trainval_2828,TN3K,nodule,trainval,2828.jpg,2828.jpg,412,339,1,1553,0.011119225592118453,0.10548027111401687,142.34135037852246,49.612946415786006,bdb781d1587b41e4d1a33be1cc0bfd8c,
trainval_2829,TN3K,nodule,trainval,2829.jpg,2829.jpg,419,333,1,12794,0.09169551412988167,0.24572784068685793,174.05485694832922,67.57557318655171,b0e69d57a455576c86641991fb83c477,
trainval_2830,TN3K,nodule,trainval,2830.jpg,2830.jpg,411,331,1,7292,0.053601487786770166,0.17585129821362297,69.35389609994152,77.40903845164326,b59999fb9ef2d61d7dacd779205a8f4e,
trainval_2831,TN3K,nodule,trainval,2831.jpg,2831.jpg,412,335,1,16526,0.11973627010578176,0.17172639122072184,71.08892605891904,105.22745254310969,95a1973f2e21a5b46399a7e5f554b9d3,
trainval_2832,TN3K,nodule,trainval,2832.jpg,2832.jpg,420,302,1,924,0.00728476821192053,0.10378862775056542,62.19301800899254,45.03084200567644,1c304530610102aac479249a4ee5876d,
trainval_2833,TN3K,nodule,trainval,2833.jpg,2833.jpg,411,341,1,2490,0.017766551790568744,0.1599174549804979,61.215191894682135,53.991630455722756,390fb3fcde17f397f284a60e29e9b2a5,
trainval_2834,TN3K,nodule,trainval,2834.jpg,2834.jpg,413,329,1,4020,0.029585581077003466,0.11983793106124387,70.34791515001704,57.84817150805508,eba0a12e4caf4f4cf9da73b2348b4aef,
trainval_2835,TN3K,nodule,trainval,2835.jpg,2835.jpg,414,342,1,787,0.005558380653727717,0.07003852008336645,73.9629258832099,55.871020142949966,709807731fe34e6476e99911aabf8653,
trainval_2836,TN3K,nodule,trainval,2836.jpg,2836.jpg,413,334,1,3630,0.026315407925069957,0.07760830441757355,55.5867045019034,60.4950558930565,91880b9a4d5805b17a719a9d671aac59,
trainval_2837,TN3K,nodule,trainval,2837.jpg,2837.jpg,366,332,1,1844,0.015175455922048851,0.17024601468132822,131.43425066444607,56.66378629271183,f1a09bd481fc5ad29a9ad73c633a232d,
trainval_2838,TN3K,nodule,trainval,2838.jpg,2838.jpg,410,336,1,2953,0.02143583042973287,0.09665633328332035,58.79487057816316,70.9287456445993,433ed585630fd2794385d1b3b0ddc026,
trainval_2839,TN3K,nodule,trainval,2839.jpg,2839.jpg,522,358,1,2691,0.014399922943556154,0.08079364984735826,71.1333514927292,50.135651448019004,9f3bd07b2ea3d4ef44c7065d007def4e,
trainval_2840,TN3K,nodule,trainval,2840.jpg,2840.jpg,526,369,1,2319,0.011947819097962843,0.08468231441817584,68.90232517478152,45.96021515348233,9685df33aff5fe9895860721c43b8d0c,
trainval_2841,TN3K,nodule,trainval,2841.jpg,2841.jpg,527,377,1,4663,0.023470019478656526,0.10837345796410978,111.51691155154948,68.6087709320059,051c49265c5f9aa2fdcfa3f54bc49dcc,
trainval_2842,TN3K,nodule,trainval,2842.jpg,2842.jpg,484,311,1,3189,0.021185990273976243,0.1511641653154891,60.00065104562549,88.81182402806198,19784a32f35289b650d50b3c962c6417,
trainval_2843,TN3K,nodule,trainval,2843.jpg,2843.jpg,411,330,1,2363,0.01742239917422399,0.0925871695679102,117.45402060368114,93.92181670721817,6dd16b436e61692b0af49a4200cc33eb,
trainval_2844,TN3K,nodule,trainval,2844.jpg,2844.jpg,409,301,1,5331,0.04330308913239487,0.12436822658626381,71.09423497213182,41.11118602214298,df79dad251ca23d44fc04afaaf01c965,
trainval_2845,TN3K,nodule,trainval,2845.jpg,2845.jpg,326,329,1,9418,0.0878102448393533,0.10835689739156236,114.04457213665158,80.95423946892424,c1e6f0a9e8fc40065988636490e6d99c,
trainval_2846,TN3K,nodule,trainval,2846.jpg,2846.jpg,416,389,1,1500,0.009269329642080285,0.06499437621202328,110.26544697580512,61.13551141981412,5a2db9765b0f7c5248e3b81ed5ac1bed,
trainval_2847,TN3K,nodule,trainval,2847.jpg,2847.jpg,872,589,1,144472,0.2812884534508808,0.23243412919088974,90.30247984347535,41.77629047834146,d3b90a6a4ce649047d8ddf7f093aa1be,
trainval_2848,TN3K,nodule,trainval,2848.jpg,2848.jpg,354,391,1,20143,0.1455271865562732,0.07107218452164195,39.20855565140895,78.76252402213649,56ca3a9c0019c8422d500097a66f98ac,
trainval_2849,TN3K,nodule,trainval,2849.jpg,2849.jpg,323,376,2,33743,0.27783907515973916,0.09074826645061687,45.353607666003256,51.25926322376655,53d7d2f0cd0cb1758c7554522aa8838a,
trainval_2850,TN3K,nodule,trainval,2850.jpg,2850.jpg,413,384,2,33696,0.21246973365617433,0.16339695889211048,58.027275393642306,37.52046130952381,9910320eb76b6e90293dd448558ee52b,
trainval_2851,TN3K,nodule,trainval,2851.jpg,2851.jpg,1121,771,1,67827,0.07847704071892453,0.044795119033657196,17.71931657449514,20.17596966762352,2bade00c471f86f66d331e69a0e63df1,
trainval_2852,TN3K,nodule,trainval,2852.jpg,2852.jpg,410,383,1,3564,0.02269630007005031,0.16809561085938302,54.34815062006532,54.686085461376805,b263def27d9b137c3b79c9c9c02f4133,
trainval_2853,TN3K,nodule,trainval,2853.jpg,2853.jpg,412,381,1,4112,0.02619575465688148,0.15872932735195724,48.075141215669355,50.00815432051576,e9988854a9725d7dc394867ff294ba9d,
trainval_2854,TN3K,nodule,trainval,2854.jpg,2854.jpg,412,311,1,12170,0.09498017669278556,0.30687174918345833,199.56150553517713,70.24847813192645,acae79b2c5b49aae07654933a27b47df,
trainval_2855,TN3K,nodule,trainval,2855.jpg,2855.jpg,427,352,1,24494,0.1629630615286353,0.030651631359870774,50.9364810535333,39.75998642750692,03eb7718942d035ec17d7e01bcd3512e,
trainval_2856,TN3K,nodule,trainval,2856.jpg,2856.jpg,429,348,1,7230,0.048428582911341535,0.13422889436425325,72.52146122234193,35.83151809875948,5a5829c1b3ef491e9ff1701af5a7a4c3,
trainval_2857,TN3K,nodule,trainval,2857.jpg,2857.jpg,401,339,1,6465,0.047558095910665815,0.1383928548097884,62.06877036166465,58.8927239423565,e44aeb4222885c6a3c4eafc7ee3d11e6,
trainval_2858,TN3K,nodule,trainval,2858.jpg,2858.jpg,435,345,1,18663,0.12435782108945527,0.08424768169321303,76.82041377327691,58.75051141096119,28b7f030d99a1508f332c3873afa03aa,
trainval_2859,TN3K,nodule,trainval,2859.jpg,2859.jpg,1164,784,1,9482,0.010390367487201065,0.14061107887872895,38.933942865943145,15.182994073918227,6d813e935c0cbd2539f19a524821ef04,
trainval_2860,TN3K,nodule,trainval,2860.jpg,2860.jpg,1118,789,1,77742,0.08813266492990607,0.021716021423913743,25.727766596148257,27.69216485168382,1ddc0c27ba6ba6357831ec9e74e7fb3f,
trainval_2861,TN3K,nodule,trainval,2861.jpg,2861.jpg,412,380,1,13954,0.08912876852324987,0.1380298360505034,60.380888644684575,46.29591849770056,24036105c2cfc80749218db08eea8c64,
trainval_2862,TN3K,nodule,trainval,2862.jpg,2862.jpg,289,281,1,6428,0.07915378837320987,0.2207487757919692,141.83683193635042,60.66995037495844,b1207d86995b247914a56328a8210839,
trainval_2863,TN3K,nodule,trainval,2863.jpg,2863.jpg,614,405,1,2341,0.009414082921140467,0.06066168161876718,56.37319652512675,45.87307676840793,5cbf9553dd20531fcec66b91c6d9ef0a,
trainval_2864,TN3K,nodule,trainval,2864.jpg,2864.jpg,429,398,1,13814,0.0809056939710206,0.15962798135014505,88.67597230589064,70.01354089796301,c2ac054cec72327ca0eeb9e72ebbb421,
trainval_2865,TN3K,nodule,trainval,2865.jpg,2865.jpg,764,669,2,30498,0.05966942924893762,0.043452516837009715,55.65390759997804,63.9978106731153,e2e61c9d9d91572301a27177b78cbe5b,
trainval_2866,TN3K,nodule,trainval,2866.jpg,2866.jpg,289,369,1,396,0.003713393535319436,0.15162247413768715,80.36214354584335,57.05059029829052,f6e8910a3b983e24a74d44492d4d3f67,
trainval_2867,TN3K,nodule,trainval,2867.jpg,2867.jpg,420,341,1,4797,0.0334939254294093,0.17162621463623137,65.62965032087126,41.93046362239911,e4ac8c03dd18a7f4ff9e5f11396c90f3,
trainval_2868,TN3K,nodule,trainval,2868.jpg,2868.jpg,340,357,1,4985,0.04106936892404021,0.031619825252702564,66.36670536030825,146.24946449167902,2f5e5c2eee2c4e31c225f950289fcabc,
trainval_2869,TN3K,nodule,trainval,2869.jpg,2869.jpg,341,349,1,5451,0.0458032585770824,0.05107471881406158,30.50689063115069,32.517885201959515,e47fe337b6c76f8caff01d52dec87e4b,
trainval_2870,TN3K,nodule,trainval,2870.jpg,2870.jpg,403,341,1,2364,0.017202360594660283,0.14662641029338971,77.3404464903156,83.28647315223797,5b16371d8acb2d0f85786a8e870030df,
trainval_2871,TN3K,nodule,trainval,2871.jpg,2871.jpg,433,349,1,35462,0.2346658549335945,0.01960710005035893,59.21048053982961,31.2522217884156,f92af52ca53e58a6b87e72813a0c934e,
trainval_2872,TN3K,nodule,trainval,2872.jpg,2872.jpg,409,335,1,12873,0.09395321680108018,0.12531718191131047,85.05413543727215,68.83837536036201,30041489d3a6b2e75a1252979fa84352,
trainval_2873,TN3K,nodule,trainval,2873.jpg,2873.jpg,416,388,1,6863,0.042519577716098336,0.0126041730200791,59.77232280708238,58.96721352101507,77081d5b7cbcb8b40ae04f83467a84d7,
trainval_2874,TN3K,nodule,trainval,2874.jpg,2874.jpg,411,329,1,2216,0.01638822946479415,0.163378620975158,111.6167109397055,74.33853970226077,4c57d72f70cb9011d539da5cbb22bf25,
trainval_2875,TN3K,nodule,trainval,2875.jpg,2875.jpg,288,236,1,2378,0.0349870527306968,0.2832440012730632,163.8262509172692,38.92739230225989,3fda8b4396da823d94a9bdd7ae2f09dc,
trainval_2876,TN3K,nodule,trainval,2876.jpg,2876.jpg,413,341,1,3496,0.024823727393437616,0.11116158094433697,67.93195398296346,28.47156561317305,f3456b5efd65c0b72d01c39d2fc2ed01,
trainval_2877,TN3K,nodule,trainval,2877.jpg,2877.jpg,409,346,1,5226,0.03692920841754173,0.1396673254287978,63.90285358287874,35.63385954746527,31fcd3476811d49f7494d54380b9a94a,
trainval_2878,TN3K,nodule,trainval,2878.jpg,2878.jpg,358,399,1,2461,0.017228826255583092,0.06435632248246748,48.84676748160079,41.17960403802803,2f068e64f682940b683db4d2d568d376,
