image_id,dataset,class_label,orig_split,source_image,source_mask,width,height,n_lesions,lesion_area_px,lesion_ratio,contrast,edge_sharpness,mean_intensity,image_hash,split
benign_0001,BUSI,benign,,benign (1).png,benign (1)_mask.png,562,471,1,984,0.0037173878550218736,0.43023856533973787,191.31645464388507,132.37514639103597,96e5a08ef7b9c9429afac7aa75dfe0a6,
benign_0002,BUSI,benign,,benign (2).png,benign (2)_mask.png,557,473,1,9384,0.03561817498605107,0.33199514260732454,114.6873595542501,127.88180413799385,af08e8718a509791da991e015325091c,
benign_0003,BUSI,benign,,benign (3).png,benign (3)_mask.png,558,471,1,7022,0.02671810910972612,0.35711179906587454,138.33043523508363,113.44797540503313,0a1273ea3f74e4799c822d7ef9428c12,
benign_0004,BUSI,benign,,benign (4).png,benign (4)_mask.png | benign (4)_mask_1.png,555,465,2,2608,0.01010558946042817,0.3867944376206194,164.26054843932485,114.64103458297006,2b963bf372bee47cf0a117362dcb281f,
benign_0005,BUSI,benign,,benign (5).png,benign (5)_mask.png,549,496,1,3409,0.012519096304130678,0.3374604763513351,157.8249360436633,93.98917753687056,46043e8d74de32032ebfb8aa95f3b932,
benign_0006,BUSI,benign,,benign (6).png,benign (6)_mask.png,558,467,1,7412,0.028443584843391434,0.2911400856591752,159.6803265933692,63.539940748927414,d6274595b976caacdc96d4f9a6d94f70,
benign_0007,BUSI,benign,,benign (7).png,benign (7)_mask.png,624,578,1,2204,0.00611081536687073,0.3542767798733791,107.19910652885584,109.48447065477775,d77bccddb7e8e13fb51a6c813dbc9210,
benign_0008,BUSI,benign,,benign (8).png,benign (8)_mask.png,617,585,1,3997,0.011073709290889194,0.29001926514914195,90.84703651599601,107.80560196151768,9b2b5eaf768817119fe1f6a2cd3d0cbc,
benign_0009,BUSI,benign,,benign (9).png,benign (9)_mask.png,752,585,1,48785,0.11089516275686488,0.4075565025098591,101.59899482497384,49.57243362429533,fc89a35fe2d81190c6f06f16c71ce196,
benign_0010,BUSI,benign,,benign (10).png,benign (10)_mask.png,683,585,1,32918,0.08238665515385867,0.46343118707167325,115.63269801697257,103.24073281525698,c361932f412319342d95a68dd6229d50,
benign_0011,BUSI,benign,,benign (11).png,benign (11)_mask.png,689,587,1,1951,0.004823918327180839,0.4578223526642185,185.56376138096147,133.2340181434714,b4f7afd6b737975f89ed16ee99aeef3f,
benign_0012,BUSI,benign,,benign (12).png,benign (12)_mask.png,678,571,1,2890,0.007465038306753664,0.26846376959088136,70.29812694015904,87.84399361468003,72dc7812c39ccf5b5d6a48ff7a5247ba,
benign_0013,BUSI,benign,,benign (13).png,benign (13)_mask.png,678,571,1,52450,0.1354814045637473,0.4229430209019431,101.32954749855172,67.45613708806678,27c89910d1275404d33b932e1f880b32,
benign_0014,BUSI,benign,,benign (14).png,benign (14)_mask.png,699,531,1,4380,0.011800554464408397,0.18491435185334054,160.8848396405345,74.23784583303024,b45abfb0db9c2862c4f3e006fac9ebfa,
benign_0015,BUSI,benign,,benign (15).png,benign (15)_mask.png,701,526,1,3067,0.008317829499411487,0.3539424434023199,111.63192508874333,70.79220342476528,ac0c892066342baa91ab2ae2b3023dd5,
benign_0016,BUSI,benign,,benign (16).png,benign (16)_mask.png,558,462,1,2309,0.008956694440565408,0.3999963729426705,121.83385155917992,121.72148908439232,70efb94a91bed136cccfb9791de4efd0,
benign_0017,BUSI,benign,,benign (17).png,benign (17)_mask.png,558,463,1,5079,0.019659072435495483,0.43123430288475606,140.52446858511433,122.40197558388877,186a30e7d82f72ad9e551c0d1d86dacb,
benign_0018,BUSI,benign,,benign (18).png,benign (18)_mask.png,564,469,1,52484,0.1984152187391311,0.4191554041609484,73.36108767565338,103.21951035098066,2ce7b94bc0b85d87709c677a761e7dab,
benign_0019,BUSI,benign,,benign (19).png,benign (19)_mask.png,663,572,1,1890,0.004983704078726703,0.2460836927363538,76.17768887703063,66.45994314885718,44e92f0bdf87505d7288482cc4b949a9,
benign_0020,BUSI,benign,,benign (20).png,benign (20)_mask.png,319,473,1,6488,0.0429990655258571,0.3013940669169045,97.86135075762759,78.6213457753153,4696552f02c3ebfff024522d587dea23,
benign_0021,BUSI,benign,,benign (21).png,benign (21)_mask.png,558,451,1,1854,0.007367141120091553,0.3450339790716718,122.13105818335279,119.11903853642642,d566f8863d6e176188e67fadc586caba,
benign_0022,BUSI,benign,,benign (22).png,benign (22)_mask.png,562,463,1,13641,0.0524238487967226,0.2142340865759021,126.7644197374154,84.0573622437607,ed96231690475d1aa62313e08b2fde56,
benign_0023,BUSI,benign,,benign (23).png,benign (23)_mask.png,779,583,1,18935,0.04169263052204414,0.33408857448658574,74.26052519036996,115.57955288589629,a798efad39600b98f114c7836da36382,
benign_0024,BUSI,benign,,benign (24).png,benign (24)_mask.png,556,467,1,5465,0.021047401907168056,0.29118193135238457,85.46121999438652,83.2423782601328,9dae9a120dec8a290cbfc3d4e383820c,
benign_0025,BUSI,benign,,benign (25).png,benign (25)_mask.png | benign (25)_mask_1.png,770,583,2,5824,0.012973647278964603,0.39900502126508836,111.36496924405274,136.44967588157982,08dc9e43cb86ce9d602d5459084bf833,
benign_0026,BUSI,benign,,benign (26).png,benign (26)_mask.png,554,471,1,33610,0.12880651812335686,0.38747381789332885,98.80616092356973,67.96719093717185,2a8f14048be7132e78b575c6d8436c7f,
benign_0027,BUSI,benign,,benign (27).png,benign (27)_mask.png,774,576,1,6736,0.015109101349411427,0.45676536860524936,117.88938054668589,117.14259438702268,07f629f8d37149234c1f72593b9749ae,
benign_0028,BUSI,benign,,benign (28).png,benign (28)_mask.png,841,696,1,18616,0.03180395533505542,0.2632704434369811,68.39873341732269,94.40079714898793,293ecf1e262a2684061ca47596bebe5e,
benign_0029,BUSI,benign,,benign (29).png,benign (29)_mask.png,561,462,1,1415,0.005459484069109738,0.24881303867501334,120.29219379320111,56.165574769852846,a768fe588a550b2d2b55b298236d1845,
benign_0030,BUSI,benign,,benign (30).png,benign (30)_mask.png,557,462,1,3621,0.014071207069411737,0.27064295224049595,100.6572020298569,65.06725500711138,20a973179474ff94b5abade4f25c8ad9,
benign_0031,BUSI,benign,,benign (31).png,benign (31)_mask.png,557,467,1,1610,0.006189474817295161,0.3183763764234058,152.4108216015368,103.8378011602382,f644854d06dae3b14a48cb59a33e2497,
benign_0032,BUSI,benign,,benign (32).png,benign (32)_mask.png,656,611,1,48240,0.12035447686719093,0.12915489444119274,74.94874716892875,61.04914474472077,034ce26d595b8f3e680d8f51e9d332e0,
benign_0033,BUSI,benign,,benign (33).png,benign (33)_mask.png,556,468,1,15489,0.05952545655783066,0.4372181330339402,152.31578700075198,82.24802465719732,2d298c4c096f9e5ae8f9fb9b6579a124,
benign_0034,BUSI,benign,,benign (34).png,benign (34)_mask.png,558,471,1,13836,0.05264479601853754,0.5910466780735791,177.5371762794349,104.05905227191441,6df49b205d868be7f7c2fd248690e131,
benign_0035,BUSI,benign,,benign (35).png,benign (35)_mask.png,556,476,1,3048,0.011516836950607581,0.2707622428721487,123.37874636800494,76.81454416298894,126807b49d8cbc3f77f4761389153593,
benign_0036,BUSI,benign,,benign (36).png,benign (36)_mask.png,526,474,1,25483,0.10220837143636392,0.32530513702346614,95.93241485910148,68.55007540389212,f107dab50cabdb88aed68642b84e9a5f,
benign_0037,BUSI,benign,,benign (37).png,benign (37)_mask.png,557,468,1,4498,0.01725513664472372,0.1631917530326764,58.12725980762863,39.76779603799353,ad74f189ac5bc8368805fb4f96557a13,
benign_0038,BUSI,benign,,benign (38).png,benign (38)_mask.png,550,484,1,6008,0.022569496619083397,0.43229262105619437,147.64777501610456,57.91626220886551,e548bcd721b4422c34118ac3f4da982b,
benign_0039,BUSI,benign,,benign (39).png,benign (39)_mask.png,578,433,1,5658,0.022607222484157363,0.26307244000463387,88.75728206924566,123.64151689748036,bec925f21ca9c948aba8b20a8c30e975,
benign_0040,BUSI,benign,,benign (40).png,benign (40)_mask.png,706,526,1,8589,0.023128749771109125,0.25756587786582497,85.14701462742555,69.91351156302846,6d268db8bee7e62a0f723a343c340255,
benign_0041,BUSI,benign,,benign (41).png,benign (41)_mask.png,550,484,1,23703,0.08904207362885048,0.19439585300314924,50.69812529480201,78.31628850488354,3a91ed1cadd4c23536b7197961b81adc,
benign_0042,BUSI,benign,,benign (42).png,benign (42)_mask.png,581,437,1,16545,0.06516422013651205,0.1282173590635678,55.68325035349321,80.18381075790576,aa5f7a72abd239b4a77502652e996b76,
benign_0043,BUSI,benign,,benign (43).png,benign (43)_mask.png,554,495,1,2331,0.008500164095831967,0.22700731421959047,81.42911139685175,86.59669255734238,dc7b4453514b5c99a4235aae2d1e2c2a,
benign_0044,BUSI,benign,,benign (44).png,benign (44)_mask.png,777,580,1,6065,0.013458039320108285,0.40163856831958544,121.46306177164804,103.32432210535659,90a1911599391a95443c62d681214ef5,
benign_0045,BUSI,benign,,benign (45).png,benign (45)_mask.png,775,580,1,31072,0.06912569521690767,0.47325703230672267,111.12869334984232,101.45276751946608,b93721997c750226cc8fb5f909489725,
benign_0046,BUSI,benign,,benign (46).png,benign (46)_mask.png,561,468,1,2423,0.009228788640553346,0.43741610051732305,145.3707903101477,129.41835778600483,f3e6430d3737e93e63235ec312929c5c,
benign_0047,BUSI,benign,,benign (47).png,benign (47)_mask.png,763,585,1,2284,0.005117003282140897,0.37263818357126477,124.06968162216803,87.64071647007427,14cd8f429f481a735ecd62ff43981716,
benign_0048,BUSI,benign,,benign (48).png,benign (48)_mask.png,775,583,1,33097,0.07325181209539092,0.2206797128526044,55.7077265749673,63.61435954185802,b96f5ec541bf8b5688fc6794b0cb0a7c,
benign_0049,BUSI,benign,,benign (49).png,benign (49)_mask.png,777,576,1,143015,0.3195494601744602,0.47901366053642125,71.77445690529606,86.13496979121979,efa77d7fdc63cc3eabed6276cb7f336f,
benign_0050,BUSI,benign,,benign (50).png,benign (50)_mask.png,884,581,1,14608,0.028442146089204912,0.29912112754452397,62.70613115192567,96.63979836605634,89972733de5c63993f1bbbe17c1bee9c,
benign_0051,BUSI,benign,,benign (51).png,benign (51)_mask.png,357,338,1,1093,0.009058061094260189,0.31250690187359215,175.6213397183072,83.40383372283824,e36f4a585a1b410965a7b5738c1fd871,
benign_0052,BUSI,benign,,benign (52).png,benign (52)_mask.png,370,338,1,1284,0.010267071805533344,0.3215770020920082,179.41589454950966,77.26616024308332,d336083a3a0168d358e4a6d3db701c73,
benign_0053,BUSI,benign,,benign (53).png,benign (53)_mask.png,552,492,1,4931,0.018156445151408036,0.21333316674857497,53.1297266161646,58.36810342288206,d51d392f55e0497a7f75b97bbb041872,
benign_0054,BUSI,benign,,benign (54).png,benign (54)_mask.png | benign (54)_mask_1.png,616,468,2,20749,0.07197316572316573,0.3534627221921109,123.52064378813262,77.82443944943945,f0397726a90ed33ce566d52b3cd06d8b,
benign_0055,BUSI,benign,,benign (55).png,benign (55)_mask.png,763,614,1,8946,0.019095717658309176,0.22826572304617043,67.38492726062775,97.77351317660016,691d661d4f66235140b60e6eceeb7409,
benign_0056,BUSI,benign,,benign (56).png,benign (56)_mask.png,806,711,1,34453,0.06012047477951929,0.26849922932674347,62.15667690257247,58.377588270809994,30c12e98d97d5d1d329614801712de14,
benign_0057,BUSI,benign,,benign (57).png,benign (57)_mask.png,555,470,1,3536,0.013555683342917386,0.31218215957984286,96.52421065004229,52.995246310139926,cb5def78de23423d64b76d0264ade82f,
benign_0058,BUSI,benign,,benign (58).png,benign (58)_mask.png | benign (58)_mask_1.png,781,572,1,14751,0.033019797104304145,0.2584024357533382,73.99243921265433,83.93830976961578,78ef368ccc879b8f889f43c6940be0ae,
benign_0059,BUSI,benign,,benign (59).png,benign (59)_mask.png,563,468,1,13832,0.05249654627985001,0.35196267767855494,100.8462866244295,94.84235475398886,1c54ce16d8302a171d84e9efe0216ffe,
benign_0060,BUSI,benign,,benign (60).png,benign (60)_mask.png,759,598,1,2427,0.00534720478009703,0.3869448640859311,111.20029907727401,70.27254881224636,e5335a74c7431a6f830d72f6f48bf907,
benign_0061,BUSI,benign,,benign (61).png,benign (61)_mask.png,773,578,1,19209,0.04299296767637882,0.0020022413203813405,36.25191958999613,99.71998504903826,fb0528ac132d5194fca39667d3b6ffa8,
benign_0062,BUSI,benign,,benign (62).png,benign (62)_mask.png,389,594,1,49721,0.21518094397271775,0.17347653885241254,48.62012110738726,95.75022288004293,da69aaae86e2b2112abf7348895d1619,
benign_0063,BUSI,benign,,benign (63).png,benign (63)_mask.png,608,660,1,3949,0.009841008771929824,0.2510920353200789,96.39675864789547,64.36893440988835,7da06bd70cbc1b1f432684dfcb20d78c,
benign_0064,BUSI,benign,,benign (64).png,benign (64)_mask.png,610,471,1,128953,0.4488287912011416,0.0778583848814056,57.47398057184779,73.13426960426021,025fc50e0168625479b866ff1a4df2f8,
benign_0065,BUSI,benign,,benign (65).png,benign (65)_mask.png,564,474,1,11242,0.04205194960648771,0.321347790016996,87.14509857754116,82.82204416913547,99b6ade531e04608fe2b5b87942d077d,
benign_0066,BUSI,benign,,benign (66).png,benign (66)_mask.png,562,473,1,8318,0.0312911453356707,0.41682717414295,157.3289482656075,74.55660093444584,d07303cac7b191efd0e1bee1ec633a17,
benign_0067,BUSI,benign,,benign (67).png,benign (67)_mask.png,516,467,1,44240,0.18358979466494033,0.23919459786207628,67.55356350589511,90.90470262105141,212c1e57a669af2cd4da618712ba7573,
benign_0068,BUSI,benign,,benign (68).png,benign (68)_mask.png,682,587,1,79154,0.19771990388025998,0.4160441753205381,74.14034702020561,97.82350737134493,7a79148847eb1f89da9d58f46db0db09,
benign_0069,BUSI,benign,,benign (69).png,benign (69)_mask.png,811,719,1,5174,0.008873126636700857,0.23377770473630397,71.32351044922228,64.13514625910422,0c4fc038967a415061730177ef712cd3,
benign_0070,BUSI,benign,,benign (70).png,benign (70)_mask.png,713,475,1,3495,0.010319627961910386,0.32006224393115995,124.51380042136098,63.17775153170444,4edd8b3991b33629d724dd7ceab1ab9c,
benign_0071,BUSI,benign,,benign (71).png,benign (71)_mask.png,554,469,1,2315,0.008909808872091323,0.163280565405908,75.1339842107124,60.87136776150193,8ec2d02b6fa725f4b4797c8a6e2417c9,
benign_0072,BUSI,benign,,benign (72).png,benign (72)_mask.png,557,465,1,20685,0.07986332310187062,0.28342316830718434,79.37226939444649,91.33820582614236,570f5bed543b58b670eb91a1b2e085e1,
benign_0073,BUSI,benign,,benign (73).png,benign (73)_mask.png,557,471,1,61594,0.23478065310447613,0.325626330163106,73.99411212270151,98.2603650889852,968bfdea7a0b517e2ea4f712ff23a5cd,
benign_0074,BUSI,benign,,benign (74).png,benign (74)_mask.png,561,467,1,2108,0.008046200765686847,0.36167935865048106,123.50951061008004,92.96037971349723,48bb7e4be7a1a5ec2c841e03c0d243f2,
benign_0075,BUSI,benign,,benign (75).png,benign (75)_mask.png,685,578,1,14123,0.035670446796150834,0.36046113076525504,88.94763394777374,79.7133937817291,f5f528ebb86e4486c6e6f786c4efaba8,
benign_0076,BUSI,benign,,benign (76).png,benign (76)_mask.png,848,685,1,10263,0.01766802093375568,0.27414525504060666,65.92557294506678,79.30754028370748,d7f9e01a6da7ed5ffd5d505a20a8880b,
benign_0077,BUSI,benign,,benign (77).png,benign (77)_mask.png,551,488,1,7983,0.029688941120466515,0.18998940184211774,71.66372855566318,30.187524173633633,17e0cd67dfed31c10608570a2c568691,
benign_0078,BUSI,benign,,benign (78).png,benign (78)_mask.png,777,576,1,5828,0.013021950521950522,0.3681622503813838,89.98150697999274,101.49453247890747,6ff49bffd9ea4426e37b19b1393ffe5c,
benign_0079,BUSI,benign,,benign (79).png,benign (79)_mask.png,648,604,1,18767,0.04794937045212983,0.20870594925911568,86.9305134846355,47.239051896819554,46277cfc84f0d477742eb71be0656afb,
benign_0080,BUSI,benign,,benign (80).png,benign (80)_mask.png,561,473,1,60746,0.22892524297822148,0.37900387411094383,82.02152655041162,76.20206291242232,bb888697a5ce5a56460ca90cbdaee5ba,
benign_0081,BUSI,benign,,benign (81).png,benign (81)_mask.png,563,464,1,4011,0.015354167942671648,0.24402622838173657,104.81856064726783,93.07042781895021,6b8273ec7b7f2b284512a7d395a09793,
benign_0082,BUSI,benign,,benign (82).png,benign (82)_mask.png,656,458,1,14515,0.048311188624986685,0.28414918302205144,88.08819053850443,57.26210192778784,80ab48f1156e3d509de97137562bd0cc,
benign_0083,BUSI,benign,,benign (83).png,benign (83)_mask.png | benign (83)_mask_1.png,581,432,2,4241,0.016896952890928796,0.3061560396909897,130.8927371655786,107.04639988525531,a36a4da2466d53177db2f3a83bfcc2d8,
benign_0084,BUSI,benign,,benign (84).png,benign (84)_mask.png,839,510,1,45021,0.10521629390731263,0.32459915427425884,94.46059858585825,64.40336768795719,f33bd07c6e9f57527e974a8e1de8f28e,
benign_0085,BUSI,benign,,benign (85).png,benign (85)_mask.png,561,465,1,28115,0.10777605274758975,0.10546877149287415,55.09522165898107,72.75648323845667,f434245331a22cc76a20996535496f03,
benign_0086,BUSI,benign,,benign (86).png,benign (86)_mask.png,777,578,1,3074,0.006844709266854596,0.23329687685093553,97.85696465657425,94.33564236505413,465533281cfccf15dd684b1397cfc919,
benign_0087,BUSI,benign,,benign (87).png,benign (87)_mask.png,768,571,1,8875,0.020238160391126678,0.3438236321915813,127.7767018495298,76.27478747081145,de13dc7dfcd34a639f04d9a0a02f44a6,
benign_0088,BUSI,benign,,benign (88).png,benign (88)_mask.png,873,560,1,38758,0.0792791687121584,0.1848615728827837,48.2137926339952,64.50733308787433,58f1a08beb7a44cb0de9436ca4d0d85b,
benign_0089,BUSI,benign,,benign (89).png,benign (89)_mask.png,893,576,1,8041,0.015632776533532414,0.39624004706969224,111.93139495570098,92.52280274045042,d5cab5dbfcff96bfe1a5aa9614953da8,
benign_0090,BUSI,benign,,benign (90).png,benign (90)_mask.png,772,574,1,3287,0.00741772129046235,0.28184878694820453,95.819086002208,100.76275703634164,59414753d2b72b57b7367aee026637df,
benign_0091,BUSI,benign,,benign (91).png,benign (91)_mask.png,806,704,1,3430,0.006044862395668847,0.2434726221315594,75.15201869459172,51.64350291845251,2651ce48c1b7ce6af1581ef11e236505,
benign_0092,BUSI,benign,,benign (92).png,benign (92)_mask.png | benign (92)_mask_1.png,763,612,2,29750,0.063710499490316,0.43190895463926116,86.82264387550711,95.67297775379265,a8fa5ba4d76fc9355f447bbd6e78f48b,
benign_0093,BUSI,benign,,benign (93).png,benign (93)_mask.png | benign (93)_mask_1.png,561,466,2,9830,0.03760146274662811,0.2260630942599982,96.24783601940723,82.45455693006816,ad8a4e94854b4689aa10980fc7bba3b5,
benign_0094,BUSI,benign,,benign (94).png,benign (94)_mask.png,767,583,1,10379,0.02321087930298036,0.010631292759298524,36.59530065332943,100.87370991656249,aa42149d8dc1fa5e83bcc75c23211ab8,
benign_0095,BUSI,benign,,benign (95).png,benign (95)_mask.png,558,470,1,3486,0.013292152825440403,0.3157827387983306,100.40211014676214,79.12548615877374,e0036420a6cf5ba1f686e199f36a295a,
benign_0096,BUSI,benign,,benign (96).png,benign (96)_mask.png,767,574,1,60695,0.1378623443526296,0.322654772451266,56.65348611135133,92.48368002398594,459399bc00ab44a6b686aec266e39c30,
benign_0097,BUSI,benign,,benign (97).png,benign (97)_mask.png,592,470,1,48233,0.17335034502587693,0.14445674585358095,74.81250062651155,90.27650589419207,b4d166369e2abeca0df5e1fde7fb66ca,
benign_0098,BUSI,benign,,benign (98).png,benign (98)_mask.png | benign (98)_mask_1.png,795,558,2,140670,0.3171028606208156,0.375712008754844,66.57136241549985,98.26350623295237,5e0c1926a49d544b09475c76524d4341,
benign_0099,BUSI,benign,,benign (99).png,benign (99)_mask.png,554,471,1,11116,0.042600810933032876,0.3342481873836212,97.71331961771268,84.5028781224371,f827814381c2806080b0ff0f464416a1,
benign_0100,BUSI,benign,,benign (100).png,benign (100)_mask.png | benign (100)_mask_1.png,323,473,2,10011,0.06552602124637548,0.26836461059940675,88.29891906359404,90.10784859175672,c8ef9022b23dd1a8f1a3046b5b11ff41,
benign_0101,BUSI,benign,,benign (101).png,benign (101)_mask.png,563,473,1,4167,0.015647824437943814,0.4133257902597962,140.65581027545696,103.22568991997717,6199b14831c04cebd43b7f568227c7d4,
benign_0102,BUSI,benign,,benign (102).png,benign (102)_mask.png,634,610,1,18857,0.048758856079019496,0.20950735997280112,55.0129637465721,54.35941717950044,10c710780094c714b4c423385e21c13b,
benign_0103,BUSI,benign,,benign (103).png,benign (103)_mask.png,766,585,1,49587,0.11065809734217046,0.2944885575104939,64.63427020992587,89.7612327330343,9aaf91245c6a331d4c36e599716ea784,
benign_0104,BUSI,benign,,benign (104).png,benign (104)_mask.png,777,578,1,3930,0.008750718093278646,0.4476337839069114,130.8770353887156,98.20225737353765,78304e8686772ead15b5dd77e424ddd3,
benign_0105,BUSI,benign,,benign (105).png,benign (105)_mask.png,882,581,1,8813,0.017198043876185013,0.3721365837051958,82.65966517667223,99.87637430187222,580c891c3dcdca098979f1cf881fb230,
benign_0106,BUSI,benign,,benign (106).png,benign (106)_mask.png,808,716,1,11670,0.020171884506886444,0.2885845409819942,78.6302511791278,73.78538117429062,bd7ef0a0e2e6473adb2e7f219149b577,
benign_0107,BUSI,benign,,benign (107).png,benign (107)_mask.png,759,616,1,9871,0.021112451448419826,0.23000843876302476,68.64780810266825,78.30576587444176,d4670e8ad0e490925396af4818a07ef9,
benign_0108,BUSI,benign,,benign (108).png,benign (108)_mask.png,769,582,1,13857,0.030961350260748328,0.07915455922813182,37.190431874785986,101.42567443772651,dc08583bb3311d9ac38724d0fcd5a134,
benign_0109,BUSI,benign,,benign (109).png,benign (109)_mask.png,562,470,1,28435,0.10765124555160142,0.38110650627855674,106.66002255442069,75.17331339441205,e1dce99d6d14432ba4a0ef4b86d70d6f,
benign_0110,BUSI,benign,,benign (110).png,benign (110)_mask.png,555,468,1,37724,0.14523754523754523,0.30368670136232,69.67199605387626,53.54469084469085,9a0522e2779f1f2d4796f2c2f3e25c3e,
benign_0111,BUSI,benign,,benign (111).png,benign (111)_mask.png,315,477,1,2367,0.015753219526804432,0.40277694722927143,160.56362988444596,101.60301487471298,c3c9c4afed342db784faee2702296994,
benign_0112,BUSI,benign,,benign (112).png,benign (112)_mask.png,652,612,1,4986,0.01249548899314327,0.1915246997494115,125.99921728828326,53.88311229399736,557a92b3c1687803afc47ddd5cb609cf,
benign_0113,BUSI,benign,,benign (113).png,benign (113)_mask.png,810,695,1,21535,0.038253841371347366,0.3735821959428114,89.41787908127891,78.77738342659205,6bfb2e6d94743bc7396039feeda3eb0b,
benign_0114,BUSI,benign,,benign (114).png,benign (114)_mask.png,757,575,1,21951,0.05043018781230257,0.009193828939375264,32.75312764167053,100.5756131181437,ac0fec8581dea2818d858a48b887273d,
benign_0115,BUSI,benign,,benign (115).png,benign (115)_mask.png,554,469,1,4295,0.01653029335016511,0.34816811026471783,129.9498471343017,110.23764750255941,108123991b2037f1d0c55423ef1eeee6,
benign_0116,BUSI,benign,,benign (116).png,benign (116)_mask.png,766,588,1,5501,0.012213370988081916,0.055491667672340754,34.35617820312509,97.14843652865846,02060263d3d44263e308cd0aea5ea10c,
benign_0117,BUSI,benign,,benign (117).png,benign (117)_mask.png,806,688,1,13557,0.02444781868544059,0.34525656968671264,75.15585320836348,82.36780469155751,2c3b66335b832c4048334d02397ebceb,
benign_0118,BUSI,benign,,benign (118).png,benign (118)_mask.png,653,620,1,6834,0.016879909104381762,0.17680423001187423,41.26961406240861,71.8906683791928,0476546606d29ef5ec848e8e10a136a2,
benign_0119,BUSI,benign,,benign (119).png,benign (119)_mask.png,762,585,1,5148,0.011548556430446194,0.10270699184193993,37.873637933462845,93.76740247212688,50b06eb392f7345466a7c109c81c72a3,
benign_0120,BUSI,benign,,benign (120).png,benign (120)_mask.png,808,695,1,1930,0.003436854476814588,0.22283234537338253,83.0254051564479,57.246155352945365,ae3214e1c8715e6337988ec3683adacd,
benign_0121,BUSI,benign,,benign (121).png,benign (121)_mask.png,646,610,1,17725,0.04498045982845252,0.215321838078091,60.62928151593495,59.48698929097092,6e965c277562c4af0d30fcc482422f70,
benign_0122,BUSI,benign,,benign (122).png,benign (122)_mask.png,774,577,1,14179,0.03174891065342881,0.09613801788781993,32.86307967299762,87.36271994052817,e4b22204257beb368dfd6abbd6d96ee1,
benign_0123,BUSI,benign,,benign (123).png,benign (123)_mask.png,648,610,1,22304,0.05642582473183566,0.18681184277668728,83.15636509480888,65.75644100384538,bfa148b2cd0ece57f7fcbf622ff1754f,
benign_0124,BUSI,benign,,benign (124).png,benign (124)_mask.png,645,614,1,7566,0.019104613286872206,0.23712544594590315,107.57630879557126,80.26414918061764,bb4c04a9a103ff187ac637f60d396287,
benign_0125,BUSI,benign,,benign (125).png,benign (125)_mask.png,756,578,1,4905,0.011225078266600758,0.30573843099266035,85.38679242391066,81.24226259131103,34fa57deca11cfee61adf03b3490892a,
benign_0126,BUSI,benign,,benign (126).png,benign (126)_mask.png,771,570,1,5662,0.012883700821444011,0.3347355387631159,96.08453210614591,89.55458848158008,2845882eba1c7ea4f39612cc7008608a,
benign_0127,BUSI,benign,,benign (127).png,benign (127)_mask.png,558,476,1,4330,0.016302219812656244,0.1628397575444305,53.6038738784757,39.512687870847266,4509b0b11b852b50bfb94d4596789e5e,
benign_0128,BUSI,benign,,benign (128).png,benign (128)_mask.png,549,475,1,3891,0.014920908829450677,0.2611874777246709,88.80419119616677,64.33810756399194,2b4cd8641739401ccaef2a58f22f2eb4,
benign_0129,BUSI,benign,,benign (129).png,benign (129)_mask.png,775,587,1,6490,0.014266087816673078,0.365255820955358,96.58975511692879,103.498398637138,a968025550958a8fb3cec0702cf0a3c3,
benign_0130,BUSI,benign,,benign (130).png,benign (130)_mask.png,558,474,1,14986,0.056659558701208354,0.43215741399935664,141.9656094081515,81.18749149312644,d4292daa8face9cf60bac17aa48a868b,
benign_0131,BUSI,benign,,benign (131).png,benign (131)_mask.png,587,435,1,67475,0.2642503279876246,0.03735516506484981,45.208845135597166,79.11957156004621,3acc02d377fbd431214eec899c999a52,
benign_0132,BUSI,benign,,benign (132).png,benign (132)_mask.png,552,483,1,6449,0.024188345785699283,0.404039726426599,111.35184666585599,59.227668256968826,a15c46bf7e0cf371d0d3b0f9780f7004,
benign_0133,BUSI,benign,,benign (133).png,benign (133)_mask.png,369,342,1,1202,0.009524715130192237,0.281055854972193,139.7230168452017,82.7584034612276,509ef4c809d978e2339fa18cb4e9c24a,
benign_0134,BUSI,benign,,benign (134).png,benign (134)_mask.png,378,345,1,1257,0.009638831377961813,0.31952770410771236,171.263736554443,77.5490989954758,c721e931c55361c124260a5d89450402,
benign_0135,BUSI,benign,,benign (135).png,benign (135)_mask.png,776,582,1,11136,0.024657243065150387,0.2962971084027481,90.47008603352549,83.47392345980799,d2e467317ec616a36899a0b1303c09fe,
benign_0136,BUSI,benign,,benign (136).png,benign (136)_mask.png,886,581,1,16264,0.03159493828263716,0.32005697830273294,76.28073896142355,97.52942696293073,6d0d9a79172bfcd79a54fdf7d1ca9561,
benign_0137,BUSI,benign,,benign (137).png,benign (137)_mask.png,777,578,1,5551,0.012360110976027931,0.2829133427347338,84.88797250946988,95.26035501641039,df62ae4196b75cfa245cc88eee53582f,
benign_0138,BUSI,benign,,benign (138).png,benign (138)_mask.png,766,600,1,2052,0.004464751958224543,0.45780667627674854,162.23620881887197,71.89360748476936,6bfaa1dc59698b8dba13172bd8010fda,
benign_0139,BUSI,benign,,benign (139).png,benign (139)_mask.png,563,468,1,10374,0.03937240970988751,0.3085341586821281,92.77189864009023,82.90751241062075,75551edc06bf0234529576617586dc89,
benign_0140,BUSI,benign,,benign (140).png,benign (140)_mask.png,452,591,1,51903,0.19429720138358564,0.17709346313352467,47.19422235753505,91.79549810580536,823800b3f88f58645b37982bae9c9811,
benign_0141,BUSI,benign,,benign (141).png,benign (141)_mask.png,567,471,1,136993,0.512972885938208,0.07747604871280181,58.47707179342091,75.07818930041152,b84a967c6eff04546986a28df80fd54c,
benign_0142,BUSI,benign,,benign (142).png,benign (142)_mask.png,785,582,1,4471,0.00978615361043623,0.397473972911639,111.8038535902108,102.54812528728084,6fe6a899a5bbdd6595c91b810ae56acb,
benign_0143,BUSI,benign,,benign (143).png,benign (143)_mask.png,554,467,1,1392,0.0053803755440286335,0.453019230004375,195.31558055899032,118.95931864037291,36eec05bcc7bad0ba1eda189e4bddfab,
benign_0144,BUSI,benign,,benign (144).png,benign (144)_mask.png,770,580,1,1256,0.002812360053739364,0.3872126640742146,152.47041190749283,84.48454321540528,22aef137d6ad3c4f88c5f22edd316299,
benign_0145,BUSI,benign,,benign (145).png,benign (145)_mask.png,779,574,1,8622,0.019282292584524966,0.3044649284341926,67.35849061601049,106.57313047639921,d04830a310cf15daa2d9ee349eb364ff,
benign_0146,BUSI,benign,,benign (146).png,benign (146)_mask.png,449,594,1,1503,0.00563541877573058,0.30942088422096375,87.25292980125617,70.56130720718694,4f3d7188e937c5371893b5e4b5fb3588,
benign_0147,BUSI,benign,,benign (147).png,benign (147)_mask.png,564,463,1,3720,0.014245668857129728,0.16661013378958617,77.05806931978012,93.4581284561065,be45ce97a09b3fb67620c5e2877207c5,
benign_0148,BUSI,benign,,benign (148).png,benign (148)_mask.png,567,463,1,11290,0.043006083322857984,0.3385635119947005,127.88675599278925,67.9289618735263,a83912dca9ad4e9e2b4e4af0161cdf39,
benign_0149,BUSI,benign,,benign (149).png,benign (149)_mask.png,557,468,1,9048,0.034709754637941355,0.2413342446825972,84.34001317573053,73.26592781844128,12619f7e87cdde0f682db26ba9bea9bb,
benign_0150,BUSI,benign,,benign (150).png,benign (150)_mask.png,671,570,1,1825,0.004771616074463357,0.2333397895021413,68.62960028487656,65.77077940753523,71ca464fed65a888cbadb9770ac82cc3,
benign_0151,BUSI,benign,,benign (151).png,benign (151)_mask.png,560,469,1,2318,0.008825769113615595,0.4085666574174488,130.53024251080242,122.22674002436796,52b19e9526173b333a20fa57d71b18ae,
benign_0152,BUSI,benign,,benign (152).png,benign (152)_mask.png,555,471,1,61557,0.23548516669535777,0.46065696536149214,72.30126949192774,103.61671735429697,787cd3031242cfee3f9e14ecdca6c0b3,
benign_0153,BUSI,benign,,benign (153).png,benign (153)_mask.png,772,574,1,2802,0.006323229405499088,0.45503217368451027,137.5017318491797,137.52951968731384,da9d4c386c5669d25e52dd52acf4dc08,
benign_0154,BUSI,benign,,benign (154).png,benign (154)_mask.png,556,464,1,2060,0.007984991317290994,0.3532567885535021,99.44361905927684,116.45143884892086,41d6a6839a806bca45bbaf9261926912,
benign_0155,BUSI,benign,,benign (155).png,benign (155)_mask.png,783,583,1,60771,0.1331269756773986,0.3213266370618318,55.62793315777447,93.74485913132628,a40ae705dd85a7dacab8462e477e66bb,
benign_0156,BUSI,benign,,benign (156).png,benign (156)_mask.png,887,581,1,9572,0.01857389293039447,0.3992663493239221,105.9875100323823,99.14981556116558,55312eeda1d002ed0989808cf5b17a18,
benign_0157,BUSI,benign,,benign (157).png,benign (157)_mask.png,567,465,1,11014,0.04177428836927045,0.31363006029867113,90.46306901423546,82.44951167245074,ab0e3034452fafaa0f7ebfba0d7fc328,
benign_0158,BUSI,benign,,benign (158).png,benign (158)_mask.png,556,464,1,36491,0.14144675638799306,0.32011955002173814,108.42189573860504,55.06172088191516,d0cc5ef9cc248cb8e724890e2ee788f1,
benign_0159,BUSI,benign,,benign (159).png,benign (159)_mask.png,696,574,1,3370,0.008435459970363251,0.32045440140392,108.01257349256265,110.71101415755537,fb579e591513515ef896053abd212ebe,
benign_0160,BUSI,benign,,benign (160).png,benign (160)_mask.png,624,585,1,3629,0.009941376287530133,0.35104469854090653,103.88105003871395,121.31410256410257,4b9563325587b5f6ebb3a3fe8f3fd866,
benign_0161,BUSI,benign,,benign (161).png,benign (161)_mask.png,568,463,1,3109,0.011822011985520032,0.339399633124398,132.38991503125314,68.94452894472667,c4422bb5893db85e77c0488f684deeba,
benign_0162,BUSI,benign,,benign (162).png,benign (162)_mask.png,549,470,1,1248,0.004836646901523078,0.3424222480555498,147.60703489531141,106.08173080649537,8c5e7d3c5dbabafc72efa7c72a93056f,
benign_0163,BUSI,benign,,benign (163).png,benign (163)_mask.png | benign (163)_mask_1.png,779,576,2,4564,0.010171516188846099,0.23710335654464876,99.63330413596597,95.18466962630153,c629fc4db6f32245ac70cf71aa96ac4b,
benign_0164,BUSI,benign,,benign (164).png,benign (164)_mask.png,560,470,1,41483,0.15761018237082067,0.12462515009403391,66.24734882294439,72.72534574468085,98e6d6e9961757a61a2237ebdcf6fe91,
benign_0165,BUSI,benign,,benign (165).png,benign (165)_mask.png,558,464,1,1624,0.0062724014336917565,0.26082204156575634,116.9726919344467,83.9873818131257,71f65f14971a00ae1b19146a4b3a596d,
benign_0166,BUSI,benign,,benign (166).png,benign (166)_mask.png,555,471,1,2895,0.011074769036552476,0.2538225888660099,82.37266749510398,83.30981427287159,2a7f27ae8f1165a6a4dd8e249ba04d1d,
benign_0167,BUSI,benign,,benign (167).png,benign (167)_mask.png,566,463,1,2564,0.00978409359760053,0.3139259490726238,103.60303479481617,123.38127819032428,eb0f9f2a7e6c62bb67243d3795a33453,
benign_0168,BUSI,benign,,benign (168).png,benign (168)_mask.png,557,471,1,12394,0.047242773883444444,0.344081431863192,102.65666555267633,94.67297891723557,4db94901b34535589da9187f4d187262,
benign_0169,BUSI,benign,,benign (169).png,benign (169)_mask.png,561,469,1,1396,0.005305785815004428,0.21784408465335683,127.93881511967038,83.29470675651537,f3e06b4f6d19db4726a97eabc0744767,
benign_0170,BUSI,benign,,benign (170).png,benign (170)_mask.png,564,468,1,12570,0.047622294962720496,0.20948521238926007,75.4808276674115,72.95369612656847,3c7c36b43928231cfe80866c7fd090b5,
benign_0171,BUSI,benign,,benign (171).png,benign (171)_mask.png,566,463,1,1369,0.0052240343740698626,0.2259982464660643,96.52740277401173,98.78131940257501,27fd130630be8a1a02324bf3c4b38f6c,
benign_0172,BUSI,benign,,benign (172).png,benign (172)_mask.png,619,589,1,8769,0.02405160851474666,0.2936074813784945,102.7574413140402,100.74423394982323,a2c6bc327ab3a2919ae08d61b978fdd5,
benign_0173,BUSI,benign,,benign (173).png,benign (173)_mask.png | benign (173)_mask_1.png,726,573,2,42335,0.10176731618902014,0.4020361683126348,119.0470120139188,63.29438122298665,9f45ea48504b6d78d95942164ecae490,
benign_0174,BUSI,benign,,benign (174).png,benign (174)_mask.png,556,490,1,25662,0.09419321685508736,0.40598721392227916,130.43460905891357,64.36268536191454,23b294c47df796a3d848a3ea48c97016,
benign_0175,BUSI,benign,,benign (175).png,benign (175)_mask.png,765,573,1,22507,0.05134540145319326,0.36066028049212234,65.01472993729324,117.4908850334782,6785f02cd26e8079ba22891ace8cb7dc,
benign_0176,BUSI,benign,,benign (176).png,benign (176)_mask.png,715,487,1,4951,0.014218635573871714,0.25176809999670674,101.17671366845748,125.18418173202568,2ab082206fedad94271ea31a3770c4bb,
benign_0177,BUSI,benign,,benign (177).png,benign (177)_mask.png,562,470,1,2830,0.01071401529491936,0.2986369710763777,131.9690079119348,76.79336336791096,f8e9e03cc6e036d03f64c2630cae001e,
benign_0178,BUSI,benign,,benign (178).png,benign (178)_mask.png,772,576,1,32243,0.07250962507196315,0.28721442766186245,80.51355439683549,103.31740473877375,7b2407e411a9968df67280f79d82314b,
benign_0179,BUSI,benign,,benign (179).png,benign (179)_mask.png,422,468,1,967,0.004896301697249565,0.18068408542500833,113.60618580386513,95.93634301454206,39cb79d3598f22af01d776d605c5b976,
benign_0180,BUSI,benign,,benign (180).png,benign (180)_mask.png,763,600,1,11539,0.02520532983835736,0.36008110045224123,79.69957733634405,94.78894932284841,f15cc39a9aee04ad73d67583b3e39a22,
benign_0181,BUSI,benign,,benign (181).png,benign (181)_mask.png | benign (181)_mask_1.png,733,455,1,26899,0.08065304409097042,0.23262148635595364,78.5667982928865,63.77186933121449,7bc020e9835d552e410bc40fd5770952,
benign_0182,BUSI,benign,,benign (182).png,benign (182)_mask.png,555,463,1,3096,0.012048333430622848,0.28292410152308206,85.66056755999193,94.18403673652054,648ca1827f3a70df2f0415161346b64a,
benign_0183,BUSI,benign,,benign (183).png,benign (183)_mask.png,916,683,1,4709,0.007526837034148088,0.17380414821475504,50.29840461452224,66.9137938199697,bbb6837ee1f4d8e11edaf4da8c06d00c,
benign_0184,BUSI,benign,,benign (184).png,benign (184)_mask.png,349,487,1,24349,0.14326059201120245,0.35986659494574047,82.80343542404093,68.60951501209087,46bb599c16873e598214760f09cb474b,
benign_0185,BUSI,benign,,benign (185).png,benign (185)_mask.png,752,592,1,3335,0.007491284502587694,0.25434557916434625,62.00108211928555,105.70415828062104,d3d42a9f99798f7fc8cfd08d49e9af1e,
benign_0186,BUSI,benign,,benign (186).png,benign (186)_mask.png,741,574,1,33341,0.07838780816957967,0.3512090569036385,63.18523708261303,128.3997376179661,8640dc97c0ec6a315503c2820bbfdf59,
benign_0187,BUSI,benign,,benign (187).png,benign (187)_mask.png,730,574,1,6575,0.015691375113359746,0.2772547984128167,80.11570515424349,113.93250441506372,a87861cd25bdaf363d8ce91f2fdf1a96,
benign_0188,BUSI,benign,,benign (188).png,benign (188)_mask.png,655,600,1,176271,0.44852671755725193,0.06802326791890913,14.625517272366755,35.31050381679389,bdbdf5a5b3cabad50dce39e45b0f501f,
benign_0189,BUSI,benign,,benign (189).png,benign (189)_mask.png,544,465,1,2348,0.009282099936748892,0.3172488769626091,171.19294750188232,81.84644212523719,b7007b25a2c50a8fcd5aed510698dc9a,
benign_0190,BUSI,benign,,benign (190).png,benign (190)_mask.png,734,470,1,30729,0.08907472896979535,0.21739296379674583,51.48547171315078,68.06888515276248,3f03b0954b500e07c3ea12d084ccd77f,
benign_0191,BUSI,benign,,benign (191).png,benign (191)_mask.png,549,463,1,4093,0.016102318371907298,0.3162606279583256,132.23252275279035,64.40684614083332,082cb48db39b05cbac2af3f5f1549f7b,
benign_0192,BUSI,benign,,benign (192).png,benign (192)_mask.png,557,474,1,8201,0.03106227605693551,0.3515354110266029,90.42835479417782,65.83663235082456,1eb2eb6ac930bb4049e026854d2272ba,
benign_0193,BUSI,benign,,benign (193).png,benign (193)_mask.png,754,580,1,4502,0.01029452117442605,0.266568644447518,68.23800833386929,86.582740327449,24782d49f21132617936aa3f492b9bc0,
benign_0194,BUSI,benign,,benign (194).png,benign (194)_mask.png,711,492,1,10649,0.030442066024035767,0.23004539482316622,76.53760003407483,119.82384252112563,3d198d6f4e682cb5db486826f822f39e,
benign_0195,BUSI,benign,,benign (195).png,benign (195)_mask.png | benign (195)_mask_1.png | benign (195)_mask_2.png,729,611,2,156339,0.3509931098583581,0.18327911420056606,41.69297745919523,54.689447464073154,6478a754e294f3d148cacc4d1548e12c,
benign_0196,BUSI,benign,,benign (196).png,benign (196)_mask.png,766,580,1,15265,0.03435896281624201,0.28089340665922197,76.98115523111613,101.460288556766,105d0c6d5412fbd03c1cc71126315841,
benign_0197,BUSI,benign,,benign (197).png,benign (197)_mask.png,547,465,1,3583,0.014086611232332763,0.2355718828266597,82.07270227159847,92.2717225924397,6e0abba93dd32d696105e6e77ca432b8,
benign_0198,BUSI,benign,,benign (198).png,benign (198)_mask.png,759,571,1,41224,0.09512008841941073,0.36285206983901364,81.82478090395509,106.60332864931966,5c8ecffaf46665aabcab97de80cbb29e,
benign_0199,BUSI,benign,,benign (199).png,benign (199)_mask.png,556,473,1,48810,0.1855978219538534,0.09236213760190323,71.06887818399579,93.71101723272545,70a1ac55af0553adb67f3f9a54b8feb9,
benign_0200,BUSI,benign,,benign (200).png,benign (200)_mask.png,554,473,1,33776,0.12889536791812,0.19160373025148913,116.26543707772363,75.21245830821013,414c667093937cf063ebd17f6acf2555,
benign_0201,BUSI,benign,,benign (201).png,benign (201)_mask.png,556,474,1,6540,0.024815590565522266,0.16949613268451202,75.42799450025929,121.14734541480739,1eac8835e47c14d3fab68245b0df2d2a,
benign_0202,BUSI,benign,,benign (202).png,benign (202)_mask.png,552,469,1,1568,0.006056673155959333,0.24630435507536352,115.81094709420944,76.91968341522202,327c0703da1f4b1f0136bebea98b0cf7,
benign_0203,BUSI,benign,,benign (203).png,benign (203)_mask.png,569,471,1,27411,0.10228023238892682,0.10723463448628014,110.69202990303862,104.0290224963526,d67e8342eb717edeb4065f5c48f7648a,
benign_0204,BUSI,benign,,benign (204).png,benign (204)_mask.png,560,476,1,14121,0.0529749399759904,0.09729082333161664,109.2355378961664,78.25762680072029,a46befa60fd3245bc906b75e033609ef,
benign_0205,BUSI,benign,,benign (205).png,benign (205)_mask.png,557,477,1,59848,0.22525584423894102,0.04247014603525779,67.23185653908457,66.41060789118104,81b488bd319641d3345e20895c39d0aa,
benign_0206,BUSI,benign,,benign (206).png,benign (206)_mask.png,569,485,1,14848,0.05380392441070426,0.13319369715407578,94.47731154462221,59.25334734477198,428b0dad39820207d2d3e7f0148a56ff,
benign_0207,BUSI,benign,,benign (207).png,benign (207)_mask.png,562,481,1,33244,0.12297926176929735,0.007515721310977429,59.836990203954414,57.58144361169272,f40e5fff729be7d05ed49fefc22bd866,
benign_0208,BUSI,benign,,benign (208).png,benign (208)_mask.png,562,479,1,3229,0.011994888520717093,0.3565986171096316,171.7237667414427,74.19393903372239,8f2c5aef9c31ab265900d4164df84e76,
benign_0209,BUSI,benign,,benign (209).png,benign (209)_mask.png,558,477,1,7707,0.028955614165595906,0.2435335078627273,138.99842389173227,83.02119354087299,a43cae52dd24a6cba87378cb43dde871,
benign_0210,BUSI,benign,,benign (210).png,benign (210)_mask.png,563,471,1,21372,0.08059644081411003,0.0679188337176472,63.98760103341814,88.84769942641219,42b21c55cbb488ec8de0da0372f659e5,
benign_0211,BUSI,benign,,benign (211).png,benign (211)_mask.png,557,465,1,4489,0.017331711743016544,0.14642816895080596,93.963230576825,99.00121233180826,e99001cc88e52dcc66efdb3ecfd3b32e,
benign_0212,BUSI,benign,,benign (212).png,benign (212)_mask.png,558,469,1,22229,0.08494012273501922,0.17575076928890457,69.186483637694,96.67359439362328,5bd85c398518ccb353ee0a5000ff7b65,
benign_0213,BUSI,benign,,benign (213).png,benign (213)_mask.png,573,486,1,10555,0.037902455490200306,0.16763361359432846,132.7603102825752,41.350584247229584,667b6114a4dd2d9f7c83953b7e3234f7,
benign_0214,BUSI,benign,,benign (214).png,benign (214)_mask.png,602,396,1,13344,0.05597503271921877,0.10496304017076226,116.26648253267669,104.95043457834156,929d7cdb79da0222f817b02fd29e94d3,
benign_0215,BUSI,benign,,benign (215).png,benign (215)_mask.png,600,396,1,5614,0.023627946127946126,0.14869109794407462,147.47590039942236,105.57599326599326,78e45f1b465eec1a00f3300dc24f95cb,
benign_0216,BUSI,benign,,benign (216).png,benign (216)_mask.png,646,386,1,14460,0.05798938064454034,0.19065160462886488,97.4402806916828,100.66214969762108,1d429640f4aec66e110337957fb1932f,
benign_0217,BUSI,benign,,benign (217).png,benign (217)_mask.png,603,396,1,20778,0.08701442283531836,0.21312649554568328,122.81521341912263,81.64406502839338,93a96157b4bb8ee195b9134630507cb7,
benign_0218,BUSI,benign,,benign (218).png,benign (218)_mask.png,602,396,1,30047,0.12604030336588476,0.1816901503821936,133.87521151549655,86.46267492197725,32b5f6b006395094ca14429f4bb4bd36,
benign_0219,BUSI,benign,,benign (219).png,benign (219)_mask.png,608,396,1,6119,0.025414506911217438,0.09459686051141301,77.24894104117277,70.51536333732058,dbc18c5c3b1ffdc8a76df05c308eab58,
benign_0220,BUSI,benign,,benign (220).png,benign (220)_mask.png,609,396,1,7666,0.031787497304738684,0.13803314920507778,104.13544715391683,96.89179147799837,1e8353de59bc061b8bab622adaac7263,
benign_0221,BUSI,benign,,benign (221).png,benign (221)_mask.png,610,394,1,2110,0.008779229424981277,0.11800150908434885,169.26758453897392,96.56859449113756,31113537dca42d94ecd0578efc78b35c,
benign_0222,BUSI,benign,,benign (222).png,benign (222)_mask.png,605,392,1,8311,0.03504385225164446,0.1595700493926315,110.99142101221645,109.5379785798617,3241a299b06f89ca254fd3ad64ca4716,
benign_0223,BUSI,benign,,benign (223).png,benign (223)_mask.png,562,465,1,7241,0.027708261584969196,0.09818768600582443,88.66607259193786,89.50241074503501,2926d4ff1d46c17db6a74466923f53e4,
benign_0224,BUSI,benign,,benign (224).png,benign (224)_mask.png,568,469,1,33419,0.12545046397789725,0.020499164275988687,93.41735733230772,102.41230592510286,facafba474f08bf84a0b7ee052a57767,
benign_0225,BUSI,benign,,benign (225).png,benign (225)_mask.png,558,473,1,11894,0.045064296377124585,0.09979914716997283,84.76493265066625,82.36861109216699,c2772acbcc799ca34c926fc0ce611c0a,
benign_0226,BUSI,benign,,benign (226).png,benign (226)_mask.png,555,469,1,7646,0.029374363702721912,0.1679825178946486,113.79925943649378,107.72915346049675,d3ffe8234d58b4c239cd80e3678c0915,
benign_0227,BUSI,benign,,benign (227).png,benign (227)_mask.png,567,468,1,6774,0.025527969972414417,0.2031143545190652,125.19257659982222,104.92027691101765,534f31b05878e18c2c1135b96037e8cd,
benign_0228,BUSI,benign,,benign (228).png,benign (228)_mask.png,563,469,1,30588,0.11584301279696417,0.10740682090740647,73.89943162317584,89.02129923839317,6eefeab599e46691541771635e593e17,
benign_0229,BUSI,benign,,benign (229).png,benign (229)_mask.png,564,470,1,15129,0.05707333635129018,0.19493784289478183,92.70369727764887,85.16665912177456,8fde1e536d8132a71cd701a58fcffe28,
benign_0230,BUSI,benign,,benign (230).png,benign (230)_mask.png,566,470,1,12385,0.04655664987594918,0.22165318992621943,152.1037853155488,60.51832944891362,77821f475f9441d7be9b83b935bc3c58,
benign_0231,BUSI,benign,,benign (231).png,benign (231)_mask.png,561,472,1,14369,0.054265234599232604,0.3157955718849697,123.7047851593015,121.95968533792562,d35fc67f8a744ff11b5e76956ca5e34d,
benign_0232,BUSI,benign,,benign (232).png,benign (232)_mask.png,562,469,1,29842,0.11321885741602107,0.19046244034480944,82.65520025277563,58.19970558999613,94f2f6f668d3734568b13a31ed4329d7,
benign_0233,BUSI,benign,,benign (233).png,benign (233)_mask.png,557,471,1,43145,0.16445776014210187,0.1006166642800593,45.86890430193931,89.00222224763385,82ab0ba9dbcef93bceae59ce0b79fead,
benign_0234,BUSI,benign,,benign (234).png,benign (234)_mask.png,562,469,1,33802,0.12824287307741922,0.15250425808177903,86.0557371472337,57.751238722503395,522672f2a6a32f6a9401838ce92a8cbc,
benign_0235,BUSI,benign,,benign (235).png,benign (235)_mask.png,560,468,1,21762,0.08303571428571428,0.07655491462316524,67.79399361820184,78.26452991452992,ca3aa1a25a97c284c658a71e3f7bc843,
benign_0236,BUSI,benign,,benign (236).png,benign (236)_mask.png,566,469,1,80548,0.3034348700716508,0.03083022483096072,42.07052865668894,67.41917243665569,e625112bd6e9c8c585305d3cd95040b6,
benign_0237,BUSI,benign,,benign (237).png,benign (237)_mask.png,558,473,1,25108,0.09512984306682731,0.15039029611156907,111.72489149523827,92.63825426053484,a18846ab4ec70b6edf99d6db40050eb7,
benign_0238,BUSI,benign,,benign (238).png,benign (238)_mask.png,556,469,1,23244,0.08913807120614808,0.18142460587452652,74.1773584396934,97.11108511911154,a205eff1b1e8039e00731710347af477,
benign_0239,BUSI,benign,,benign (239).png,benign (239)_mask.png,560,473,1,6227,0.023508758683177287,0.13918715176236973,117.93765281870557,95.16393461189973,2dc42ec45aac78ebad3470648f0e5d24,
benign_0240,BUSI,benign,,benign (240).png,benign (240)_mask.png,556,473,1,28186,0.10717599282096521,0.15027859131976493,43.026965841836216,90.44852236603951,5e34dae729281184f812fb5846bfb138,
benign_0241,BUSI,benign,,benign (241).png,benign (241)_mask.png,562,471,1,12012,0.04537933223020604,0.1582992301815831,127.37465962689507,79.84676353030956,ae9b8b14923ea571b1b3edad5555f475,
benign_0242,BUSI,benign,,benign (242).png,benign (242)_mask.png,556,474,1,19380,0.07353610782260268,0.09291269394656568,42.53513965701332,111.76849027107428,efc3086c1a5791981b8156f879fc336c,
benign_0243,BUSI,benign,,benign (243).png,benign (243)_mask.png,561,473,1,27776,0.10467565846250089,0.07356371623035352,52.38428164427302,79.25666941771904,c8df3210905c52a16010221737666e0d,
benign_0244,BUSI,benign,,benign (244).png,benign (244)_mask.png,561,475,1,5479,0.020561028239046816,0.21433528716769984,155.12153488664154,95.1285036119711,e8faee40c8c11c77cad1d80e1e197f1c,
benign_0245,BUSI,benign,,benign (245).png,benign (245)_mask.png,560,465,1,5649,0.021693548387096775,0.17737277195200601,159.22899518607153,86.10819124423963,61a564cdb51bcfede16eade2a36f087b,
benign_0246,BUSI,benign,,benign (246).png,benign (246)_mask.png,526,331,1,1378,0.007914718619691452,0.14074325069808633,179.60393107739196,95.64974785475515,63e270ea535b66eeef12f981fa3a75e8,
benign_0247,BUSI,benign,,benign (247).png,benign (247)_mask.png,469,396,1,2750,0.014806917791992419,0.059829617374787786,87.91141612108376,66.25244987185286,7da701f97309360f1c0aadb52e0bcac5,
benign_0248,BUSI,benign,,benign (248).png,benign (248)_mask.png,472,385,1,2166,0.011919436495707682,0.14162046777657014,118.07090515592762,92.80290006603566,879e9eb7be41f79003a2f30f331848f6,
benign_0249,BUSI,benign,,benign (249).png,benign (249)_mask.png,465,395,1,9112,0.04960936436640806,0.11862871618872986,106.56219771847069,77.95900367496938,92e7217f35a929305e07a7162bd82d91,
benign_0250,BUSI,benign,,benign (250).png,benign (250)_mask.png,469,394,1,4554,0.02464472416741528,0.2189584021746707,139.86361895864079,103.72597491151927,6f7fb11f21674df7d7376b9f323ce092,
benign_0251,BUSI,benign,,benign (251).png,benign (251)_mask.png,467,387,1,3811,0.021086820598797094,0.19783615855776304,183.9213598954252,94.68722783836573,177e5a1146c9bfbe5b3cd83c39e3e2bb,
benign_0252,BUSI,benign,,benign (252).png,benign (252)_mask.png,473,398,1,8957,0.047579334303653575,0.209926645521444,147.2560112658551,58.27291319175157,1e4c75d1775a9b8dea2eb638f37102f6,
benign_0253,BUSI,benign,,benign (253).png,benign (253)_mask.png,463,383,1,6628,0.03737685319378105,0.1458986806290789,145.84904798673688,43.14177602084261,ebb2275753ae881a29a213cb39189f32,
benign_0254,BUSI,benign,,benign (254).png,benign (254)_mask.png,473,389,1,1013,0.005505524546595869,0.3498243715606238,135.56306850723163,97.91429208084915,88e3747ca787028cd0a4dbb9d9a213b9,
benign_0255,BUSI,benign,,benign (255).png,benign (255)_mask.png,473,389,1,13573,0.07376750707891977,0.13758381330871697,49.26818876964568,89.79796953211194,e0fff2c11ddaad67b2f0951ac72a8128,
benign_0256,BUSI,benign,,benign (256).png,benign (256)_mask.png,469,395,1,17678,0.09542522469029176,0.054057764397226975,68.2744725277094,58.367865914550215,e6c1bc2575bc664a8a143ae01f22ebfc,
benign_0257,BUSI,benign,,benign (257).png,benign (257)_mask.png,467,392,1,4357,0.023800419525411877,0.11232793242706501,105.67019754997294,88.07490276624569,5b1f0b035dba2421fdcedda4375ccabd,
benign_0258,BUSI,benign,,benign (258).png,benign (258)_mask.png,462,389,1,4412,0.024549572107412723,0.14395767524295905,133.70783633324967,94.53795390556316,7c318fc00bbfb74c3be053027d981245,
benign_0259,BUSI,benign,,benign (259).png,benign (259)_mask.png,465,390,1,9303,0.05129859387923904,0.2100772863697774,126.35665231893064,84.89005789909015,6a027ffd31d386879ef1cfe1e57a1b2e,
benign_0260,BUSI,benign,,benign (260).png,benign (260)_mask.png,498,331,1,9149,0.0555029786821,0.10631094103397178,138.85727368790324,104.7994758490154,2165a4c157f12a1f014d8a86746c1458,
benign_0261,BUSI,benign,,benign (261).png,benign (261)_mask.png,469,386,1,22135,0.12226984986245677,0.19092920869729646,100.64733382450444,57.43531601798557,267758ed5eaccb5246999426cf4f98c3,
benign_0262,BUSI,benign,,benign (262).png,benign (262)_mask.png,471,401,1,42646,0.22579432522727153,0.044498594628216454,82.84377578466956,66.67336435980114,1a24739a15740cd88830d6369f6fa582,
benign_0263,BUSI,benign,,benign (263).png,benign (263)_mask.png,465,390,1,5734,0.03161841742486904,0.1771876775169826,121.16947565534709,106.57057071960298,015bc6b36c6f2ea0e88fc3a593ca5a24,
benign_0264,BUSI,benign,,benign (264).png,benign (264)_mask.png,462,391,1,16253,0.08997353882264368,0.19412971789280586,123.36221375211127,92.23133047685478,faed64274d3ca122f3098c38be4c8b10,
benign_0265,BUSI,benign,,benign (265).png,benign (265)_mask.png,544,328,1,12086,0.06773448708751793,0.13602695886276148,102.6992426696031,98.72517261477762,bf9399395c8a940fc57f467dc8020a47,
benign_0266,BUSI,benign,,benign (266).png,benign (266)_mask.png,462,389,1,7896,0.04393549894835242,0.17148033728082557,137.76375059892226,79.81041965746336,316ba3ef19fd33570d61568f74a587c8,
benign_0267,BUSI,benign,,benign (267).png,benign (267)_mask.png,500,327,1,6275,0.03837920489296636,0.14878017829961057,122.68047816763814,108.79326605504588,677eca936f38db53e315466519f24415,
benign_0268,BUSI,benign,,benign (268).png,benign (268)_mask.png,506,330,1,15242,0.09128039286142053,0.21428233290612575,139.36495453499933,80.48308180620434,26d48a795904afa98c0aff61d454b484,
benign_0269,BUSI,benign,,benign (269).png,benign (269)_mask.png,465,390,1,8237,0.045420457678522194,0.07958999043188436,54.60704926185388,84.31690102012682,4835dec407ed1c2ccb49293491ca4a04,
benign_0270,BUSI,benign,,benign (270).png,benign (270)_mask.png,500,328,1,3646,0.02223170731707317,0.1544529056822949,156.7290225369565,105.14612804878048,114b8f0396c64b1c8229916a233ce4d1,
benign_0271,BUSI,benign,,benign (271).png,benign (271)_mask.png,510,324,1,5363,0.0324558218349068,0.13343945501240237,123.80987819431228,95.88144517066085,973d97839423e275261416e352b3cf68,
benign_0272,BUSI,benign,,benign (272).png,benign (272)_mask.png,498,326,1,10541,0.06492842535787322,0.07652074602618601,71.27996696022518,69.21882622514599,644f620266243580f64632525b84663c,
benign_0273,BUSI,benign,,benign (273).png,benign (273)_mask.png,560,469,1,27561,0.1049383186110265,0.09007699080825637,102.88725355787062,104.759979439537,ae01bb7cdbc49bbd7f45e14d3e9fe031,
benign_0274,BUSI,benign,,benign (274).png,benign (274)_mask.png,556,471,1,37185,0.14199468450717134,0.15959274939850673,99.97821278041438,75.55811147260536,30d66d7b641ca32368319a13cff00d13,
benign_0275,BUSI,benign,,benign (275).png,benign (275)_mask.png,556,463,1,7692,0.029880199512096587,0.2173344542279636,131.32288140071265,83.89376447006542,774c72d16f9de8bd970e72f8ec7ec3a1,
benign_0276,BUSI,benign,,benign (276).png,benign (276)_mask.png,550,474,1,30396,0.11659378596087457,0.18658703267938817,85.96650294587585,57.90480245492904,41b1c9dea1eaa1bb15a677329400c189,
benign_0277,BUSI,benign,,benign (277).png,benign (277)_mask.png,556,469,1,20290,0.077809820373978,0.14045928776605357,44.0641782850516,90.92976791274869,a2ba11efc0addf8934728d5691ddc35f,
benign_0278,BUSI,benign,,benign (278).png,benign (278)_mask.png,561,464,1,8243,0.03166682033314893,0.17859011778771755,122.01364719716531,107.47509834654865,08e47c689c121b580adc5227e067609e,
benign_0279,BUSI,benign,,benign (279).png,benign (279)_mask.png,551,467,1,11775,0.04576067651962366,0.14533115646488903,125.97788141659323,80.07571205944419,e1ecb5fd63556eac9e9d056d43acb924,
benign_0280,BUSI,benign,,benign (280).png,benign (280)_mask.png,556,471,1,14325,0.054701461760527884,0.19907045739988305,114.30417842067372,85.3066794971666,d4e98df1632426a6877748f74f86d1ee,
benign_0281,BUSI,benign,,benign (281).png,benign (281)_mask.png,605,392,1,12791,0.053934052960026985,0.12493523960012366,115.11520871993899,105.57638724911452,66b5e72271f22dd831cda2d2dc0d55ea,
benign_0282,BUSI,benign,,benign (282).png,benign (282)_mask.png,560,465,1,13016,0.04998463901689708,0.12186829992189456,92.91727764628213,78.62603686635944,e06eba5d78b4c7de4860686d7b6eb903,
benign_0283,BUSI,benign,,benign (283).png,benign (283)_mask.png,621,508,1,3686,0.011684227877312438,0.16624589521859626,61.56176887728867,66.11887735047611,b967c7ad39eaf6769f98d78dc85aad7b,
benign_0284,BUSI,benign,,benign (284).png,benign (284)_mask.png,622,497,1,19226,0.06219309425685948,0.19942143273185062,88.97310460848834,54.78468884043813,c1de359426c100205ca036a353794b94,
benign_0285,BUSI,benign,,benign (285).png,benign (285)_mask.png,625,494,1,18127,0.05871093117408907,0.19406634700433142,99.96099019538073,55.03992226720648,dcaa968135597ee286e4f68fe108228b,
benign_0286,BUSI,benign,,benign (286).png,benign (286)_mask.png,620,490,1,38246,0.12589203423304807,0.21298969764526934,90.12163993259284,38.669871626069785,073d34be158904f063f613248b05a7b0,
benign_0287,BUSI,benign,,benign (287).png,benign (287)_mask.png,466,390,1,21213,0.11672169032684054,0.17155150973224093,100.22879121207659,56.350154066248486,c5dc3d07d0f5b359eed0ab5fe100d27d,
benign_0288,BUSI,benign,,benign (288).png,benign (288)_mask.png,463,390,1,6689,0.03704380572631113,0.11582535649872704,77.52821260338686,111.54710084731683,f22eef33ded16988177b464c28002a9f,
benign_0289,BUSI,benign,,benign (289).png,benign (289)_mask.png,468,393,1,18869,0.10259128770579153,0.09793303312964545,120.3508225927209,103.3095898305822,162d35b02a91074f443b4552e51cf0ca,
benign_0290,BUSI,benign,,benign (290).png,benign (290)_mask.png,465,389,1,23937,0.13233269757027946,0.1688133416072482,112.40083238087325,75.02483898609614,fcbca69d070a29564469ce244b836de2,
benign_0291,BUSI,benign,,benign (291).png,benign (291)_mask.png,462,404,1,2070,0.01109039475376109,0.3511949153689151,199.41461925915303,72.85609810981099,a837f2b510047b619b53c8a5f38708b7,
benign_0292,BUSI,benign,,benign (292).png,benign (292)_mask.png,460,391,1,7267,0.04040364728121872,0.12096173357409425,103.57690521532862,80.70405871233181,d2d0a30becde4f8dfd663b1beca75d22,
benign_0293,BUSI,benign,,benign (293).png,benign (293)_mask.png,473,389,1,7486,0.04068544595835802,0.09298668719012623,100.22137618151174,80.98092360201525,4b83a3901fd3a341941e5a2a94908923,
benign_0294,BUSI,benign,,benign (294).png,benign (294)_mask.png,469,394,1,13962,0.0755576721180176,0.081262739763312,82.35078471764291,77.5360525148009,6ae52b3ef743b1ced3020584aaf939fc,
benign_0295,BUSI,benign,,benign (295).png,benign (295)_mask.png,472,387,1,10033,0.054925984320938995,0.31505810727604877,134.90482044009832,121.23541037095433,30f637a623602789cecb06a4d7e55254,
benign_0296,BUSI,benign,,benign (296).png,benign (296)_mask.png,503,328,1,21775,0.13198249527226882,0.17438901492662814,139.17384669952375,85.67304708335354,04b7684f3b54fa255b1eda2adfdff8a1,
benign_0297,BUSI,benign,,benign (297).png,benign (297)_mask.png,467,390,1,5433,0.029830340965244607,0.22714870666654297,152.56754594466736,83.5585076593642,f7ccb6d4ff9bc0e0583ed0d4574e8000,
benign_0298,BUSI,benign,,benign (298).png,benign (298)_mask.png,466,391,1,9144,0.05018495548993996,0.09806880442014936,64.86874944530483,88.3151048812882,dfdd9be506f0c6eecfdd181d0e33c504,
benign_0299,BUSI,benign,,benign (299).png,benign (299)_mask.png,463,392,1,10530,0.058017807554987436,0.08812602438886283,63.84687490187966,88.25765857098779,9fe68cd2b6a6d1e91198d753f8700d3c,
benign_0300,BUSI,benign,,benign (300).png,benign (300)_mask.png,463,387,1,17160,0.09576908265943376,0.1694813864908614,84.61452399747402,96.39037063081466,739b3ab00fc01ac991a95ec0d69d31d5,
benign_0301,BUSI,benign,,benign (301).png,benign (301)_mask.png,463,383,1,893,0.0050358373418899335,0.2712860853907044,144.4617684971381,76.87072616436116,acc1fcaa82c5d98edf131549857dd468,
benign_0302,BUSI,benign,,benign (302).png,benign (302)_mask.png,466,390,1,2786,0.01532959172444151,0.0684354770238151,67.97396964637556,120.48516562121712,63655222abe8b8cb393507a9911d3fed,
benign_0303,BUSI,benign,,benign (303).png,benign (303)_mask.png,463,398,1,9377,0.05088618036185246,0.13710504586536604,102.87495886207337,58.535251853218575,cf21ae104341ce16bf700e1ebce78908,
benign_0304,BUSI,benign,,benign (304).png,benign (304)_mask.png,467,387,1,19804,0.10957842958241344,0.016223703930540533,85.36314645295144,102.6013257418566,6589725a4de080e5e11cf5bf74a53f8d,
benign_0305,BUSI,benign,,benign (305).png,benign (305)_mask.png,466,389,1,4186,0.02309211469929499,0.19863963779491725,184.48383441621493,85.84027494290412,7c3099488f87b06fc6f1afe8ae6f22e3,
benign_0306,BUSI,benign,,benign (306).png,benign (306)_mask.png,471,386,1,10146,0.05580673905151645,0.04252332867649689,86.52058341929194,88.60741119655017,e396a12b2256a4186b81eee94ef256a4,
benign_0307,BUSI,benign,,benign (307).png,benign (307)_mask.png,775,587,1,12040,0.026465900972687806,0.380209123390304,115.56664972220251,84.0846161455185,f6ed9063524e191419c4467ac2046493,
benign_0308,BUSI,benign,,benign (308).png,benign (308)_mask.png,552,468,1,4201,0.01626176762046327,0.18666804797571,103.15493394587257,90.9039313142574,440cb571dc11b6b53ae056403fe4ee87,
benign_0309,BUSI,benign,,benign (309).png,benign (309)_mask.png,769,487,1,63198,0.1687516521897021,0.050230728592882176,37.846340768246485,53.50409476025559,64428c2bb0ce98302d933a3edca7b511,
benign_0310,BUSI,benign,,benign (310).png,benign (310)_mask.png,544,468,1,18371,0.07215859100050276,0.1308690285396905,83.25919692092778,48.910173925339365,6f879332b5a3f9290f1d0b1af9827436,
benign_0311,BUSI,benign,,benign (311).png,benign (311)_mask.png,549,496,1,38994,0.14320024678300722,0.10030892065361202,68.1993897698461,57.25979420059933,201af2671eaa301b0ea1c4460e429be2,
benign_0312,BUSI,benign,,benign (312).png,benign (312)_mask.png,552,490,1,39724,0.1468648328896776,0.14232443915543302,80.38108853729764,74.86339100857734,b0e7296cd47c1ba65aa3e177ef993f47,
benign_0313,BUSI,benign,,benign (313).png,benign (313)_mask.png,555,468,1,5349,0.020593670593670593,0.1322903550362305,70.2448936081375,50.37851697851698,e969d5384d37fd7d047a7bb11a90086b,
benign_0314,BUSI,benign,,benign (314).png,benign (314)_mask.png,554,493,1,17929,0.06564465696648385,0.06332760005757643,84.31716814646414,68.08908106999802,dc069756adfaf24c19c732eb64e092e4,
benign_0315,BUSI,benign,,benign (315).png,benign (315)_mask.png | benign (315)_mask_1.png,551,470,2,8256,0.03188014055682125,0.24022008570870207,123.075695814981,55.44119009923929,a13a2bd63f3630387bf32baa0ae925af,
benign_0316,BUSI,benign,,benign (316).png,benign (316)_mask.png,550,469,1,91164,0.353417328939717,0.03631937122789566,74.07389154115839,100.04720294630742,d5d0df92cac7abfa7e60de55da749aad,
benign_0317,BUSI,benign,,benign (317).png,benign (317)_mask.png,551,491,1,22289,0.0823867731693163,0.038152726040564244,90.93841020655601,84.95268369674098,aef883541d7067def659cba2f9c47e98,
benign_0318,BUSI,benign,,benign (318).png,benign (318)_mask.png,554,465,1,1041,0.004040992197507861,0.4822987528903392,246.07062067473868,133.70513955203603,bb75ade674c7d161d2f8465909179e98,
benign_0319,BUSI,benign,,benign (319).png,benign (319)_mask.png,560,467,1,9889,0.03781355154481493,0.34088842023208316,121.76173422116786,129.32805139186294,df221e9a32afa1e041a462872baec510,
benign_0320,BUSI,benign,,benign (320).png,benign (320)_mask.png,558,475,1,6896,0.026017732503301264,0.3622030885053171,131.86227647430152,113.11230711186569,8b29715b39dfc4403067143f3ab0c07f,
benign_0321,BUSI,benign,,benign (321).png,benign (321)_mask.png,546,467,1,804,0.0031531637527354873,0.4574574187884109,247.8470263569089,114.6122510608592,f0b2988d79fb967f224f2792ea83bcd7,
benign_0322,BUSI,benign,,benign (322).png,benign (322)_mask.png,555,491,1,3168,0.011625474761930973,0.34549494738793857,153.3536021225143,93.33224711473184,515ff689788fe5208ed9b47476f98e11,
benign_0323,BUSI,benign,,benign (323).png,benign (323)_mask.png,560,468,1,7445,0.028407356532356532,0.2996478036203411,149.81747706220818,64.92380570818071,c822a2d39d4f6db9cd7bfac8a1383a48,
benign_0324,BUSI,benign,,benign (324).png,benign (324)_mask.png,626,583,1,2708,0.007420031894080963,0.3497725974826207,93.3437214506443,108.94199332525935,2d37b691ba4b0a376c8903b5494aa84a,
benign_0325,BUSI,benign,,benign (325).png,benign (325)_mask.png,613,583,1,3619,0.010126504355320263,0.23727545838655117,84.74437877484245,109.07957378581283,a516b4530aed14397b254e1a1a596ae7,
benign_0326,BUSI,benign,,benign (326).png,benign (326)_mask.png,754,619,1,47077,0.1008664612642107,0.3483284884841348,101.57486275134362,49.09891885174599,5cf7ca0a58774a84df41a7fdf3d4cc3c,
benign_0327,BUSI,benign,,benign (327).png,benign (327)_mask.png,689,578,1,34279,0.08607580315486564,0.4789323817836447,88.4163130612722,103.06328815142551,bf6267d043893d2171356130af3d2cba,
benign_0328,BUSI,benign,,benign (328).png,benign (328)_mask.png,685,567,1,2370,0.006102035299115591,0.42262698609682975,147.7256526288507,134.10128606187,c6508f20e3d31b36f01142e35b6abca8,
benign_0329,BUSI,benign,,benign (329).png,benign (329)_mask.png,665,576,1,2726,0.007116750208855472,0.32409539480927335,113.77038861948411,88.0156589390142,fae5a44a66487265d78f947fd0d01f5a,
benign_0330,BUSI,benign,,benign (330).png,benign (330)_mask.png,669,567,1,51960,0.13698088436503983,0.39654379863590566,96.27074942669387,67.85968422689898,e1a586c66b8407bab62d319c7fc56221,
benign_0331,BUSI,benign,,benign (331).png,benign (331)_mask.png,695,527,1,6488,0.017713950281899718,0.26063833770252864,151.42766742285096,74.56194831610992,9733c617e94c5e58ce78553801d3980f,
benign_0332,BUSI,benign,,benign (332).png,benign (332)_mask.png,703,531,1,3636,0.009740338018660945,0.3407016343242319,85.60557877641978,70.4737485031865,4d16301def72b18711e4a776f532f822,
benign_0333,BUSI,benign,,benign (333).png,benign (333)_mask.png,777,569,1,48986,0.11079972767143241,0.13337596528024273,50.1313901925797,77.53798237102279,be365dfb72d1d65742a754613d6dc679,
benign_0334,BUSI,benign,,benign (334).png,benign (334)_mask.png,589,426,1,6043,0.02408394908215564,0.1823945132173072,60.705250424583575,106.60263676000542,772342c13d874d9795f9d54681906dbf,
benign_0335,BUSI,benign,,benign (335).png,benign (335)_mask.png,681,559,1,25863,0.06793912981803567,0.038352897721480206,58.48535571130963,44.793227364787654,6cf639524640443b906e61846043a1b2,
benign_0336,BUSI,benign,,benign (336).png,benign (336)_mask.png,783,585,1,18176,0.039680824355153854,0.09391193805902455,64.742550747039,76.7287640130552,40f7f1797e75c45b4228e2076a5944c6,
benign_0337,BUSI,benign,,benign (337).png,benign (337)_mask.png,555,487,1,7091,0.02623527017777531,0.13980635980075795,105.7311881165509,77.24616608394842,e34165bba57cad9bd1770508e21276b1,
benign_0338,BUSI,benign,,benign (338).png,benign (338)_mask.png,611,382,1,2462,0.010548324350262636,0.2485833896595114,93.96646121925957,106.55763446757098,5f2c2fc06ad8d013383c44c49b55623d,
benign_0339,BUSI,benign,,benign (339).png,benign (339)_mask.png,557,465,1,25868,0.09987451979691511,0.28415315121167695,92.5658689972318,74.73551475840235,722e6ffec6eeb0c18e797c158c4dec3f,
benign_0340,BUSI,benign,,benign (340).png,benign (340)_mask.png,770,425,1,84566,0.2584140565317036,0.17044310272511048,60.997732854807126,74.87051489686783,f998db288e1c5a0cd8d5770702599b60,
benign_0341,BUSI,benign,,benign (341).png,benign (341)_mask.png,683,562,1,55940,0.1457355293529176,0.1700693466874151,71.92462107736036,41.82176185240956,06a6cb6e2bb4cd35fc12543507ebcd89,
benign_0342,BUSI,benign,,benign (342).png,benign (342)_mask.png,581,431,1,60194,0.24038081394187955,0.0875953137489133,56.685487591885725,87.9470829955553,4c832d9978d647a25664fdf7b707ccaa,
benign_0343,BUSI,benign,,benign (343).png,benign (343)_mask.png,564,467,1,20580,0.07813567816301425,0.205973484631948,86.25499582408804,102.4752532385682,f509e3690d88354e0f87b9b0efffbd87,
benign_0344,BUSI,benign,,benign (344).png,benign (344)_mask.png,576,434,1,12222,0.04889112903225806,0.23271095935336894,144.06402707091203,77.3694356438812,900910506958d2090e62a96b03c7722d,
benign_0345,BUSI,benign,,benign (345).png,benign (345)_mask.png,566,466,1,2492,0.00944812629854866,0.1916140330392385,86.52187884202583,91.37356875293833,509724afdfcbe68d2bb36d24d5270b17,
benign_0346,BUSI,benign,,benign (346).png,benign (346)_mask.png | benign (346)_mask_1.png,610,373,2,38191,0.16785039335472246,0.27929185415634017,84.50957255820752,90.21249505559706,963c4ed97fd13f0f060194ca60ae8782,
benign_0347,BUSI,benign,,benign (347).png,benign (347)_mask.png,605,683,1,6176,0.014946214440424476,0.224802390120714,61.48962641967129,71.27815543966216,1f50a97843cbf3acdd26dfbfeabc1a81,
benign_0348,BUSI,benign,,benign (348).png,benign (348)_mask.png,1028,565,1,8081,0.013913088392272994,0.2523310407253981,83.79092732631392,104.58402431045764,441bb53f9024fc5a8afaf3a9704fedc7,
benign_0349,BUSI,benign,,benign (349).png,benign (349)_mask.png,555,471,1,4667,0.017853522312121037,0.2743190877326759,121.06057807426586,77.3036322947151,2c13fa480de497f0e16128a2785690b3,
benign_0350,BUSI,benign,,benign (350).png,benign (350)_mask.png,786,580,1,61134,0.13410107923137668,0.17548030349074245,74.39094963244216,111.29183337720453,99948d531568e936881e4e389184b371,
benign_0351,BUSI,benign,,benign (351).png,benign (351)_mask.png,585,429,1,6786,0.02703962703962704,0.13974527034509648,61.40507594104177,109.4771143386528,c53152c31ebb13d6002aa74944de8846,
benign_0352,BUSI,benign,,benign (352).png,benign (352)_mask.png,573,428,1,2607,0.010630229485736654,0.25602953564732284,120.23065407317783,82.46007649524554,2eb312a8f0807f936ba48ae9a83bb055,
benign_0353,BUSI,benign,,benign (353).png,benign (353)_mask.png,680,583,1,4479,0.011298052668751892,0.25455161060062775,87.77698179170787,85.28961002926042,7205e4245c302f63af02d811f6fe1888,
benign_0354,BUSI,benign,,benign (354).png,benign (354)_mask.png,606,605,1,32629,0.08899708152633445,0.20090202501209503,71.18093062615847,81.09839620325668,589b3278200fff3979caaf8373ea96cb,
benign_0355,BUSI,benign,,benign (355).png,benign (355)_mask.png,675,562,1,53908,0.14210623434822722,0.20807774421168707,72.27697880980634,39.54991959931462,df3c1f106a42d85d556b98abe4cfcf19,
benign_0356,BUSI,benign,,benign (356).png,benign (356)_mask.png,556,468,1,38618,0.14841203959908997,0.2609062536343334,85.30661088509851,61.58817561335547,9bc947e2a23e5d8070c9295340753700,
benign_0357,BUSI,benign,,benign (357).png,benign (357)_mask.png,581,429,1,9506,0.03813856825905019,0.19940138375143043,79.24735308245809,87.81662112987414,fa2cd67736332ff85cb5a8bc93c4c004,
benign_0358,BUSI,benign,,benign (358).png,benign (358)_mask.png,555,467,1,11560,0.04460134652854139,0.15649573432160663,56.125720968996454,64.21096128248162,a1439d761340a621cf7fd92b80cfd9f2,
benign_0359,BUSI,benign,,benign (359).png,benign (359)_mask.png,567,462,1,4408,0.016827381906746985,0.18319394566837097,135.3132573293556,111.10535819265978,a79395b825d4e6a51f41df3d4288804e,
benign_0360,BUSI,benign,,benign (360).png,benign (360)_mask.png,683,574,1,15841,0.04040638503017534,0.1239418432173438,44.393862262415524,48.01702623698481,cdea028d422b61aa94a78866eb9eeac7,
benign_0361,BUSI,benign,,benign (361).png,benign (361)_mask.png,558,470,1,20689,0.07888736368489285,0.22352119747624036,89.18168154451733,107.8651567147106,ab15c1e8b2678d70d3e3c250288139c0,
benign_0362,BUSI,benign,,benign (362).png,benign (362)_mask.png,557,464,1,3296,0.012753048969231722,0.24925977560058943,81.5795281581657,95.01074490806661,6d77304668253adedbf3f95b3a0a1469,
benign_0363,BUSI,benign,,benign (363).png,benign (363)_mask.png,586,433,1,5341,0.021049271295588364,0.24961407865898652,101.58118810520064,111.62706019595015,a12bf4735c303b3c28e9e7d81ee79670,
benign_0364,BUSI,benign,,benign (364).png,benign (364)_mask.png,557,465,1,13366,0.05160518136715508,0.21192346611529655,92.43407159955119,85.36155672670412,9ccc2731150eb3426e6e01b7cc2e8631,
benign_0365,BUSI,benign,,benign (365).png,benign (365)_mask.png,582,431,1,7856,0.031318519227242644,0.24713694994754062,69.89348469188022,95.32698670876488,fa6f8b59b4abe87b3d92530e378fb544,
benign_0366,BUSI,benign,,benign (366).png,benign (366)_mask.png,562,463,1,18429,0.07082465431235252,0.21109772692651466,74.34774788664608,115.68632160672698,4fbdd53ce06b4e451231c14b162f8959,
benign_0367,BUSI,benign,,benign (367).png,benign (367)_mask.png,560,462,1,33369,0.12897727272727272,0.17075810255575555,70.8868869110838,107.10792362399505,2ec617c913953d0ce79d0a7e7ac49af3,
benign_0368,BUSI,benign,,benign (368).png,benign (368)_mask.png,689,575,1,7759,0.019584779453524326,0.19227757313103183,71.58778043651391,50.271294251277844,7586c5612c6712752c3566ab256c0844,
benign_0369,BUSI,benign,,benign (369).png,benign (369)_mask.png,772,581,1,5344,0.011914423051198131,0.37332926357142626,125.38274714014311,92.96742038472172,49c64d468050ceb1aa9650cdc16fe7fc,
benign_0370,BUSI,benign,,benign (370).png,benign (370)_mask.png,549,458,1,39306,0.156322332784499,0.21400999270797708,71.4314347313439,72.70302495207642,27d105ee2be6751846437e41325104f9,
benign_0371,BUSI,benign,,benign (371).png,benign (371)_mask.png,756,589,1,82703,0.18573090432173625,0.21543148141816024,48.18657505907504,107.27290897494633,71b015a3b0579c97bc55417ec84b0c38,
benign_0372,BUSI,benign,,benign (372).png,benign (372)_mask.png,544,469,1,19410,0.07607707262009282,0.2492272827599087,76.91737469637354,111.51301266775367,d186b4d2be339f1b3057d2b522bc4f72,
benign_0373,BUSI,benign,,benign (373).png,benign (373)_mask.png,555,457,1,10234,0.040349320874484985,0.2118690735147988,104.6841220731395,86.53160644232854,d15e8a883e4cbd67f7f0a0f4ed3af1f4,
benign_0374,BUSI,benign,,benign (374).png,benign (374)_mask.png,544,468,1,1415,0.005557912267471091,0.238977034623499,146.3328170959034,117.99939903846153,e75534a7df990792939a25c1e7bb39ff,
benign_0375,BUSI,benign,,benign (375).png,benign (375)_mask.png,775,571,1,31590,0.07138579741257556,0.1568423651002561,50.971567001504134,103.22405965764646,9422ddbdd30dc705f12cfef77069cce3,
benign_0376,BUSI,benign,,benign (376).png,benign (376)_mask.png,546,467,1,58864,0.23085551136943,0.21743442601295926,87.03271555622666,78.48623824426822,85e046112280e3391c67306de82076ab,
benign_0377,BUSI,benign,,benign (377).png,benign (377)_mask.png,752,578,1,9459,0.021762037105205037,0.17978118312860958,109.43030098871016,95.6827100051535,c089858fc4a16c10df9a505e4754408a,
benign_0378,BUSI,benign,,benign (378).png,benign (378)_mask.png,548,464,1,7836,0.030817392398691166,0.20980610582230813,81.61770699710502,69.77278662219985,3fdebd1940d92c302a4d55e379887ece,
benign_0379,BUSI,benign,,benign (379).png,benign (379)_mask.png,1010,583,1,17814,0.03025321400064535,0.23563194457861342,69.99631898888389,92.94462238676698,2e9f0a5bbacb232a9f3b0c651b2c4c37,
benign_0380,BUSI,benign,,benign (380).png,benign (380)_mask.png,750,572,1,7296,0.01700699300699301,0.2532050861802202,67.20650955502474,130.35967365967366,2b605e7cd78b591822ae2fbcf59c8417,
benign_0381,BUSI,benign,,benign (381).png,benign (381)_mask.png,747,576,1,31694,0.07366038226982002,0.2017013731145732,65.4566567531109,139.10670227205117,8ab9202df8ef0d6fbd864bd47f2ac9b3,
benign_0382,BUSI,benign,,benign (382).png,benign (382)_mask.png,730,475,1,46809,0.13499351117519828,0.16885360521518375,80.74301436942348,54.16740591204037,2a7eaa4224e18dbb6ed7a2baaae873b2,
benign_0383,BUSI,benign,,benign (383).png,benign (383)_mask.png,552,493,1,16124,0.05924978687127025,0.13230780776711576,49.049330576426456,87.67581650351295,d81a722e5aa01395fd3e6d5c275edc8a,
benign_0384,BUSI,benign,,benign (384).png,benign (384)_mask.png,760,425,1,30669,0.09495046439628484,0.0825046541171249,68.37453833546236,51.049151702786375,e66cd0389b4cf129acc5424e4c9d5e77,
benign_0385,BUSI,benign,,benign (385).png,benign (385)_mask.png,551,458,1,9719,0.03851274776309845,0.21502218596985456,82.69694709832686,41.797723868472566,9fbed7d5b2cb456ddada5eb53ceed05c,
benign_0386,BUSI,benign,,benign (386).png,benign (386)_mask.png,768,578,1,25588,0.057643094002306806,0.20036998111331866,81.75639769568993,70.49518139057093,e3aa0dbba1968bd7968fe40e39b32641,
benign_0387,BUSI,benign,,benign (387).png,benign (387)_mask.png,549,486,1,19230,0.07207267984438598,0.2975407732362863,91.9425562017234,73.17465725186834,097b965086fe3f9513e86f06684ceb19,
benign_0388,BUSI,benign,,benign (388).png,benign (388)_mask.png,763,572,1,8031,0.018401323447195007,0.20713361659657553,71.43901606381627,92.85564435564436,68bcd7ef71b364e0d5ea22e141d445fd,
benign_0389,BUSI,benign,,benign (389).png,benign (389)_mask.png,927,567,1,14289,0.027185607552382095,0.19416508742058675,56.6716614216708,115.40291547519163,7947ebfef1ce95d35e5ee236f11d6b57,
benign_0390,BUSI,benign,,benign (390).png,benign (390)_mask.png,779,583,1,9108,0.020054738779761185,0.3233498333377187,140.15061679466334,119.57400414394141,7c576caec024a423482456203afad888,
benign_0391,BUSI,benign,,benign (391).png,benign (391)_mask.png,687,578,1,53976,0.1359302518849821,0.1577149419057688,75.42132426887225,125.72236492850415,603bbcdedf56dd3e6687d172c6f02769,
benign_0392,BUSI,benign,,benign (392).png,benign (392)_mask.png,729,477,1,88348,0.25406849508099605,0.17802224010283102,56.271263421138094,52.26798146854052,f24cd33e1f317e5b52ce5ca1aded0b10,
benign_0393,BUSI,benign,,benign (393).png,benign (393)_mask.png,685,583,1,102917,0.2577080542374579,0.24406383714226873,63.35582869060101,96.54946851798525,a35c41cd395e64de9a722952e1e07ffd,
benign_0394,BUSI,benign,,benign (394).png,benign (394)_mask.png,558,468,1,9743,0.03730891768526177,0.10186441747778463,51.841672378964056,105.69671139294795,08e13638db473d8fb9076a40c0e738c9,
benign_0395,BUSI,benign,,benign (395).png,benign (395)_mask.png,615,576,1,41982,0.11851287262872628,0.15431246280563404,49.50514609176915,88.32873193315267,3c3177ee8277461721d0a78821596993,
benign_0396,BUSI,benign,,benign (396).png,benign (396)_mask.png,420,474,1,2738,0.013753265019087803,0.12042349467524004,66.74916339461714,47.18844685553546,4b2405122789b06166d91c193903ce2b,
benign_0397,BUSI,benign,,benign (397).png,benign (397)_mask.png,554,470,1,30776,0.1181964820646747,0.11088495485897727,47.54228101120106,105.92499423918888,1ad5b8dc9d94a6f3fa6342fe73e4260c,
benign_0398,BUSI,benign,,benign (398).png,benign (398)_mask.png,563,469,1,57005,0.21588959541293784,0.08712184759646424,53.485917162077094,67.8450238025806,4ee347b3f69b824e82dbbab72637b44e,
benign_0399,BUSI,benign,,benign (399).png,benign (399)_mask.png,555,468,1,36171,0.13925848925848927,0.2076541280203418,49.514039897930594,94.22395087395087,ebc43b8f09b3fb38f55067ef92e48943,
benign_0400,BUSI,benign,,benign (400).png,benign (400)_mask.png,779,580,1,167313,0.37030897259970785,0.12217245726187194,43.58813100215029,94.99698552520915,5b7b19c3ec902899008e68ea978f6251,
benign_0401,BUSI,benign,,benign (401).png,benign (401)_mask.png,557,469,1,28568,0.10935831231123173,0.15473424734426672,57.83571536506724,101.08211826224098,a36b7b10ffe9d2c14ee427cbda91375d,
benign_0402,BUSI,benign,,benign (402).png,benign (402)_mask.png,561,469,1,12053,0.04580991148155327,0.14802066414973034,78.30364188600424,101.45157330231957,e73c305d4a54ded3a59e86d4f0fa6c33,
benign_0403,BUSI,benign,,benign (403).png,benign (403)_mask.png,549,467,1,35763,0.13949052784310972,0.18932022118303687,59.926808769520505,98.1959724318695,e7d7a066c3064abebf537c06a2f3ec94,
benign_0404,BUSI,benign,,benign (404).png,benign (404)_mask.png,772,578,1,191793,0.4298209835595317,0.10616354451681642,37.2994745597277,88.22205613424889,277cab015892f8d6301ad26bffd5e450,
benign_0405,BUSI,benign,,benign (405).png,benign (405)_mask.png,566,465,1,80623,0.3063300277366161,0.02775985532673709,66.23462850634981,66.55234241422546,dfa9d4ecfad8ee3dee909b3a39924249,
benign_0406,BUSI,benign,,benign (406).png,benign (406)_mask.png,563,463,1,38429,0.14742451154529307,0.20829706529461756,61.39420631680694,108.99640540302069,5f526be81d54a5129c8c5ec738a19855,
benign_0407,BUSI,benign,,benign (407).png,benign (407)_mask.png,560,467,1,93557,0.3577431936371979,0.15635983376751195,49.704854555479294,115.55988834505965,6f027403617f355b04b8ec0a6640b6cc,
benign_0408,BUSI,benign,,benign (408).png,benign (408)_mask.png,554,465,1,19359,0.07514848026085943,0.14826769496256478,56.77386020849647,112.70718916191142,fe5ac4286931c2568cb118b3c29e8579,
benign_0409,BUSI,benign,,benign (409).png,benign (409)_mask.png,558,466,1,95213,0.36616441306320857,0.14622637096566404,47.25994797145378,120.0691463996185,f9eb77493cc709739b9039b9508de7ee,
benign_0410,BUSI,benign,,benign (410).png,benign (410)_mask.png,558,468,1,31697,0.12137747756027326,0.0931872763940815,50.77188324020878,108.58149526697913,ef8234575d309d0c2f96e93a28a67d1a,
benign_0411,BUSI,benign,,benign (411).png,benign (411)_mask.png,602,587,1,40403,0.11433495390153209,0.13867819159237263,53.137442134309964,88.40122646261467,24d3795cce7f168656ca9ae7193b70e1,
benign_0412,BUSI,benign,,benign (412).png,benign (412)_mask.png,779,576,1,179884,0.4008968050206818,0.16038336787251875,45.05358267388837,95.15441582869776,56812bd9b67d3dd9cc3dbde032bcd7b9,
benign_0413,BUSI,benign,,benign (413).png,benign (413)_mask.png,433,478,1,2227,0.010759805579444762,0.1313575248444481,73.87390016400646,46.171403171412834,2777b1e3c86d139b66dee927df8d8cf3,
benign_0414,BUSI,benign,,benign (414).png,benign (414)_mask.png,812,703,1,175486,0.3074192938076786,0.14199702835010855,44.294190769063775,69.51405657667,0fd3b5311c20d737f5ea2ada66886569,
benign_0415,BUSI,benign,,benign (415).png,benign (415)_mask.png,781,578,1,209121,0.46325356986207905,0.14111689684818984,38.006739203354414,88.6361066683207,ce659707666d93259e228fdaead0ce7b,
benign_0416,BUSI,benign,,benign (416).png,benign (416)_mask.png,878,574,1,15080,0.029922297270483282,0.0008202079157494306,67.83164932601406,104.10066829109553,c78ee981d3b06eb3789ede70309d4b37,
benign_0417,BUSI,benign,,benign (417).png,benign (417)_mask.png,599,416,1,7036,0.028236162835495057,0.1893371348818132,117.20859810165456,68.10214138949532,996f01539061c27918c0462286169e75,
benign_0418,BUSI,benign,,benign (418).png,benign (418)_mask.png,607,414,1,7406,0.02947098663737873,0.1498823126465764,102.3404094990433,69.29518738708624,09f04325dbc7e7862146a0c556c77be7,
benign_0419,BUSI,benign,,benign (419).png,benign (419)_mask.png,772,574,1,10624,0.023975013991442654,0.38668218057631415,107.18413584535185,83.39677249011572,f29027ce3957a5b896e5c7ac729362ea,
benign_0420,BUSI,benign,,benign (420).png,benign (420)_mask.png,768,574,1,55571,0.12605936048199767,0.18594924973129992,52.455352219441174,74.25137240490709,6284c8cd4ab0d491c88304044b05aec1,
benign_0421,BUSI,benign,,benign (421).png,benign (421)_mask.png,551,487,1,39998,0.14905883273644707,0.2293446163908147,79.45105783502045,74.29144694917213,d57d60ccc280cb2d2f78fecd4a683397,
benign_0422,BUSI,benign,,benign (422).png,benign (422)_mask.png,768,487,1,68711,0.18371139202600958,0.04621749855368144,35.87757302441032,53.13844594883641,4417da4f108470a5c98ba89b1c64c81e,
benign_0423,BUSI,benign,,benign (423).png,benign (423)_mask.png,561,470,1,17387,0.06594227633026131,0.17939719897398435,77.95134918984962,49.62919558539083,e38492af6880e89e28dad9593af1eac8,
benign_0424,BUSI,benign,,benign (424).png,benign (424)_mask.png | benign (424)_mask_1.png,544,469,2,5376,0.021071115013169446,0.22100089749606683,98.6481896079946,91.1040660667252,ebca1226dbb9c4ff71ae2192fea582c4,
benign_0425,BUSI,benign,,benign (425).png,benign (425)_mask.png,544,469,1,5124,0.02008340649692713,0.37860816457730634,126.63145955565675,122.02296422300263,bd53a9aedf38ee2ac1a3fcd881887d98,
benign_0426,BUSI,benign,,benign (426).png,benign (426)_mask.png,549,465,1,79105,0.3098693616937932,0.03869144040707304,74.37452616953978,100.06305501694185,d1b7428c4bfe1abdc5aa7b1a7f3e36ba,
benign_0427,BUSI,benign,,benign (427).png,benign (427)_mask.png,780,380,1,8443,0.02848515519568151,0.08412414854200212,135.99871475497287,92.08142375168691,eea5b860eea417bcde90d85f2290d48c,
benign_0428,BUSI,benign,,benign (428).png,benign (428)_mask.png,769,382,1,17602,0.05992007026191627,0.19572602262177324,123.21807139454185,81.07027212875904,2a6996296151a377880e8a0fe5746848,
benign_0429,BUSI,benign,,benign (429).png,benign (429)_mask.png,582,437,1,3225,0.012680176460874283,0.36511928492327156,146.32077160472252,88.57431566365489,38b7515075e3496fb28790cb2855efd3,
benign_0430,BUSI,benign,,benign (430).png,benign (430)_mask.png,768,581,1,17936,0.04019650028686173,0.3062680157840183,85.4461642067174,91.34625331683878,a7cf91cd26f657b52a0cfdd8630d5c4e,
benign_0431,BUSI,benign,,benign (431).png,benign (431)_mask.png,582,431,1,4066,0.016209406718173194,0.3278657030013947,111.16551016324318,97.05124739876098,660d3e2945e6e8eafb683b451914eb75,
benign_0432,BUSI,benign,,benign (432).png,benign (432)_mask.png,469,394,1,14408,0.07797127488013161,0.41782524072375365,178.06221220430496,98.36684597317979,eb0ee48c815f90154530fc494ea6a26d,
benign_0433,BUSI,benign,,benign (433).png,benign (433)_mask.png,550,462,1,3186,0.012538370720188902,0.2022564202284979,92.1196881159708,53.16157811885085,88f5ac307c1827b335d8b981c31262dc,
benign_0434,BUSI,benign,,benign (434).png,benign (434)_mask.png,501,609,1,50047,0.1640299040670711,0.2722230387850489,66.44418561212716,67.29730358658709,2febb926a8394f05d1a85b9b72ffb8bb,
benign_0435,BUSI,benign,,benign (435).png,benign (435)_mask.png,552,469,1,3850,0.014871295695435865,0.18887504092546106,73.71666915430157,52.03099796050802,006ee991ce2597782b9d13fb27a2687b,
benign_0436,BUSI,benign,,benign (436).png,benign (436)_mask.png,502,474,1,22863,0.09608401835695193,0.16729367451575236,90.5191533693853,121.57279741792324,797ab4019ba93c2a822a52fe39d594c4,
benign_0437,BUSI,benign,,benign (437).png,benign (437)_mask.png,768,585,1,1757,0.003910701566951567,0.3631642131213107,128.92122405048033,113.30297587250712,db521e0dad0932faab24beb556e91557,
malignant_0001,BUSI,malignant,,malignant (1).png,malignant (1)_mask.png,449,598,1,90993,0.3388913304183954,0.20800291025921477,51.308929895691456,118.2128848202248,638a40ba92a48d5275b08d552229fec9,
malignant_0002,BUSI,malignant,,malignant (2).png,malignant (2)_mask.png,548,495,1,92533,0.34112290791122907,0.24328984931347428,57.704793176796684,102.85501364005013,a52d4b00833574cdc01fa69783d98889,
malignant_0003,BUSI,malignant,,malignant (3).png,malignant (3)_mask.png,425,475,1,12192,0.060393808049535605,0.10576052287212113,49.066375432756786,94.0310786377709,d72f4e565f1bb8d208064ba2b2bd0513,
malignant_0004,BUSI,malignant,,malignant (4).png,malignant (4)_mask.png,432,473,1,13990,0.06846566439589695,0.15550543499519534,52.20156078456965,99.25020064990996,68ccd6c8730fd348a0be9b4f6971ed49,
malignant_0005,BUSI,malignant,,malignant (5).png,malignant (5)_mask.png,431,476,1,11825,0.05763906490670514,0.17612153535771527,60.80112152610369,98.86997211877791,47c8c8fe69393b20591d83e3892aacd6,
malignant_0006,BUSI,malignant,,malignant (6).png,malignant (6)_mask.png,432,478,1,12527,0.060664613358128006,0.1021341570463152,63.96315861915055,95.86722260963893,4f5c05b7bde493f2d4b04f0b8225bdae,
malignant_0007,BUSI,malignant,,malignant (7).png,malignant (7)_mask.png,432,474,1,10196,0.049792936396311924,0.1566609018978381,59.60005598088053,97.4115682137834,e7d4faddaef61945b11d4bc8d4e79062,
malignant_0008,BUSI,malignant,,malignant (8).png,malignant (8)_mask.png,426,473,1,11091,0.055042729952654613,0.16678510220322174,61.33923205252175,96.05020397224786,b7c12e5838bf315d4fcca61469279d20,
malignant_0009,BUSI,malignant,,malignant (9).png,malignant (9)_mask.png,430,480,1,10863,0.05263081395348837,0.16422696826967176,72.35036231240568,95.41061046511628,20238c12389cf44196740f06e0578096,
malignant_0010,BUSI,malignant,,malignant (10).png,malignant (10)_mask.png,462,393,1,5469,0.030121278212881266,0.1648503403833851,162.8146588824426,87.45889648943084,2bbb1f3b5f91915d58a011e6cc649a00,
malignant_0011,BUSI,malignant,,malignant (11).png,malignant (11)_mask.png,471,393,1,11540,0.06234366811991162,0.07967620181219347,70.37638875224006,78.72385104509381,5e68046afdb41ceeea3d5fdb0faa522a,
malignant_0012,BUSI,malignant,,malignant (12).png,malignant (12)_mask.png,479,392,1,5299,0.028220996122875038,0.20697695553560216,108.92378258584691,108.448111499297,ea14f818e6d3ba2f6e8b285f2e1ce16f,
malignant_0013,BUSI,malignant,,malignant (13).png,malignant (13)_mask.png,468,393,1,15446,0.08398033970553055,0.17469564615120736,111.69014463778396,88.48323764163459,a94c0835b8740356cb2990420e4bf0be,
malignant_0014,BUSI,malignant,,malignant (14).png,malignant (14)_mask.png,273,398,1,17891,0.16466029782612698,0.18027033138554854,72.41655350032252,62.00297273915364,2ca000bb2c768b3ac52eefa36c871ca9,
malignant_0015,BUSI,malignant,,malignant (15).png,malignant (15)_mask.png,361,398,1,37600,0.26169629309984827,0.1519271645646802,92.95577583442963,65.31178050919416,4d781d47b104d9932eb991915f20233e,
malignant_0016,BUSI,malignant,,malignant (16).png,malignant (16)_mask.png,511,472,1,48943,0.20292132409035127,0.10755043718578967,45.74953539573249,53.00665444956715,6f3e18504fb49a5bf8c3c257baf263ee,
malignant_0017,BUSI,malignant,,malignant (17).png,malignant (17)_mask.png,765,590,1,35657,0.0790007754514235,0.27700209469527987,72.35999883503509,83.8746471696023,e8594938e706a73d27709fad71bd8973,
malignant_0018,BUSI,malignant,,malignant (18).png,malignant (18)_mask.png,579,437,1,19204,0.07589823850005731,0.09693567823868585,58.324149270590816,74.65685332953922,760c73fe783a8ad074bab0bdcfb76545,
malignant_0019,BUSI,malignant,,malignant (19).png,malignant (19)_mask.png,554,459,1,46346,0.182259345776016,0.19837096958605285,47.63634888076753,94.7961350605224,199faac3c1225325098cc082266983cd,
malignant_0020,BUSI,malignant,,malignant (20).png,malignant (20)_mask.png,558,475,1,51359,0.1937709866063007,0.11840842505985914,44.752285528286976,71.22345972458027,0c71a155965d0fbfcd6f4ea3bc53d9f9,
malignant_0021,BUSI,malignant,,malignant (21).png,malignant (21)_mask.png,601,367,1,43594,0.19764515997406684,0.09982727628611196,34.258655737945475,57.99511259617259,bad4483b6c208564f487cfbcba96d9e5,
malignant_0022,BUSI,malignant,,malignant (22).png,malignant (22)_mask.png,570,474,1,41476,0.15351247316603744,0.1740741039399654,40.642806618106775,82.17420238359612,1713cefa197e983bd09482687b2c913f,
malignant_0023,BUSI,malignant,,malignant (23).png,malignant (23)_mask.png,569,468,1,87195,0.32744130503357216,0.21900502253257917,42.18009710001017,92.96129812386403,597e5d665367501f335eb1d7b0f1a4b8,
malignant_0024,BUSI,malignant,,malignant (24).png,malignant (24)_mask.png,564,462,1,55605,0.21339918946301925,0.20981261971196524,46.36973417162589,103.2362876485217,20a0d0949481792660a8f4a1ba5e0cdf,
malignant_0025,BUSI,malignant,,malignant (25).png,malignant (25)_mask.png,563,470,1,82133,0.31039265333887606,0.2606657018004706,48.288834350069756,87.91871433430332,975ec24e9c9c2d648e4419f92217e620,
malignant_0026,BUSI,malignant,,malignant (26).png,malignant (26)_mask.png,564,469,1,12900,0.0487683164723495,0.23520039690502964,80.2608282460788,109.50440805093076,4973c8c000c7fed4e4ec4a69b0964613,
malignant_0027,BUSI,malignant,,malignant (27).png,malignant (27)_mask.png,567,475,1,7527,0.027947646895015315,0.2165811002572516,96.50842104536657,101.68486029889539,4995b9cec8b82ae2ce7a1a3a16fd0da6,
malignant_0028,BUSI,malignant,,malignant (28).png,malignant (28)_mask.png,562,470,1,8798,0.033308094192473686,0.2658150112736665,100.82352223755863,103.48856288331945,61fda9d7130e70c968ba956d96f025b8,
malignant_0029,BUSI,malignant,,malignant (29).png,malignant (29)_mask.png,567,470,1,46325,0.17383391496866674,0.19577700339500181,44.311387566458684,73.56327066681676,fedbdf34906ffcf2b4e706a56d351759,
malignant_0030,BUSI,malignant,,malignant (30).png,malignant (30)_mask.png,573,468,1,70413,0.26257439477334765,0.193178666256159,40.21962664633469,60.86649214659686,f0a7637e563c3378b2a5cc9f3ff5ddad,
malignant_0031,BUSI,malignant,,malignant (31).png,malignant (31)_mask.png,723,509,1,141193,0.38366933237682976,0.16245305292619877,34.4735890114468,57.82015831220602,eee70abdb1fdbd991084ecf5fd3db2f6,
malignant_0032,BUSI,malignant,,malignant (32).png,malignant (32)_mask.png,557,492,1,43141,0.1574236254032199,0.21856692227950242,52.163449484113194,80.81987199135905,9782a0761e85e823d6b884b5663d4ac3,
malignant_0033,BUSI,malignant,,malignant (33).png,malignant (33)_mask.png,557,496,1,60717,0.21977254300110036,0.19017386361204214,53.22611073726305,83.63266273817108,8b25aee4e85ae25f6c8cf329066bea9b,
malignant_0034,BUSI,malignant,,malignant (34).png,malignant (34)_mask.png,620,589,1,13849,0.03792376362341859,0.22265880874316213,50.48022656394989,118.47554904430692,b69e0c66f86ee4f1b9eb3cd6074cb431,
malignant_0035,BUSI,malignant,,malignant (35).png,malignant (35)_mask.png,592,387,1,40212,0.17551854179761156,0.20908640991833424,49.91446888511693,90.35589950415532,d22b6d97bea0f428f5cbb5d873e9527b,
malignant_0036,BUSI,malignant,,malignant (36).png,malignant (36)_mask.png,623,494,1,30470,0.09900507535043312,0.04642050174372932,43.35405370963534,52.04461239529247,fb9ea7dbe81cdcb6f9d46d0004ec2e95,
malignant_0037,BUSI,malignant,,malignant (37).png,malignant (37)_mask.png,626,490,1,65826,0.2145986829236487,0.1142151845536157,54.192628447014705,52.5393786268501,acb434bd716edfe1e2640bd740291595,
malignant_0038,BUSI,malignant,,malignant (38).png,malignant (38)_mask.png,1048,578,1,20934,0.03455915370189387,0.237104661940667,56.63511648956596,108.08365084920362,a7a364f1d16efede55765814d67f3929,
malignant_0039,BUSI,malignant,,malignant (39).png,malignant (39)_mask.png,564,469,1,33347,0.12606798832584795,0.20188520123102321,59.26818925529238,74.05054514660739,21bd41367291ebf60a465db2a9afdf5f,
malignant_0040,BUSI,malignant,,malignant (40).png,malignant (40)_mask.png,548,461,1,27952,0.11064490080276138,0.22297417867210653,58.78125098669411,74.98588438336209,6d46d45dd73a3394044a4440a06b94fa,
malignant_0041,BUSI,malignant,,malignant (41).png,malignant (41)_mask.png,580,476,1,25281,0.09157128368588816,0.1268890618364495,66.81650962716942,76.20173500434656,9e642d9ec1783d9838071578dc09fa44,
malignant_0042,BUSI,malignant,,malignant (42).png,malignant (42)_mask.png,578,439,1,30381,0.11973185361508934,0.19864941440861705,61.31786831849893,73.84512615176045,f406bc323289d62eff1f76d678e5a4e9,
malignant_0043,BUSI,malignant,,malignant (43).png,malignant (43)_mask.png,543,571,1,85234,0.27490138782724244,0.15809311610864585,45.29400704927956,50.12263064701841,1e12dd7645cbc2f071bd7455e304e173,
malignant_0044,BUSI,malignant,,malignant (44).png,malignant (44)_mask.png,765,580,1,13556,0.030552174892945684,0.21786484256806166,54.994998184910976,92.09299301329727,0656e0ead7cf3c20bad93680d4797020,
malignant_0045,BUSI,malignant,,malignant (45).png,malignant (45)_mask.png,781,592,1,80381,0.1738523895214036,0.16464384047675576,43.5297851600064,80.93687709796865,299c4bb85806d76b7a156aa28b9be6ae,
malignant_0046,BUSI,malignant,,malignant (46).png,malignant (46)_mask.png,785,571,1,24723,0.055156335404419554,0.1517236492601613,63.93234458200243,94.09608575858645,20e949fc87ae16d826cc9c7d24e90b1d,
malignant_0047,BUSI,malignant,,malignant (47).png,malignant (47)_mask.png,562,471,1,53149,0.20078805600259914,0.12070438061951187,69.16442511871205,78.78967291520276,918c371e128ff76db7c37400b3486944,
malignant_0048,BUSI,malignant,,malignant (48).png,malignant (48)_mask.png,552,493,1,12628,0.04640326895375842,0.2717398994125839,63.731335426586725,84.89230017344269,af035a87ff8dee2e2b9262d70fbc57fc,
malignant_0049,BUSI,malignant,,malignant (49).png,malignant (49)_mask.png,622,491,1,18352,0.06009128951349369,0.13745378876037884,70.99276309757093,81.86859941978113,177fdb53ace909dbf3df529b13f79d62,
malignant_0050,BUSI,malignant,,malignant (50).png,malignant (50)_mask.png,567,469,1,21336,0.08023375187554292,0.1292512296595023,59.973061598163866,58.84419926068824,cbf76557cec18cbdd7b505544f17aa58,
malignant_0051,BUSI,malignant,,malignant (51).png,malignant (51)_mask.png,588,437,1,22299,0.0867813944799888,0.16352482629462178,67.16209444639479,79.61815252416756,f0285410348b0154919a2807b532185e,
malignant_0052,BUSI,malignant,,malignant (52).png,malignant (52)_mask.png,552,462,1,52998,0.20781573498964803,0.20036019930599142,73.77094659134391,73.9565138967313,fb301d282065665fef81e80f11f7c84e,
malignant_0053,BUSI,malignant,,malignant (53).png,malignant (53)_mask.png | malignant (53)_mask_1.png,569,471,2,15879,0.059250221082914487,0.19449692316441194,96.64282779922365,81.5808678390591,ee09e1343f3ab216d6322458fdfef12d,
malignant_0054,BUSI,malignant,,malignant (54).png,malignant (54)_mask.png,777,580,1,27432,0.060870722939688454,0.25076824982910073,51.549055143733845,89.63999467447744,b3aeecd398f661619692927ca6b3f70b,
malignant_0055,BUSI,malignant,,malignant (55).png,malignant (55)_mask.png,786,556,1,20759,0.04750169330184707,0.2355588801711948,54.66387839002594,107.25515312940487,06592a83647f71bc05b04dcbe1000eb8,
malignant_0056,BUSI,malignant,,malignant (56).png,malignant (56)_mask.png,690,538,1,70542,0.19002747696783578,0.16202753777173445,47.52450620181196,42.58306125747535,a79e7df6593e4f8cb19df4300f8681c6,
malignant_0057,BUSI,malignant,,malignant (57).png,malignant (57)_mask.png,717,533,1,47395,0.12401841108852028,0.14587834721046744,60.27877932653581,49.269352445696974,f0bf6cf12e3dcfc81ea8f1b587f1b20e,
malignant_0058,BUSI,malignant,,malignant (58).png,malignant (58)_mask.png,688,558,1,77150,0.20096169875802283,0.14148954181844206,52.68407190664956,53.72461604984579,0308189454d9ccfacce939d68fd33a3f,
malignant_0059,BUSI,malignant,,malignant (59).png,malignant (59)_mask.png,682,561,1,89827,0.2347792222727534,0.13664540844366432,33.46547507147988,45.89616625109121,e1d790cfb22c6f2caa87afdd17363425,
malignant_0060,BUSI,malignant,,malignant (60).png,malignant (60)_mask.png,681,559,1,62164,0.1632976865022762,0.12188433271164821,36.892207385014345,55.19644634981179,2cee5c9f20cee79670cc2b6147b4cf91,
malignant_0061,BUSI,malignant,,malignant (61).png,malignant (61)_mask.png,566,462,1,8327,0.031844186437826015,0.16372978418472267,70.5978768198594,105.57433879430346,119cbacef40072b6355cbc9643a5a388,
malignant_0062,BUSI,malignant,,malignant (62).png,malignant (62)_mask.png,693,565,1,54345,0.13879630693789985,0.18452024033110054,43.84738237108458,77.14132985991392,14ff9da79848d2348f433b607f8f5b1a,
malignant_0063,BUSI,malignant,,malignant (63).png,malignant (63)_mask.png,795,572,1,73334,0.16126577824691032,0.18932452812399422,42.19499499992444,97.41859084311915,fe609a8db09b201907aa7001ad2b4bb8,
malignant_0064,BUSI,malignant,,malignant (64).png,malignant (64)_mask.png,772,479,1,25526,0.06902874079202137,0.1157757289292028,59.766010077715094,47.373976440555126,2c42487d1f32efff3c8036a34d00b9b4,
malignant_0065,BUSI,malignant,,malignant (65).png,malignant (65)_mask.png,922,584,1,20141,0.037405654770748524,0.18498864983621427,57.88399851574445,62.170465857427274,c0b070e3c10df6cc0276a9f5b30da342,
malignant_0066,BUSI,malignant,,malignant (66).png,malignant (66)_mask.png,655,584,1,21299,0.05568074871902123,0.19063389727493402,56.595876087408335,72.86798337341838,d3979ea75900db7d3f6b789cd10d132b,
malignant_0067,BUSI,malignant,,malignant (67).png,malignant (67)_mask.png,946,604,1,24388,0.04268232922167929,0.10632304808375256,32.63847020030113,62.90748428377413,756fb833bcfb3f837e1ad19ebebfb401,
malignant_0068,BUSI,malignant,,malignant (68).png,malignant (68)_mask.png,574,464,1,73479,0.27588835155592933,0.14302032525465022,71.21910319279105,63.73074612519524,c53d20b7c346c1f0efacb2bc6f2c8a63,
malignant_0069,BUSI,malignant,,malignant (69).png,malignant (69)_mask.png,646,461,1,19023,0.06387715492636145,0.17953695804210493,85.03893369755473,50.60775471279961,a03ec7f7ee75be41e0aa2a505b766a5d,
malignant_0070,BUSI,malignant,,malignant (70).png,malignant (70)_mask.png,668,463,1,16182,0.05232084427257795,0.2156842119037269,73.55629429541808,43.85830498829555,9f4ac638e8046bd99595b7efbdceaa8a,
malignant_0071,BUSI,malignant,,malignant (71).png,malignant (71)_mask.png,528,592,1,74179,0.23731508497133497,0.16474042256637364,45.25533446873257,60.642704494266994,61fec3e04ed4e912c5339ab4c8455241,
malignant_0072,BUSI,malignant,,malignant (72).png,malignant (72)_mask.png,528,598,1,122106,0.38672468835512314,0.13406088899938817,32.77649175536626,59.680586171075305,d51507e0dd0d774a5ce8f0deda3b80c4,
malignant_0073,BUSI,malignant,,malignant (73).png,malignant (73)_mask.png,549,474,1,9756,0.03749048903645293,0.19151765854844788,78.15943931378706,87.89991392097639,0a7e41e3f5397a91a17aeb688d14262d,
malignant_0074,BUSI,malignant,,malignant (74).png,malignant (74)_mask.png,558,464,1,11269,0.043524440736620935,0.1744003218639003,87.97334080782163,93.70366379310344,0f87948767b2b1598d7e84ef57bd684b,
malignant_0075,BUSI,malignant,,malignant (75).png,malignant (75)_mask.png,441,412,1,39280,0.21619003588490412,0.0811467640518447,53.17572277062569,55.710488078726634,e26325e08261ed9f732fd9f4ce2bac4a,
malignant_0076,BUSI,malignant,,malignant (76).png,malignant (76)_mask.png,769,494,1,62583,0.16474152772147432,0.11740379801732248,38.25107942390144,29.914555945731088,eecdf15959a1bcf5296b1cb632c1134a,
malignant_0077,BUSI,malignant,,malignant (77).png,malignant (77)_mask.png,801,587,1,52504,0.1116662094017912,0.14670822175872408,71.7986134246234,75.6947576177138,c8048f6eb8d18907f289f7b59c92b7e7,
malignant_0078,BUSI,malignant,,malignant (78).png,malignant (78)_mask.png,880,567,1,58379,0.11700136283469617,0.13312761165117815,55.509197849284675,73.82427248677249,204864f356462e2b4687db28821178d5,
malignant_0079,BUSI,malignant,,malignant (79).png,malignant (79)_mask.png,564,468,1,42462,0.16087015821058373,0.14182712356150923,53.62545923312804,78.43590122446506,3444f058e359a2ece68180e6f31077ab,
malignant_0080,BUSI,malignant,,malignant (80).png,malignant (80)_mask.png,643,443,1,28029,0.09839950289451604,0.09828685526222138,66.12257022148349,106.03138856025473,367b20990755fbe0195e553032876b9f,
malignant_0081,BUSI,malignant,,malignant (81).png,malignant (81)_mask.png,764,452,1,30692,0.08887782050688041,0.05075587800480641,65.45321406509808,99.1146040865496,7044333c1644ddfd11afb5056edf0532,
malignant_0082,BUSI,malignant,,malignant (82).png,malignant (82)_mask.png,569,459,1,30947,0.11849324771892744,0.11380028595878203,48.941325619436704,62.4038350352834,1416c3994d0874cfb2e4165bc68ed89f,
malignant_0083,BUSI,malignant,,malignant (83).png,malignant (83)_mask.png,654,616,1,20991,0.05210443226498272,0.16807411630216676,61.90089205903175,71.33937755669407,8b1084d139f3699b7d0b56ce8dd718f1,
malignant_0084,BUSI,malignant,,malignant (84).png,malignant (84)_mask.png,649,612,1,39438,0.09929303000090638,0.14554163443197937,46.999441779406745,74.08926755088271,64ad64463252f64c1e4a437ae446cb27,
malignant_0085,BUSI,malignant,,malignant (85).png,malignant (85)_mask.png,733,485,1,69371,0.1951336830705616,0.18001276473476527,43.79820641751806,55.44828905359981,c2da78cd3f6c73ea4dba42747eae5134,
malignant_0086,BUSI,malignant,,malignant (86).png,malignant (86)_mask.png,735,483,1,82709,0.23297981718567345,0.16531347458796639,43.49655806800455,56.426557372431375,04af03aaf063ac24283b57ad96840a7d,
malignant_0087,BUSI,malignant,,malignant (87).png,malignant (87)_mask.png,561,499,1,30544,0.10910948456628052,0.2628069137603243,82.37434467407545,61.993319973279895,958c1784aea16cefa87e371881ef6ae6,
malignant_0088,BUSI,malignant,,malignant (88).png,malignant (88)_mask.png,775,591,1,34368,0.07503520550188308,0.27189657885268653,81.70328564763325,83.03475574477376,04dbad7d85378c96fea625f6f588f3a4,
malignant_0089,BUSI,malignant,,malignant (89).png,malignant (89)_mask.png,786,585,1,106380,0.23135642982971227,0.17135643473068213,49.577817702482484,63.81108718818643,c02dac095cfb251bae2d3c9fc3f7e1ba,
malignant_0090,BUSI,malignant,,malignant (90).png,malignant (90)_mask.png,783,587,1,48021,0.10447956033340514,0.15461137535948974,50.713730109395506,114.80317914107493,005a0957ad413295edc770eb7a04def1,
malignant_0091,BUSI,malignant,,malignant (91).png,malignant (91)_mask.png,550,494,1,41721,0.1535553919764446,0.11353461141033144,39.27107592952341,71.83302907618697,44fd6e1d1598271d43baf45c1fe3f5c3,
malignant_0092,BUSI,malignant,,malignant (92).png,malignant (92)_mask.png,617,581,1,22068,0.06156043483961314,0.19252620165997053,39.161851305308765,118.71258407094457,9a0481eed3dad01c2c698df44814f2e5,
malignant_0093,BUSI,malignant,,malignant (93).png,malignant (93)_mask.png,554,470,1,37501,0.1440241185958983,0.22553915870861269,45.56717254302938,94.41694830632153,723a2711cd1940e04801470e45f2cea4,
malignant_0094,BUSI,malignant,,malignant (94).png,malignant (94)_mask.png,564,452,1,51666,0.20266898889098098,0.19452394895339672,55.727292182896974,110.41307741793761,949a09d93c91667605e7b87a74e462b3,
malignant_0095,BUSI,malignant,,malignant (95).png,malignant (95)_mask.png,781,486,1,56403,0.14859866268316974,0.058055893675787625,57.00446327512733,81.48872923286069,051595bbed0f71f7f9ef4dd2b6f9b0dd,
malignant_0096,BUSI,malignant,,malignant (96).png,malignant (96)_mask.png,560,483,1,57534,0.21271073646850044,0.0513252336827188,60.39952644836627,85.202950310559,61e4b1f18fce50cc52ef73b2d587ae68,
malignant_0097,BUSI,malignant,,malignant (97).png,malignant (97)_mask.png,583,486,1,51487,0.18171583056279073,0.05952913456897897,66.00882243678998,86.19192272127283,ba9753b1708a90ff0c2089c2adb59d50,
malignant_0098,BUSI,malignant,,malignant (98).png,malignant (98)_mask.png,770,486,1,13241,0.035382929827374274,0.15754584034813757,74.83074709018103,83.46243386243387,30c6da45178d30518f6006846fbced96,
malignant_0099,BUSI,malignant,,malignant (99).png,malignant (99)_mask.png,550,486,1,15467,0.05786382341937898,0.09994725811522281,75.60707651244265,99.00660680882903,041f2516382bfc581e97bca48c38ee12,
malignant_0100,BUSI,malignant,,malignant (100).png,malignant (100)_mask.png,557,476,1,15909,0.06000407344266252,0.13362604078347243,69.0275382520447,97.37731017002851,7ad9fc484802184293ad8cadc23370ac,
malignant_0101,BUSI,malignant,,malignant (101).png,malignant (101)_mask.png,883,559,1,68531,0.13883998484593707,0.15973639775373205,43.36875765207418,55.84004562426433,3b2c6bf672f86afaf338888a6d443a91,
malignant_0102,BUSI,malignant,,malignant (102).png,malignant (102)_mask.png,916,551,1,63800,0.12640772236267525,0.21358380422263545,52.77093023946311,51.297210708596516,bf19585179da94020ffc0bd81b5215a6,
malignant_0103,BUSI,malignant,,malignant (103).png,malignant (103)_mask.png,555,488,1,53424,0.19725299069561364,0.22566703662878332,47.587681739007444,112.36898537882145,c1db90c34f377d33a6374300dd810e86,
malignant_0104,BUSI,malignant,,malignant (104).png,malignant (104)_mask.png,554,494,1,47473,0.1734642423888101,0.22617922715363817,52.066676250232234,105.51911384264605,543151e6c9fa04f450f67820dfae0725,
malignant_0105,BUSI,malignant,,malignant (105).png,malignant (105)_mask.png,577,450,1,7245,0.027902946273830154,0.12123699964342163,65.27401995481517,87.2294473329482,fa20dfe163aeed2ae6e922475f0fda28,
malignant_0106,BUSI,malignant,,malignant (106).png,malignant (106)_mask.png,667,458,1,21853,0.07153519310213889,0.15312071676228198,58.72504438304049,76.65342765298574,4e8a94160595d686199564afa5e574cc,
malignant_0107,BUSI,malignant,,malignant (107).png,malignant (107)_mask.png,576,454,1,31747,0.12140158467939305,0.04462401686996221,73.40636051658271,83.53736845325501,d1ec1bd5a9c6dcb35660c73d6ff41ba8,
malignant_0108,BUSI,malignant,,malignant (108).png,malignant (108)_mask.png,660,459,1,47983,0.1583911005479633,0.05994127677661853,62.94989661978478,64.46370238331022,8aa12efc1211436a70faf102139555ce,
malignant_0109,BUSI,malignant,,malignant (109).png,malignant (109)_mask.png,552,471,1,20068,0.07718699036893444,0.15974107279811078,92.68592875803895,88.27224683836425,89f30f1ec9c1d3f1029f32d8bbb58256,
malignant_0110,BUSI,malignant,,malignant (110).png,malignant (110)_mask.png,557,470,1,8899,0.03399289506856641,0.22350057036727683,107.38384334076825,108.25023492111998,1c920de7fadb2b0b11b4b9de89056e9f,
malignant_0111,BUSI,malignant,,malignant (111).png,malignant (111)_mask.png,421,470,1,41869,0.21159852428362055,0.16163118662125286,74.17030214962612,66.3593672613332,fb4ffa9566351f548d6786907f205ac2,
malignant_0112,BUSI,malignant,,malignant (112).png,malignant (112)_mask.png,549,471,1,5164,0.019970685941240393,0.0991819590425302,157.80936076368857,87.20034109498451,8ca6806c02a8b745e6b2848448f74f2a,
malignant_0113,BUSI,malignant,,malignant (113).png,malignant (113)_mask.png,745,482,1,19181,0.053415578267286754,0.14002148557022012,73.70596241902852,71.67321841321117,fd986af7ce8415e5d157d082f37666e7,
malignant_0114,BUSI,malignant,,malignant (114).png,malignant (114)_mask.png,340,439,1,27988,0.18751172450757067,0.1791884689065896,88.57064025325822,63.29354817097682,c57a9498cf75869160ee79974ad3448a,
malignant_0115,BUSI,malignant,,malignant (115).png,malignant (115)_mask.png,581,438,1,20719,0.08141764710505427,0.20360830588594522,51.62089306596138,87.44973632298273,5ec1a90184341fec56be2bb04712bd9e,
malignant_0116,BUSI,malignant,,malignant (116).png,malignant (116)_mask.png,582,434,1,13582,0.05377135889274233,0.06804442917016672,57.62018566424955,74.70887373905332,85e075f7c62426f49e859620fa30e067,
malignant_0117,BUSI,malignant,,malignant (117).png,malignant (117)_mask.png,611,434,1,22461,0.08470287433911318,0.1827975103043327,52.94357973239227,106.1973157247694,fe50babdaad4d062af42cb08fd8baf83,
malignant_0118,BUSI,malignant,,malignant (118).png,malignant (118)_mask.png,562,473,1,30867,0.11611730981920504,0.16166908036077315,51.19802783184279,80.08193329471158,79dd89db3f499f2febe9fd515d6294c2,
malignant_0119,BUSI,malignant,,malignant (119).png,malignant (119)_mask.png,564,469,1,28930,0.10936956554612953,0.17620359447764505,73.3753374486123,79.61274932329235,5f486f1c4ba39a7e1c9d1297e7112fc7,
malignant_0120,BUSI,malignant,,malignant (120).png,malignant (120)_mask.png,564,470,1,45152,0.1703334842311755,0.21987870390196507,57.13756314605899,86.6668854685378,6a4ff0369c3a75a9fee407a0fc09c4e8,
malignant_0121,BUSI,malignant,,malignant (121).png,malignant (121)_mask.png,562,476,1,3512,0.013128383025808188,0.2551443242094454,110.31837138506238,98.08637369538563,0d64985e734433a34cdeb95ecd6c1143,
malignant_0122,BUSI,malignant,,malignant (122).png,malignant (122)_mask.png,554,467,1,50519,0.1952666609976886,0.20716821830436227,85.39520479439162,83.64973059470157,7e5ba043019492f79ea75b2cb71b26c1,
malignant_0123,BUSI,malignant,,malignant (123).png,malignant (123)_mask.png,321,483,1,30076,0.19398489451313505,0.16487770004861174,80.38180215266114,62.21797823829518,712d7049cf726d635a865eeae886f86f,
malignant_0124,BUSI,malignant,,malignant (124).png,malignant (124)_mask.png,545,494,1,44941,0.16692419121197488,0.17186487232284206,58.484897127381274,70.7608587453107,e3ac8f5d2c2098b4ce6c0e810bd20e6d,
malignant_0125,BUSI,malignant,,malignant (125).png,malignant (125)_mask.png,557,465,1,13033,0.05031949190170074,0.13319192647743727,82.00482531193646,102.61613096272272,828f131f974a6623df451096122d1657,
malignant_0126,BUSI,malignant,,malignant (126).png,malignant (126)_mask.png,557,478,1,18584,0.06980010967300918,0.13359247834333304,75.42948787761267,95.06253239485288,84ebfe367ba4bbe4183550353a2fc10e,
malignant_0127,BUSI,malignant,,malignant (127).png,malignant (127)_mask.png,591,464,1,80644,0.29408075150242136,0.1713469235048118,65.54230696142916,75.63353316996324,b234162f2e9d454a98309e094b7e3f68,
malignant_0128,BUSI,malignant,,malignant (128).png,malignant (128)_mask.png,625,468,1,105745,0.36152136752136754,0.14794670216460162,61.456056479384245,73.32080341880342,0df9aa2c847698b77736e4acee217521,
malignant_0129,BUSI,malignant,,malignant (129).png,malignant (129)_mask.png,569,458,1,103510,0.3971957237473235,0.15146614447169693,58.686496769311205,74.53489612512567,e7c9ff0e4e0aa098e72e554cbd059879,
malignant_0130,BUSI,malignant,,malignant (130).png,malignant (130)_mask.png,555,463,1,32239,0.12546066584943474,0.171583877574457,78.40928272060684,96.29608701574145,272fcc280dd77a5433890906b062130f,
malignant_0131,BUSI,malignant,,malignant (131).png,malignant (131)_mask.png,604,461,1,13678,0.04912298343652584,0.1741846168361913,88.04923300454685,85.89430549769433,c52002cc1d91321df3417463df519e1f,
malignant_0132,BUSI,malignant,,malignant (132).png,malignant (132)_mask.png,451,581,1,84795,0.3236067488197961,0.21300530846061078,68.82923161724456,115.85210146891016,98cfd56d28581855fff5b74d4e0836dd,
malignant_0133,BUSI,malignant,,malignant (133).png,malignant (133)_mask.png,479,485,1,87550,0.376859006090868,0.21234952576118968,47.72228001390143,110.0836751824032,a8f80ecdd28c0ab189c8a2787ff09474,
malignant_0134,BUSI,malignant,,malignant (134).png,malignant (134)_mask.png,556,467,1,16162,0.06224485080030194,0.18651776269798687,55.56916294227007,105.76807419161031,02c4d9e56ca90173c14f90d18bad5ad7,
malignant_0135,BUSI,malignant,,malignant (135).png,malignant (135)_mask.png,933,571,1,38263,0.07182262366657094,0.2588075082711935,34.43838048759268,87.93520515520616,09c2ec33ecb569a20578b3df0686e0ca,
malignant_0136,BUSI,malignant,,malignant (136).png,malignant (136)_mask.png,190,335,1,4971,0.07809897879025923,0.1934942015780186,62.04275124613481,76.60025137470542,8ba03de07d9e4320eb2442c8ecc7e23e,
malignant_0137,BUSI,malignant,,malignant (137).png,malignant (137)_mask.png,233,339,1,34498,0.4367554154481117,0.11377111793274916,43.00597198115452,51.10078873738716,ff6db38a4b861af09d675ab327a92e42,
malignant_0138,BUSI,malignant,,malignant (138).png,malignant (138)_mask.png,556,467,1,31109,0.11981036156085838,0.11036319975616744,65.15858977496598,80.66376919877375,1fbd0e6c620b1b8e01b65256551d4bad,
malignant_0139,BUSI,malignant,,malignant (139).png,malignant (139)_mask.png,549,474,1,31649,0.12162120618231845,0.1627762956618964,44.42231338463164,80.52327207888527,caa12f29ae39372ee912215963c4e0ed,
malignant_0140,BUSI,malignant,,malignant (140).png,malignant (140)_mask.png,546,463,1,29390,0.11625883116163893,0.204016386218019,57.373785871756134,75.01415359298728,fafde1ad0f92cd29c13233c5c4954083,
malignant_0141,BUSI,malignant,,malignant (141).png,malignant (141)_mask.png,588,434,1,13438,0.052658390545158154,0.16591962183649947,100.08839929500806,81.53998557948525,5e24039578007e13624cfd690c4655cb,
malignant_0142,BUSI,malignant,,malignant (142).png,malignant (142)_mask.png,556,465,1,80699,0.31213351899125863,0.18360447261851362,42.39361680686654,109.92625899280576,3515c8d2c458081268f721176cd693a7,
malignant_0143,BUSI,malignant,,malignant (143).png,malignant (143)_mask.png,562,467,1,12321,0.04694536947426978,0.17275506708963745,67.70911656819601,72.91760079861614,e0acda8746aa92d036047f812bb311ba,
malignant_0144,BUSI,malignant,,malignant (144).png,malignant (144)_mask.png,544,470,1,66146,0.2587061952440551,0.20074730466729337,36.3977676037269,70.24551001251564,086b59f7c7a23512e1e91d4fee054037,
malignant_0145,BUSI,malignant,,malignant (145).png,malignant (145)_mask.png,550,462,1,4112,0.016182605273514363,0.14868539827101693,98.67188043340279,53.16157811885085,88f5ac307c1827b335d8b981c31262dc,
malignant_0146,BUSI,malignant,,malignant (146).png,malignant (146)_mask.png,575,432,1,48281,0.19436795491143316,0.1559075738710768,52.82329010170615,78.01081723027376,e0d9b8b4a8141aa87b2105229da81bdc,
malignant_0147,BUSI,malignant,,malignant (147).png,malignant (147)_mask.png,552,471,1,11899,0.045766792824394595,0.101739905441965,55.18755749770414,43.219225976183886,755c914d4f15cb75d3217fee143d8b6b,
malignant_0148,BUSI,malignant,,malignant (148).png,malignant (148)_mask.png,556,463,1,2856,0.011094364249421198,0.15386794097866763,72.86662765614095,130.46684121385397,9668d23cd8f36c53ec889a6b6190effb,
malignant_0149,BUSI,malignant,,malignant (149).png,malignant (149)_mask.png,763,572,1,34306,0.07860488135717493,0.10801773100359183,39.91449838917567,90.49788285109386,f20b9c2fd003c0a4ef63e8de41916759,
malignant_0150,BUSI,malignant,,malignant (150).png,malignant (150)_mask.png,557,463,1,102194,0.39626819082480585,0.2130762161412364,54.705711589700535,96.45136898922414,32b5d94e7c72a3245e6af4fb60810f1d,
malignant_0151,BUSI,malignant,,malignant (151).png,malignant (151)_mask.png,513,467,1,43830,0.18295202674781172,0.06351851466686224,37.28124581302872,61.065320927825155,64b5052ed048e6d02904dd47b1a630f2,
malignant_0152,BUSI,malignant,,malignant (152).png,malignant (152)_mask.png,776,574,1,96180,0.21592909228061352,0.0692306564259333,40.819209174884996,97.09915496246273,190d8d71cd5b453b7b5043f4a19f08ef,
malignant_0153,BUSI,malignant,,malignant (153).png,malignant (153)_mask.png,650,603,1,138357,0.3529965556831228,0.11040940505813784,26.499906500497804,45.59240974614109,1160f11df0d15b128b27449dc4f1590e,
malignant_0154,BUSI,malignant,,malignant (154).png,malignant (154)_mask.png,556,464,1,58054,0.22502945919126768,0.23079567716964464,72.94682091008268,99.80599572066485,97ec3f6ba3364653c46b8410df895136,
malignant_0155,BUSI,malignant,,malignant (155).png,malignant (155)_mask.png,551,487,1,38117,0.14204899063491058,0.13991217129027383,52.061771683355765,79.30765790778014,12ad5fdae79d37b8f723e02265550fd6,
malignant_0156,BUSI,malignant,,malignant (156).png,malignant (156)_mask.png,562,457,1,108947,0.4241922798383392,0.11107725490100957,58.289622661323115,83.69030190706837,633ac40741cd393f69bcc8d51a582416,
malignant_0157,BUSI,malignant,,malignant (157).png,malignant (157)_mask.png,564,471,1,5265,0.019819758774901747,0.06312558752939394,95.1840765902237,75.24606239930132,5781b8818f0612db06d69b5a1020a0b9,
malignant_0158,BUSI,malignant,,malignant (158).png,malignant (158)_mask.png,313,444,1,34631,0.24919408226117493,0.07902709506836507,58.66059636428099,95.7160435195579,18073171cb1a4fa8093483edcec668cc,
malignant_0159,BUSI,malignant,,malignant (159).png,malignant (159)_mask.png,556,482,1,57045,0.2128608316666169,0.1216897876408506,50.77476872265118,109.98729066539299,42476ecef66446821287e8ec0c346aac,
malignant_0160,BUSI,malignant,,malignant (160).png,malignant (160)_mask.png,626,587,1,76548,0.20831541764862763,0.08576639632872832,35.462805411886556,88.65212185205544,dca3e09b95b68fdd49e716947befd952,
malignant_0161,BUSI,malignant,,malignant (161).png,malignant (161)_mask.png,694,576,1,95915,0.23994106227985912,0.19444440296136617,52.757852251267394,59.87849223503042,becba5329ddcad495bd92e398769db6a,
malignant_0162,BUSI,malignant,,malignant (162).png,malignant (162)_mask.png,620,587,1,137556,0.37796340056053196,0.2307846655481586,44.73338291914124,84.12594108919052,8c60178bca883b1419b968971d4bc8ff,
malignant_0163,BUSI,malignant,,malignant (163).png,malignant (163)_mask.png,643,570,1,167411,0.4567706201740744,0.18690838524238762,54.59926319763079,91.2703446017844,ff819a2f572f8468bbf95891a43c4810,
malignant_0164,BUSI,malignant,,malignant (164).png,malignant (164)_mask.png,551,473,1,146711,0.5629242238789363,0.12873333778883356,42.12954356465665,72.06585374276253,f94d33df917dc8280a4c73366fe5a3f8,
malignant_0165,BUSI,malignant,,malignant (165).png,malignant (165)_mask.png,505,332,1,70769,0.4220982941667661,0.16072042434551773,33.690949665379975,43.06900274364786,f34166f80a323867dfde67c7ed7eff11,
malignant_0166,BUSI,malignant,,malignant (166).png,malignant (166)_mask.png,555,488,1,9614,0.035496972382218286,0.1398433872984068,58.22740227143355,85.54199158174568,606205d90a2fb40e2d4a3f847919881e,
malignant_0167,BUSI,malignant,,malignant (167).png,malignant (167)_mask.png,563,459,1,57587,0.22284524624927926,0.29003127484487856,82.32661687611487,108.4222825897677,23610e05b694ef9bdc9c3a2600ea9428,
malignant_0168,BUSI,malignant,,malignant (168).png,malignant (168)_mask.png,557,469,1,50109,0.19181726657811227,0.21055469048504313,49.718863819050775,91.91586820960599,0db702111e61e793263f96ec4d6ce69c,
malignant_0169,BUSI,malignant,,malignant (169).png,malignant (169)_mask.png,557,463,1,1305,0.005060277404019527,0.25432559496780255,131.79986561707406,103.09498586612173,cf315f46c4ddea75af8fc6b12cd4d91b,
malignant_0170,BUSI,malignant,,malignant (170).png,malignant (170)_mask.png,556,463,1,82118,0.318994048821418,0.18700157880022178,57.95344495052795,81.29280808614448,0f8916cc69d5ecf458420ee19190ce6e,
malignant_0171,BUSI,malignant,,malignant (171).png,malignant (171)_mask.png,624,589,1,33432,0.09096251795742458,0.18007006367147682,37.203201664227734,97.30900102302904,711a58453611e18a19420256049a45f6,
malignant_0172,BUSI,malignant,,malignant (172).png,malignant (172)_mask.png,602,469,1,18664,0.06610516473163372,0.15869835404822588,56.151932539086054,74.78828212992937,0d7c7dece87b6be854b788f3ded3ec34,
malignant_0173,BUSI,malignant,,malignant (173).png,malignant (173)_mask.png,573,451,1,14986,0.057990194371244044,0.0903314280035648,41.0763830037863,33.94444766913162,b6e263ccc7741b7f9fe46afec25c54ef,
malignant_0174,BUSI,malignant,,malignant (174).png,malignant (174)_mask.png,633,581,1,29579,0.08042732881424139,0.16232226165199282,64.87155917197839,61.93860615107689,173ba41a134b764391bf33eb6b56e928,
malignant_0175,BUSI,malignant,,malignant (175).png,malignant (175)_mask.png,564,470,1,56917,0.21471631205673758,0.1398806787038776,42.87662032073251,40.623419345103365,5e0a2faaacc75c28cce3aa2bee54fbd7,
malignant_0176,BUSI,malignant,,malignant (176).png,malignant (176)_mask.png,640,594,1,40621,0.10685237794612795,0.19138290322096882,40.65638714237476,52.49629892676768,fffbcf0dfc54443c9276049b6416b9d3,
malignant_0177,BUSI,malignant,,malignant (177).png,malignant (177)_mask.png,613,581,1,17348,0.04870940298130298,0.03252367196639993,43.459536738324644,58.858167697590645,4686bb89280bf50b0eb543e091ca7750,
malignant_0178,BUSI,malignant,,malignant (178).png,malignant (178)_mask.png,562,467,1,23054,0.08784015484618257,0.08232158694347211,63.88567022596092,43.13535324285399,dedec79ae50683bb725e5a8ff4961912,
malignant_0179,BUSI,malignant,,malignant (179).png,malignant (179)_mask.png,432,476,1,26254,0.1276746809835045,0.1735822942509562,56.16004286873667,79.4629386476813,f630572bcf07aa1253f6da85a016e7f0,
malignant_0180,BUSI,malignant,,malignant (180).png,malignant (180)_mask.png,562,461,1,27730,0.10703175056545804,0.16422307274293654,67.17513619270353,97.96043337630557,a238ce0c894929be5ba007961fc86e36,
malignant_0181,BUSI,malignant,,malignant (181).png,malignant (181)_mask.png,497,488,1,11063,0.045613847016525384,0.006685235500880732,41.235088078808076,49.2365793119372,10683bd125fa38146a2741a1ac3ef1d0,
malignant_0182,BUSI,malignant,,malignant (182).png,malignant (182)_mask.png,689,583,1,84653,0.2107436884937775,0.17774485695798029,36.85713284203946,82.17022208834241,a33c85e6dd53a2bc8f36e3a9190599cf,
malignant_0183,BUSI,malignant,,malignant (183).png,malignant (183)_mask.png,557,457,1,54718,0.2149605773348157,0.21876949526528208,55.73346120680038,68.8914943684713,e89f2fd69cffa836fc5ae625f2fd5a44,
malignant_0184,BUSI,malignant,,malignant (184).png,malignant (184)_mask.png,552,492,1,36927,0.13596898197242843,0.2109151105742999,53.642755742168205,70.26680879580535,1be8ec993e7996079326ea2684fed488,
malignant_0185,BUSI,malignant,,malignant (185).png,malignant (185)_mask.png,694,582,1,67775,0.16779811244144707,0.2563612903173229,41.10853638915148,90.59646998821513,6ff6e218f63e91fd7e484c14e7ab9632,
malignant_0186,BUSI,malignant,,malignant (186).png,malignant (186)_mask.png,566,506,1,88940,0.31054903001438566,0.19270336456205736,46.781793538129996,74.1533645721309,0d691c86af5ca60c28aba9fbc1c82957,
malignant_0187,BUSI,malignant,,malignant (187).png,malignant (187)_mask.png,765,585,1,54503,0.12178760963074689,0.02407424133661772,38.925728947278515,89.23578794480756,0cc6f7814185ac0fe507eab64881e384,
malignant_0188,BUSI,malignant,,malignant (188).png,malignant (188)_mask.png,724,473,1,45445,0.1327047294219336,0.151717896798249,37.83320977381698,53.65258196769182,23cab5f658742023843c9776aa6c2126,
malignant_0189,BUSI,malignant,,malignant (189).png,malignant (189)_mask.png,433,400,1,2832,0.016351039260969976,0.1765512919037097,94.1405708266863,74.89482101616628,f36c762e8d373e9988bc0c71b0cad7ff,
malignant_0190,BUSI,malignant,,malignant (190).png,malignant (190)_mask.png,576,427,1,22523,0.09157477881863128,0.1561769537011843,50.7740876851714,72.96654225214677,26ecd9a137134128d9f52100e8cac959,
malignant_0191,BUSI,malignant,,malignant (191).png,malignant (191)_mask.png,673,471,1,12415,0.03916613824716152,0.10516088686453187,41.68783219661351,52.82369086039314,0adb09463a46a537ef20981b9d72fa5e,
malignant_0192,BUSI,malignant,,malignant (192).png,malignant (192)_mask.png,556,488,1,5806,0.021398455006486614,0.20712832767737932,77.98744674930528,82.54123791131029,0fd7462f0e9898722850e0d572b08659,
malignant_0193,BUSI,malignant,,malignant (193).png,malignant (193)_mask.png,781,574,1,16310,0.03638237406701852,0.18574312145990204,64.4699463599108,118.55051149468875,370c38a73296ef325aa3dd9257c71537,
malignant_0194,BUSI,malignant,,malignant (194).png,malignant (194)_mask.png,923,555,1,66499,0.12981367065874108,0.18696859299764948,37.42210727777473,95.68000351380633,00e6d8ce815bd7242b1e7a1e4efdc3fe,
malignant_0195,BUSI,malignant,,malignant (195).png,malignant (195)_mask.png,555,475,1,46680,0.1770697012802276,0.21452519756177438,57.91153380297944,112.61752868658132,738294b7445b17c7070e54619aa610eb,
malignant_0196,BUSI,malignant,,malignant (196).png,malignant (196)_mask.png,557,465,1,26542,0.10247678616242929,0.24139737659435534,54.57173896942778,73.97053338738634,41cbeb8e7871b923aae5f2181eb4735d,
malignant_0197,BUSI,malignant,,malignant (197).png,malignant (197)_mask.png,552,484,1,29061,0.10877425440172475,0.1293910366850921,42.021701755378615,78.17371840939035,32e1f63f78d7ff1be413400d41313d31,
malignant_0198,BUSI,malignant,,malignant (198).png,malignant (198)_mask.png,616,677,1,33438,0.08018089738916917,0.14320877585478575,36.1757478381934,42.23647106217269,8ab098c5e8bb0922cbf6596ac10fddfd,
malignant_0199,BUSI,malignant,,malignant (199).png,malignant (199)_mask.png,504,473,1,15851,0.06649132521225544,0.13325560196331834,58.942535589954986,109.86517165005537,f3943b26783a745d07f1c4dc5d46e128,
malignant_0200,BUSI,malignant,,malignant (200).png,malignant (200)_mask.png,438,463,1,12666,0.06245746915589219,0.14459174678870942,110.47819854706583,110.08017988697891,ead5d909517295d00a91522d9c2c4477,
malignant_0201,BUSI,malignant,,malignant (201).png,malignant (201)_mask.png,678,576,1,78455,0.20089468616846937,0.14715572215406558,36.34506426137477,61.05876659292036,8288d67e5884b9150ace12fc08c51c68,
malignant_0202,BUSI,malignant,,malignant (202).png,malignant (202)_mask.png,550,491,1,36664,0.1357674504721348,0.20266482853144382,49.66729083227945,72.51346417330124,cf68de7f4f53cba016ff8d4bdfa5af79,
malignant_0203,BUSI,malignant,,malignant (203).png,malignant (203)_mask.png,577,411,1,53353,0.22497859977144977,0.13885498955484527,41.94928030134826,55.462097348901736,97d56980b3f4843517dcfaa7dd8cdb8d,
malignant_0204,BUSI,malignant,,malignant (204).png,malignant (204)_mask.png,875,585,1,47346,0.09249523809523809,0.12989942791996323,45.02441596463769,78.31338510378511,fde0e15c4a274bf864d91e3c17dc0aff,
malignant_0205,BUSI,malignant,,malignant (205).png,malignant (205)_mask.png,510,470,1,87721,0.3659616186900292,0.19865070611826915,41.703468245688,77.88433875677931,771b7be190cb42f790e210aa929d6cef,
malignant_0206,BUSI,malignant,,malignant (206).png,malignant (206)_mask.png,792,571,1,145206,0.32108740646393885,0.19107123838368859,39.02427122800909,93.46567469794265,c730cec7cd2bd806b0081429c85600a2,
malignant_0207,BUSI,malignant,,malignant (207).png,malignant (207)_mask.png,557,458,1,28227,0.11064812274113506,0.1792449886241719,52.74771729779793,78.4739402444474,f8182159d26cc05a17b788cf0c5ae210,
malignant_0208,BUSI,malignant,,malignant (208).png,malignant (208)_mask.png,617,664,1,145369,0.35482855245943257,0.16435141283601523,28.821361011784248,44.635715471285465,a6b93dd891ce0fd97432ed20dc8933f8,
malignant_0209,BUSI,malignant,,malignant (209).png,malignant (209)_mask.png,508,471,1,5025,0.021001554741962986,0.19794960800916714,74.21129286123629,71.00747697142953,5fb9be13ef3e6dc61272b41e12383402,
malignant_0210,BUSI,malignant,,malignant (210).png,malignant (210)_mask.png,775,587,1,100616,0.22117052261361764,0.1662685255366958,37.29253402193002,94.42072869154256,a87c7da0d10a96acdbc79fa841e316c1,
normal_0001,BUSI,normal,,normal (1).png,normal (1)_mask.png,568,470,0,0,0.0,,,83.68363425232245,42c301dd249b667712d5aa0cf7335ce8,
normal_0002,BUSI,normal,,normal (2).png,normal (2)_mask.png,552,471,0,0,0.0,,,81.3286293424413,26e05f8a3e2da623fc87c7698be3b111,
normal_0003,BUSI,normal,,normal (3).png,normal (3)_mask.png,554,465,0,0,0.0,,,74.0169053996351,d14d66713258f14645df8f8d7df1bcfa,
normal_0004,BUSI,normal,,normal (4).png,normal (4)_mask.png,578,434,0,0,0.0,,,108.23359191874093,40ff25eaa01c4a8cfff56c75973f7e02,
normal_0005,BUSI,normal,,normal (5).png,normal (5)_mask.png,765,573,0,0,0.0,,,113.96615451299775,608dc01679852c63bb1689d897e39794,
normal_0006,BUSI,normal,,normal (6).png,normal (6)_mask.png,776,574,0,0,0.0,,,107.44060266173354,bd578111773b685036e3d763ad689031,
normal_0007,BUSI,normal,,normal (7).png,normal (7)_mask.png,770,585,0,0,0.0,,,106.55662781662781,ed80f083b20240c4b0b35a1c6c116d38,
normal_0008,BUSI,normal,,normal (8).png,normal (8)_mask.png,775,587,0,0,0.0,,,62.36802769687311,dce691f43ffeb2dde76e9e5e8e7d9f75,
normal_0009,BUSI,normal,,normal (9).png,normal (9)_mask.png,495,491,0,0,0.0,,,46.7489724125162,dad50e2fa1cb2fb16d645c831eb52502,
normal_0010,BUSI,normal,,normal (10).png,normal (10)_mask.png,501,485,0,0,0.0,,,46.17049612115974,f33b029b2f690dc039b0c92ae710679c,
normal_0011,BUSI,normal,,normal (11).png,normal (11)_mask.png,752,576,0,0,0.0,,,91.43485427748227,7000c4de7893c6e20996ea9e431763fd,
normal_0012,BUSI,normal,,normal (12).png,normal (12)_mask.png,779,583,0,0,0.0,,,105.8049022694795,dced59653010b2ffbba0ce05172e2224,
normal_0013,BUSI,normal,,normal (13).png,normal (13)_mask.png,779,574,0,0,0.0,,,114.5828543697137,0e2bc941cc2406a48a30687150de3e35,
normal_0014,BUSI,normal,,normal (14).png,normal (14)_mask.png,765,581,0,0,0.0,,,105.43073582846793,c24e296d413ea2ddd187c5de205a5d15,
normal_0015,BUSI,normal,,normal (15).png,normal (15)_mask.png,554,464,0,0,0.0,,,102.30835304369477,c11e8ea8b8d551cd76dd52fe7d9a4311,
normal_0016,BUSI,normal,,normal (16).png,normal (16)_mask.png,566,464,0,0,0.0,,,111.2723818082125,7d758838f5e47104b6b4dd6ac81741f9,
normal_0017,BUSI,normal,,normal (17).png,normal (17)_mask.png,560,465,0,0,0.0,,,76.84811827956989,44c89f4111863611f1b29b24dfe302ba,
normal_0018,BUSI,normal,,normal (18).png,normal (18)_mask.png,562,473,0,0,0.0,,,59.34732494187927,c320d666568f5d86b73772d4c84f356a,
normal_0019,BUSI,normal,,normal (19).png,normal (19)_mask.png,660,566,0,0,0.0,,,61.785806831566546,bff4e87c883b16247ca61426c46e216a,
normal_0020,BUSI,normal,,normal (20).png,normal (20)_mask.png,851,687,0,0,0.0,,,88.61732493838056,3393fdfe5b91068a072317259c19d9c3,
normal_0021,BUSI,normal,,normal (21).png,normal (21)_mask.png,545,463,0,0,0.0,,,71.76194741117958,05119f785f7b91d8259f0bd0ed51e57c,
normal_0022,BUSI,normal,,normal (22).png,normal (22)_mask.png,552,470,0,0,0.0,,,90.76904486586494,bf8c280b3211f2a69e7e5f88622168bb,
normal_0023,BUSI,normal,,normal (23).png,normal (23)_mask.png,763,578,0,0,0.0,,,104.60099225874916,86bf599675a3e9f5a4c9ea9f2ac43acb,
normal_0024,BUSI,normal,,normal (24).png,normal (24)_mask.png,626,573,0,0,0.0,,,74.24660299193194,025338977ba2cc68d186ae1cdd484964,
normal_0025,BUSI,normal,,normal (25).png,normal (25)_mask.png,781,571,0,0,0.0,,,100.73563911730213,fac26083bafebc1463b3541f72a7f209,
normal_0026,BUSI,normal,,normal (26).png,normal (26)_mask.png,738,475,0,0,0.0,,,70.45083440308088,88e8552fea1a126e54092283c21bbc7d,
normal_0027,BUSI,normal,,normal (27).png,normal (27)_mask.png,804,707,0,0,0.0,,,57.46771974638828,95bdd862b1867519cf610a0e5aa1552f,
normal_0028,BUSI,normal,,normal (28).png,normal (28)_mask.png,761,619,0,0,0.0,,,66.87632334803071,b9eb600e1f12dc540282ee8fabd7fc84,
normal_0029,BUSI,normal,,normal (29).png,normal (29)_mask.png,679,567,0,0,0.0,,,45.023293930019506,bba415cfec75a64d7d4038a7f18cfe95,
normal_0030,BUSI,normal,,normal (30).png,normal (30)_mask.png,550,490,0,0,0.0,,,74.80777365491652,0bee931793e11c7cf63842ca5e203087,
normal_0031,BUSI,normal,,normal (31).png,normal (31)_mask.png,547,473,0,0,0.0,,,88.9562711851305,d154fd54f60974c5b2511815f11e94a9,
normal_0032,BUSI,normal,,normal (32).png,normal (32)_mask.png,557,470,0,0,0.0,,,103.54340883914588,88aebaa7fc9bf570c007d7ca16dd8821,
normal_0033,BUSI,normal,,normal (33).png,normal (33)_mask.png,777,587,0,0,0.0,,,104.42769004097795,dba8d85354d787470fc68b5d9cb93685,
normal_0034,BUSI,normal,,normal (34).png,normal (34)_mask.png,779,576,0,0,0.0,,,112.61051606404222,60ef9bd54d02b2be6d64ffdb0cf8c3a4,
normal_0035,BUSI,normal,,normal (35).png,normal (35)_mask.png,616,688,0,0,0.0,,,61.06035516082754,3e363a5d158e6ec46da2673582a8f9a1,
normal_0036,BUSI,normal,,normal (36).png,normal (36)_mask.png,812,705,0,0,0.0,,,57.55660657513189,ef8e4433545f860c65b5859b41e318f8,
normal_0037,BUSI,normal,,normal (37).png,normal (37)_mask.png,816,709,0,0,0.0,,,49.61023362095191,d4e68e5beaf96b67205cce7163a47100,
normal_0038,BUSI,normal,,normal (38).png,normal (38)_mask.png,763,619,0,0,0.0,,,52.858256563137175,c97923191da73cb45cea32c3481f2392,
normal_0039,BUSI,normal,,normal (39).png,normal (39)_mask.png,757,618,0,0,0.0,,,79.03319182773082,2a4db3266f61d50a645c46edf90816bf,
normal_0040,BUSI,normal,,normal (40).png,normal (40)_mask.png,763,598,0,0,0.0,,,66.76943240245993,dc58682cf3c517e1c07aee463b776270,
normal_0041,BUSI,normal,,normal (41).png,normal (41)_mask.png,761,600,0,0,0.0,,,85.06502628120893,dc3bb228b1cd469f19cfa9670492826e,
normal_0042,BUSI,normal,,normal (42).png,normal (42)_mask.png,763,611,0,0,0.0,,,98.63204295216788,3083ca39626039c812dfda2a364f97ae,
normal_0043,BUSI,normal,,normal (43).png,normal (43)_mask.png,759,592,0,0,0.0,,,56.620074867357474,b43b7b4fa981577fc5919f038782252a,
normal_0044,BUSI,normal,,normal (44).png,normal (44)_mask.png,761,618,0,0,0.0,,,84.4583455596239,a21ff2a3ff8f6b4105fc91f80fdac2b1,
normal_0045,BUSI,normal,,normal (45).png,normal (45)_mask.png,767,601,0,0,0.0,,,98.30740378378496,97a6c59c9eccbecf74e7a91c8a94cf5b,
normal_0046,BUSI,normal,,normal (46).png,normal (46)_mask.png,393,310,0,0,0.0,,,67.32813756874333,62c371fcd991fbb9e00e285fe7ddb951,
normal_0047,BUSI,normal,,normal (47).png,normal (47)_mask.png,391,313,0,0,0.0,,,84.62349345905885,c4558d97821c2e765dde205cd3c758a0,
normal_0048,BUSI,normal,,normal (48).png,normal (48)_mask.png,392,312,0,0,0.0,,,78.16451628728414,c31dfbb90fc9e538178108c677358a41,
normal_0049,BUSI,normal,,normal (49).png,normal (49)_mask.png,396,316,0,0,0.0,,,96.32099475770362,97956685ad34a343722b9ddf1be3cd4d,
normal_0050,BUSI,normal,,normal (50).png,normal (50)_mask.png,392,310,0,0,0.0,,,54.267783080974326,166e65a9d0ee6dddaea13e35bb6ea49f,
normal_0051,BUSI,normal,,normal (51).png,normal (51)_mask.png,554,490,0,0,0.0,,,66.47951816105504,32555f11c12458ceabcc0125842abf0f,
normal_0052,BUSI,normal,,normal (52).png,normal (52)_mask.png,552,487,0,0,0.0,,,66.91042466446449,eb92df744a46cf7ce037ccc60495e9a1,
normal_0053,BUSI,normal,,normal (53).png,normal (53)_mask.png,757,648,0,0,0.0,,,51.95957890960093,bae8fc6bb4c63567224352e2c9c06998,
normal_0054,BUSI,normal,,normal (54).png,normal (54)_mask.png,554,492,0,0,0.0,,,66.21829781925977,739b15950ba7a651c9a8db452cd0efe6,
normal_0055,BUSI,normal,,normal (55).png,normal (55)_mask.png,557,491,0,0,0.0,,,43.76811694888605,da2c3fb760bc9b0525011c9cafebe381,
normal_0056,BUSI,normal,,normal (56).png,normal (56)_mask.png,763,598,0,0,0.0,,,80.14425761713356,e76d1567608f00e626f301b92b45c58b,
normal_0057,BUSI,normal,,normal (57).png,normal (57)_mask.png,548,490,0,0,0.0,,,44.46577536123939,8811380c0f22c878e78faa395cc9e905,
normal_0058,BUSI,normal,,normal (58).png,normal (58)_mask.png,554,487,0,0,0.0,,,81.03005952601576,8b2444e8e62e6611f2d37586cd18e58f,
normal_0059,BUSI,normal,,normal (59).png,normal (59)_mask.png,765,621,0,0,0.0,,,64.44677675686485,20443e9b4b79eddc8a59622b1fe0b5b0,
normal_0060,BUSI,normal,,normal (60).png,normal (60)_mask.png,552,486,0,0,0.0,,,81.63180279716109,994529b1943230db698e0e61d0416b57,
normal_0061,BUSI,normal,,normal (61).png,normal (61)_mask.png,752,601,0,0,0.0,,,86.46999017594788,f644ba33817eaaa3cb2844b1074e4bc2,
normal_0062,BUSI,normal,,normal (62).png,normal (62)_mask.png,763,598,0,0,0.0,,,98.15168078829826,a4c494b26d1436d928b6b4a29b79f981,
normal_0063,BUSI,normal,,normal (63).png,normal (63)_mask.png,558,467,0,0,0.0,,,71.52579570659974,d5d5a40026ed2a8c02e1de036555b78a,
normal_0064,BUSI,normal,,normal (64).png,normal (64)_mask.png,558,470,0,0,0.0,,,71.810771753222,90e4a1827d1af3295d75b81bf38dd8d4,
normal_0065,BUSI,normal,,normal (65).png,normal (65)_mask.png,670,570,0,0,0.0,,,34.15491489918827,f12fa3f2fb891398b91ff1f394e4d6b8,
normal_0066,BUSI,normal,,normal (66).png,normal (66)_mask.png,561,468,0,0,0.0,,,117.5778410043116,5468c06101c5278c34d1d0ec73a623f6,
normal_0067,BUSI,normal,,normal (67).png,normal (67)_mask.png,545,493,0,0,0.0,,,44.271328879542956,84beabcc25dc8f53a9f06ac4e445707e,
normal_0068,BUSI,normal,,normal (68).png,normal (68)_mask.png,558,488,0,0,0.0,,,43.95920735648393,05ff823d754642044d67a3cd321f3410,
normal_0069,BUSI,normal,,normal (69).png,normal (69)_mask.png,556,487,0,0,0.0,,,80.7140509358427,344783caa280502adb53f65ff30fd347,
normal_0070,BUSI,normal,,normal (70).png,normal (70)_mask.png,557,471,0,0,0.0,,,87.89338547801195,425f95cc4365322433cf9c670a7ca2c7,
normal_0071,BUSI,normal,,normal (71).png,normal (71)_mask.png,547,470,0,0,0.0,,,59.65753627134467,b989bc220dcf010399f66910357db15d,
normal_0072,BUSI,normal,,normal (72).png,normal (72)_mask.png,916,692,0,0,0.0,,,65.22099729913926,b90b79f87edb121cf72bfc4fdce970ab,
normal_0073,BUSI,normal,,normal (73).png,normal (73)_mask.png,509,474,0,0,0.0,,,67.6384281249741,f326df5333f0d5d1496288c64e0f917d,
normal_0074,BUSI,normal,,normal (74).png,normal (74)_mask.png,558,467,0,0,0.0,,,113.22450937502398,57e09f1ee0fdf4bc606438e70b29b138,
normal_0075,BUSI,normal,,normal (75).png,normal (75)_mask.png,556,467,0,0,0.0,,,76.29023847303314,62468c824085887cca315bd9bb12d91c,
normal_0076,BUSI,normal,,normal (76).png,normal (76)_mask.png,555,469,0,0,0.0,,,119.83629727808832,77ee1ebf0f40915353c215cb85eb0935,
normal_0077,BUSI,normal,,normal (77).png,normal (77)_mask.png,560,471,0,0,0.0,,,108.23808386411889,b758d0385b51d73469e58851e9d0c2ac,
normal_0078,BUSI,normal,,normal (78).png,normal (78)_mask.png,731,478,0,0,0.0,,,61.96393431363009,65873f5001e2434c71c962443e1dc743,
normal_0079,BUSI,normal,,normal (79).png,normal (79)_mask.png,703,471,0,0,0.0,,,56.929525569820576,dd8807a48c3a24a49bf133e7d5a3912f,
normal_0080,BUSI,normal,,normal (80).png,normal (80)_mask.png,562,470,0,0,0.0,,,96.95666691905808,c7761cb4f2db83b5946daaf0a0a7534c,
normal_0081,BUSI,normal,,normal (81).png,normal (81)_mask.png,767,587,0,0,0.0,,,105.16017626585582,61c6e4da2aabe9d3fe2b3755b9bac85d,
normal_0082,BUSI,normal,,normal (82).png,normal (82)_mask.png,560,468,0,0,0.0,,,86.67875076312576,da6ecceb4f248c530d5e3fde6b8ab2d1,
normal_0083,BUSI,normal,,normal (83).png,normal (83)_mask.png,619,576,0,0,0.0,,,169.63313924789085,fdde9bb539dcd6a92c9c6c1d5c3b312a,
normal_0084,BUSI,normal,,normal (84).png,normal (84)_mask.png,509,477,0,0,0.0,,,92.92028188621583,adcfdd6f94ad08211c9a74190d0d3908,
normal_0085,BUSI,normal,,normal (85).png,normal (85)_mask.png,557,464,0,0,0.0,,,64.50790487835077,a7b928d0e64e17f2065c99981cac2a0f,
normal_0086,BUSI,normal,,normal (86).png,normal (86)_mask.png,552,469,0,0,0.0,,,98.93151864899107,3235a7f6cabd9f5ae450b5e128327357,
normal_0087,BUSI,normal,,normal (87).png,normal (87)_mask.png,552,467,0,0,0.0,,,57.717961549203984,6d58bc5369178ff414c7f2f6b639e6dc,
normal_0088,BUSI,normal,,normal (88).png,normal (88)_mask.png,560,463,0,0,0.0,,,48.14935976550447,b81b4f6dc2d1ee658fbfcd2fc6ec61a0,
normal_0089,BUSI,normal,,normal (89).png,normal (89)_mask.png,558,467,0,0,0.0,,,88.2762427758974,42c4aba8aa481ff8a3d1ae91f0f3f996,
normal_0090,BUSI,normal,,normal (90).png,normal (90)_mask.png,558,496,0,0,0.0,,,76.30738741473003,a759b1de35cdb73d78c9337414240580,
normal_0091,BUSI,normal,,normal (91).png,normal (91)_mask.png,558,493,0,0,0.0,,,61.804168756861294,d05dc9da684641d45530b9d47dbbeceb,
normal_0092,BUSI,normal,,normal (92).png,normal (92)_mask.png,554,486,0,0,0.0,,,72.05639494287709,cd7a10d9bd44f9736f56b7a2fb62016b,
normal_0093,BUSI,normal,,normal (93).png,normal (93)_mask.png,770,578,0,0,0.0,,,112.12849728126545,1f6faba65aa726fd3b1456555e2fdd51,
normal_0094,BUSI,normal,,normal (94).png,normal (94)_mask.png,678,585,0,0,0.0,,,94.67735420921261,bed9c9c82a53b627129b5b7f52b3217a,
normal_0095,BUSI,normal,,normal (95).png,normal (95)_mask.png,693,582,0,0,0.0,,,126.98200463148916,3acb3b8f306d5d97bf9439c09f92a683,
normal_0096,BUSI,normal,,normal (96).png,normal (96)_mask.png,687,578,0,0,0.0,,,105.73110107130445,d96a525313bdf6683bfcfdba98b18674,
normal_0097,BUSI,normal,,normal (97).png,normal (97)_mask.png,560,470,0,0,0.0,,,77.77983282674772,8156900cf00a380cff4ce03cb3244ede,
normal_0098,BUSI,normal,,normal (98).png,normal (98)_mask.png,562,470,0,0,0.0,,,77.35482319981828,4fd6a1f35925fb6f36877fd0e24b73ff,
normal_0099,BUSI,normal,,normal (99).png,normal (99)_mask.png,556,468,0,0,0.0,,,85.66308491668204,cc5278cdcd17f08864838ee84decf40c,
normal_0100,BUSI,normal,,normal (100).png,normal (100)_mask.png,690,574,0,0,0.0,,,60.309478361864365,f9195e2edd702f898947770e0f882660,
normal_0101,BUSI,normal,,normal (101).png,normal (101)_mask.png,678,572,0,0,0.0,,,65.88992460342018,4753c48a9d076d2e4290d3f4b4c59685,
normal_0102,BUSI,normal,,normal (102).png,normal (102)_mask.png,770,576,0,0,0.0,,,109.64745670995671,0159518c200bf2f4e2e7252153ff7ad5,
normal_0103,BUSI,normal,,normal (103).png,normal (103)_mask.png,772,574,0,0,0.0,,,104.55754544962178,2a2f5044793dc1103019752627a9980b,
normal_0104,BUSI,normal,,normal (104).png,normal (104)_mask.png,550,471,0,0,0.0,,,70.83277359583091,7ff3d0c604724c0a42155b4d6f7aac4b,
normal_0105,BUSI,normal,,normal (105).png,normal (105)_mask.png,562,463,0,0,0.0,,,77.08115877420198,dda88b01858427b67d5a8f477de03e7b,
normal_0106,BUSI,normal,,normal (106).png,normal (106)_mask.png,558,468,0,0,0.0,,,96.91756655331925,3f6be5ad2d51653df05d3cefadc96567,
normal_0107,BUSI,normal,,normal (107).png,normal (107)_mask.png,560,468,0,0,0.0,,,70.59752365689866,ca8c1be5d7c2c18dfd753494df78f475,
normal_0108,BUSI,normal,,normal (108).png,normal (108)_mask.png,770,589,0,0,0.0,,,121.72226534077129,5bc50482ff426a1de85917c0708c7459,
normal_0109,BUSI,normal,,normal (109).png,normal (109)_mask.png,557,475,0,0,0.0,,,70.32,c2a280f1c241cb04afa5cee4554f3bb7,
normal_0110,BUSI,normal,,normal (110).png,normal (110)_mask.png,552,468,0,0,0.0,,,68.90942803171065,dc49bfd0c0447e077b6ecb4f0dbe02b4,
normal_0111,BUSI,normal,,normal (111).png,normal (111)_mask.png,913,663,0,0,0.0,,,87.2301018140848,8c4a5ef60374b0a2d5b40062cf8df1f5,
normal_0112,BUSI,normal,,normal (112).png,normal (112)_mask.png,929,655,0,0,0.0,,,81.56918955784353,df4f5ba0c42231e91a6010237c1f15dd,
normal_0113,BUSI,normal,,normal (113).png,normal (113)_mask.png,948,704,0,0,0.0,,,65.9618485088224,11eb6efc398ffd97c86a71ee466001fa,
normal_0114,BUSI,normal,,normal (114).png,normal (114)_mask.png,916,700,0,0,0.0,,,80.63156581409856,5296b49fb3b29472b449bcba779ced7c,
normal_0115,BUSI,normal,,normal (115).png,normal (115)_mask.png,556,494,0,0,0.0,,,43.80609763201584,bb55b96ab4531391e1b44b16f15b61b6,
normal_0116,BUSI,normal,,normal (116).png,normal (116)_mask.png,785,585,0,0,0.0,,,127.6691208013501,0a45d3449009e991529cbe9f3dfcfeb8,
normal_0117,BUSI,normal,,normal (117).png,normal (117)_mask.png,770,574,0,0,0.0,,,137.0497692203267,67015a273f57dcb5b943d49d05f44b40,
normal_0118,BUSI,normal,,normal (118).png,normal (118)_mask.png,928,695,0,0,0.0,,,58.922032374100716,45439746297ec3b1e6d26fe99f1566f0,
normal_0119,BUSI,normal,,normal (119).png,normal (119)_mask.png,552,486,0,0,0.0,,,75.8990502176895,f271a0b566252fcaaf516ce4a8a5e61b,
normal_0120,BUSI,normal,,normal (120).png,normal (120)_mask.png,772,578,0,0,0.0,,,103.33059549635155,60a2bb77e563bbec904a098dfc1bf0bf,
normal_0121,BUSI,normal,,normal (121).png,normal (121)_mask.png,550,465,0,0,0.0,,,89.93912414467253,9d8fce24ce545d731c23ec1e133bb39c,
normal_0122,BUSI,normal,,normal (122).png,normal (122)_mask.png,766,578,0,0,0.0,,,102.43495848654314,cd266f30764a2922433e3f822485441e,
normal_0123,BUSI,normal,,normal (123).png,normal (123)_mask.png,685,558,0,0,0.0,,,45.78958480496036,c0f565d1202c84da26a2955f98388509,
normal_0124,BUSI,normal,,normal (124).png,normal (124)_mask.png,811,712,0,0,0.0,,,57.560107510494745,a9e9ef86eeb8a10836215de503d3e75f,
normal_0125,BUSI,normal,,normal (125).png,normal (125)_mask.png,558,471,0,0,0.0,,,91.6361893021026,c94382ea9895711a77dbb853526e5459,
normal_0126,BUSI,normal,,normal (126).png,normal (126)_mask.png,765,601,0,0,0.0,,,66.58452035278893,de743ad093f30038927d0f5a2a52427b,
normal_0127,BUSI,normal,,normal (127).png,normal (127)_mask.png,555,467,0,0,0.0,,,104.30976715473504,3934ab19bfc27f77c0eed10fa829ccc9,
normal_0128,BUSI,normal,,normal (128).png,normal (128)_mask.png,622,596,0,0,0.0,,,76.17186387276377,aff09e6cb6940d589ffddd5288e8b95f,
normal_0129,BUSI,normal,,normal (129).png,normal (129)_mask.png,617,684,0,0,0.0,,,61.7777540826675,3580b1706d91774598dc0f79aad7df70,
normal_0130,BUSI,normal,,normal (130).png,normal (130)_mask.png,739,477,0,0,0.0,,,70.87512163017053,890c78d996d8e976abc62e0edd560423,
normal_0131,BUSI,normal,,normal (131).png,normal (131)_mask.png,669,574,0,0,0.0,,,61.823117347124786,7d2c833976b1e74f99a0fea219fd2ff5,
normal_0132,BUSI,normal,,normal (132).png,normal (132)_mask.png,857,700,0,0,0.0,,,87.61977829638273,eadc18a1071214771d63e9b428960da3,
normal_0133,BUSI,normal,,normal (133).png,normal (133)_mask.png,560,471,0,0,0.0,,,82.19858204428269,1bfb05bd3d81172a5e31f4d55e4231f4,
